t,T_true,T_meas,T_out,setpoint,heater,error,T_pred,lower,upper
0.0,19.0,19.30546103778492,5.0,21.0,1,1.6945389622150806,19.30546103778492,20.5,21.5
1.0,19.0022,19.067668759270955,5.00174532903047,21.0,1,1.9323312407290452,19.067668759270955,20.5,21.5
2.0,19.004399909065803,19.10221954277431,5.003490656731796,21.0,1,1.8977804572256893,19.10221954277431,20.5,21.5
3.0,19.006599727215338,19.073581792838105,5.005235981774836,21.0,1,1.9264182071618947,19.073581792838105,20.5,21.5
4.0,19.00879945446625,19.057055280660837,5.0069813028304475,21.0,1,1.9429447193391631,19.057055280660837,20.5,21.5
5.0,19.010999090835924,19.034760630758388,5.008726618569493,21.0,1,1.965239369241612,19.034760630758388,20.5,21.5
6.0,19.01319863634147,19.12682293534479,5.010471927662839,21.0,1,1.8731770646552093,19.12682293534479,20.5,21.5
7.0,19.015398090999735,19.153592565415863,5.012217228781357,21.0,1,1.8464074345841368,19.153592565415863,20.5,21.5
8.0,19.017597454827293,19.17416230192218,5.013962520595923,21.0,1,1.8258376980778195,19.17416230192218,20.5,21.5
9.0,19.019796727840447,19.202860063689116,5.015707801777423,21.0,1,1.7971399363108844,19.202860063689116,20.5,21.5
10.0,19.021995910055235,19.145387506192726,5.017453070996748,21.0,1,1.8546124938072737,19.145387506192726,20.5,21.5
11.0,19.024195001487424,19.12018219936451,5.0191983269248,21.0,1,1.8798178006354895,19.12018219936451,20.5,21.5
12.0,19.02639400215251,19.105112310752656,5.020943568232491,21.0,1,1.8948876892473443,19.105112310752656,20.5,21.5
13.0,19.028592912065726,19.14167059028698,5.022688793590745,21.0,1,1.8583294097130185,19.14167059028698,20.5,21.5
14.0,19.03079173124203,19.18519786814186,5.024434001670494,21.0,1,1.8148021318581407,19.18519786814186,20.5,21.5
15.0,19.032990459696116,19.256663332951366,5.026179191142689,21.0,1,1.7433366670486343,19.256663332951366,20.5,21.5
16.0,19.035189097442405,19.236135200417174,5.02792436067829,21.0,1,1.7638647995828265,19.236135200417174,20.5,21.5
17.0,19.037387644495052,19.16951913745357,5.029669508948277,21.0,1,1.8304808625464304,19.16951913745357,20.5,21.5
18.0,19.039586100867943,19.14847761774162,5.0314146346236415,21.0,1,1.8515223822583806,19.14847761774162,20.5,21.5
19.0,19.041784466574693,19.158852436266482,5.033159736375395,21.0,1,1.841147563733518,19.158852436266482,20.5,21.5
20.0,19.043982741628653,19.187538543438286,5.034904812874567,21.0,1,1.8124614565617136,19.187538543438286,20.5,21.5
21.0,19.046180926042904,19.345648853326292,5.036649862792205,21.0,1,1.654351146673708,19.345648853326292,20.5,21.5
22.0,19.048379019830254,19.414139706361187,5.038394884799379,21.0,1,1.585860293638813,19.414139706361187,20.5,21.5
23.0,19.050577023003246,19.354673107571152,5.040139877567178,21.0,1,1.645326892428848,19.354673107571152,20.5,21.5
24.0,19.05277493557416,19.285291365908552,5.0418848397667135,21.0,1,1.7147086340914477,19.285291365908552,20.5,21.5
25.0,19.054972757555,19.32788295859969,5.043629770069122,21.0,1,1.672117041400309,19.32788295859969,20.5,21.5
26.0,19.057170488957503,19.09180248463,5.045374667145563,21.0,1,1.9081975153699986,19.09180248463,20.5,21.5
27.0,19.05936812979314,19.12455715511585,5.047119529667221,21.0,1,1.8754428448841516,19.12455715511585,20.5,21.5
28.0,19.061565680073112,19.238859868016057,5.048864356305306,21.0,1,1.761140131983943,19.238859868016057,20.5,21.5
29.0,19.06376313980836,19.24519190090772,5.050609145731059,21.0,1,1.7548080990922799,19.24519190090772,20.5,21.5
30.0,19.065960509009543,19.17084738972113,5.052353896615746,21.0,1,1.8291526102788715,19.17084738972113,20.5,21.5
31.0,19.068157787687063,19.243073763436787,5.054098607630664,21.0,1,1.7569262365632135,19.243073763436787,20.5,21.5
32.0,19.070354975851053,19.23627454068616,5.055843277447138,21.0,1,1.7637254593138394,19.23627454068616,20.5,21.5
33.0,19.07255207351137,19.183243750603825,5.057587904736527,21.0,1,1.8167562493961746,19.183243750603825,20.5,21.5
34.0,19.074749080677616,19.21461460938424,5.059332488170221,21.0,1,1.7853853906157617,19.21461460938424,20.5,21.5
35.0,19.076945997359115,19.190648322704664,5.061077026419645,21.0,1,1.8093516772953357,19.190648322704664,20.5,21.5
36.0,19.079142823564926,19.278307460072657,5.062821518156257,21.0,1,1.7216925399273428,19.278307460072657,20.5,21.5
37.0,19.081339559303842,19.293624187833963,5.064565962051549,21.0,1,1.706375812166037,19.293624187833963,20.5,21.5
38.0,19.08353620458439,19.347309587854774,5.066310356777053,21.0,1,1.6526904121452262,19.347309587854774,20.5,21.5
39.0,19.085732759414828,19.400898177908083,5.068054701004335,21.0,1,1.5991018220919173,19.400898177908083,20.5,21.5
40.0,19.087929223803147,19.37040665587339,5.069798993405002,21.0,1,1.6295933441266115,19.37040665587339,20.5,21.5
41.0,19.09012559775707,19.305463576394715,5.071543232650699,21.0,1,1.6945364236052853,19.305463576394715,20.5,21.5
42.0,19.092321881284047,19.26304241748362,5.073287417413113,21.0,1,1.7369575825163786,19.26304241748362,20.5,21.5
43.0,19.09451807439127,19.217208165095997,5.075031546363969,21.0,1,1.7827918349040033,19.217208165095997,20.5,21.5
44.0,19.096714177085666,19.220390148219373,5.07677561817504,21.0,1,1.7796098517806271,19.220390148219373,20.5,21.5
45.0,19.098910189373882,19.287449154386735,5.078519631518137,21.0,1,1.712550845613265,19.287449154386735,20.5,21.5
46.0,19.10110611126231,19.350956632910048,5.080263585065119,21.0,1,1.649043367089952,19.350956632910048,20.5,21.5
47.0,19.10330194275707,19.33257781174868,5.08200747748789,21.0,1,1.6674221882513187,19.33257781174868,20.5,21.5
48.0,19.105497683864016,19.31271980185168,5.0837513074583995,21.0,1,1.6872801981483185,19.31271980185168,20.5,21.5
49.0,19.107693334588735,19.253817422530958,5.085495073648644,21.0,1,1.7461825774690425,19.253817422530958,20.5,21.5
50.0,19.109888894936546,19.272480539161066,5.087238774730672,21.0,1,1.7275194608389342,19.272480539161066,20.5,21.5
51.0,19.112084364912505,19.312804200589564,5.088982409376578,21.0,1,1.6871957994104356,19.312804200589564,20.5,21.5
52.0,19.114279744521397,19.379746416413674,5.090725976258508,21.0,1,1.6202535835863259,19.379746416413674,20.5,21.5
53.0,19.116475033767745,19.366634259707013,5.09246947404866,21.0,1,1.6333657402929873,19.366634259707013,20.5,21.5
54.0,19.118670232655802,19.460894700543186,5.094212901419286,21.0,1,1.5391052994568142,19.460894700543186,20.5,21.5
55.0,19.120865341189553,19.41886213102409,5.095956257042688,21.0,1,1.5811378689759117,19.41886213102409,20.5,21.5
56.0,19.123060359372722,19.251603250916638,5.097699539591226,21.0,1,1.748396749083362,19.251603250916638,20.5,21.5
57.0,19.125255287208766,19.242849045295998,5.099442747737315,21.0,1,1.7571509547040023,19.242849045295998,20.5,21.5
58.0,19.12745012470087,19.273947451566496,5.101185880153427,21.0,1,1.726052548433504,19.273947451566496,20.5,21.5
59.0,19.129644871851962,19.160651428699282,5.102928935512088,21.0,1,1.839348571300718,19.160651428699282,20.5,21.5
60.0,19.131839528664695,19.230274221204798,5.1046719124858875,21.0,1,1.7697257787952019,19.230274221204798,20.5,21.5
61.0,19.13403409514146,19.419816585435285,5.106414809747473,21.0,1,1.580183414564715,19.419816585435285,20.5,21.5
62.0,19.13622857128438,19.410675326492253,5.10815762596955,21.0,1,1.5893246735077469,19.410675326492253,20.5,21.5
63.0,19.13842295709532,19.435868706029897,5.109900359824891,21.0,1,1.564131293970103,19.435868706029897,20.5,21.5
64.0,19.140617252575865,19.569674908879716,5.111643009986327,21.0,1,1.4303250911202845,19.569674908879716,20.5,21.5
65.0,19.142811457727348,19.549799274515514,5.113385575126755,21.0,1,1.4502007254844855,19.549799274515514,20.5,21.5
66.0,19.14500557255083,19.430222000949282,5.115128053919134,21.0,1,1.569777999050718,19.430222000949282,20.5,21.5
67.0,19.147199597047102,19.416171448378442,5.116870445036493,21.0,1,1.5838285516215578,19.416171448378442,20.5,21.5
68.0,19.1493935312167,19.390884940528395,5.118612747151923,21.0,1,1.6091150594716055,19.390884940528395,20.5,21.5
69.0,19.151587375059886,19.343594465355274,5.120354958938587,21.0,1,1.6564055346447262,19.343594465355274,20.5,21.5
70.0,19.15378112857666,19.345847048406945,5.122097079069714,21.0,1,1.6541529515930549,19.345847048406945,20.5,21.5
71.0,19.15597479176676,19.391435725496066,5.123839106218604,21.0,1,1.6085642745039337,19.391435725496066,20.5,21.5
72.0,19.15816836462965,19.474023936527946,5.125581039058627,21.0,1,1.5259760634720543,19.474023936527946,20.5,21.5
73.0,19.160361847164534,19.506196668669894,5.127322876263226,21.0,1,1.4938033313301062,19.506196668669894,20.5,21.5
74.0,19.162555239370352,19.54977123772134,5.129064616505916,21.0,1,1.450228762278659,19.54977123772134,20.5,21.5
75.0,19.16474854124578,19.502993440573864,5.130806258460286,21.0,1,1.4970065594261364,19.502993440573864,20.5,21.5
76.0,19.16694175278922,19.481901260410275,5.1325478008,21.0,1,1.5180987395897247,19.481901260410275,20.5,21.5
77.0,19.16913487399882,19.52490992504422,5.134289242198798,21.0,1,1.47509007495578,19.52490992504422,20.5,21.5
78.0,19.171327904872463,19.61954384855445,5.1360305813304965,21.0,1,1.38045615144555,19.61954384855445,20.5,21.5
79.0,19.173520845407754,19.477854229907187,5.137771816868989,21.0,1,1.5221457700928127,19.477854229907187,20.5,21.5
80.0,19.175713695602045,19.564988700800996,5.13951294748825,21.0,1,1.4350112991990045,19.564988700800996,20.5,21.5
81.0,19.177906455452423,19.566880917719466,5.141253971862334,21.0,1,1.433119082280534,19.566880917719466,20.5,21.5
82.0,19.180099124955703,19.50573436426494,5.142994888665372,21.0,1,1.4942656357350614,19.50573436426494,20.5,21.5
83.0,19.182291704108444,19.44225176107505,5.1447356965715825,21.0,1,1.557748238924951,19.44225176107505,20.5,21.5
84.0,19.184484192906936,19.46208429105414,5.146476394255263,21.0,1,1.5379157089458602,19.46208429105414,20.5,21.5
85.0,19.186676591347204,19.47793306989084,5.1482169803907984,21.0,1,1.5220669301091583,19.47793306989084,20.5,21.5
86.0,19.188868899425014,19.46698521215057,5.149957453652656,21.0,1,1.5330147878494316,19.46698521215057,20.5,21.5
87.0,19.19106111713586,19.31954244644931,5.151697812715388,21.0,1,1.6804575535506885,19.31954244644931,20.5,21.5
88.0,19.193253244474974,19.195221310147375,5.153438056253638,21.0,1,1.8047786898526255,19.195221310147375,20.5,21.5
89.0,19.19544528143733,19.275876065622676,5.155178182942132,21.0,1,1.7241239343773245,19.275876065622676,20.5,21.5
90.0,19.19763722801763,19.176448044003447,5.15691819145569,21.0,1,1.8235519559965532,19.176448044003447,20.5,21.5
91.0,19.199829084210318,19.216213505289154,5.158658080469219,21.0,1,1.7837864947108457,19.216213505289154,20.5,21.5
92.0,19.20202085000957,19.225627449361518,5.160397848657718,21.0,1,1.774372550638482,19.225627449361518,20.5,21.5
93.0,19.2042125254093,19.3722404228831,5.162137494696277,21.0,1,1.6277595771169011,19.3722404228831,20.5,21.5
94.0,19.206404110403156,19.354904997913156,5.163877017260082,21.0,1,1.645095002086844,19.354904997913156,20.5,21.5
95.0,19.208595604984527,19.32661672072856,5.165616415024409,21.0,1,1.673383279271441,19.32661672072856,20.5,21.5
96.0,19.210787009146536,19.323105949570525,5.167355686664631,21.0,1,1.6768940504294747,19.323105949570525,20.5,21.5
97.0,19.21297832288204,19.40128179937617,5.169094830856218,21.0,1,1.5987182006238285,19.40128179937617,20.5,21.5
98.0,19.215169546183635,19.346031929866264,5.170833846274735,21.0,1,1.653968070133736,19.346031929866264,20.5,21.5
99.0,19.217360679043654,19.36495318451379,5.172572731595847,21.0,1,1.6350468154862092,19.36495318451379,20.5,21.5
100.0,19.219551721454163,19.353264695795357,5.174311485495316,21.0,1,1.6467353042046433,19.353264695795357,20.5,21.5
101.0,19.221742673406972,19.35811063694353,5.176050106649007,21.0,1,1.641889363056471,19.35811063694353,20.5,21.5
102.0,19.22393353489362,19.288748369146518,5.177788593732883,21.0,1,1.7112516308534822,19.288748369146518,20.5,21.5
103.0,19.22612430590539,19.32704878530634,5.179526945423011,21.0,1,1.6729512146936614,19.32704878530634,20.5,21.5
104.0,19.228314986433293,19.283170770943258,5.181265160395561,21.0,1,1.7168292290567422,19.283170770943258,20.5,21.5
105.0,19.230505576468087,19.363187421286437,5.183003237326805,21.0,1,1.6368125787135632,19.363187421286437,20.5,21.5
106.0,19.23269607600026,19.403024033628242,5.184741174893123,21.0,1,1.5969759663717582,19.403024033628242,20.5,21.5
107.0,19.234886485020038,19.47598748463111,5.186478971771001,21.0,1,1.5240125153688915,19.47598748463111,20.5,21.5
108.0,19.23707680351739,19.468146595373735,5.188216626637028,21.0,1,1.5318534046262648,19.468146595373735,20.5,21.5
109.0,19.239267031482015,19.443482037108705,5.189954138167908,21.0,1,1.556517962891295,19.443482037108705,20.5,21.5
110.0,19.241457168903352,19.49242567683833,5.191691505040448,21.0,1,1.5075743231616698,19.49242567683833,20.5,21.5
111.0,19.24364721577058,19.40554777728265,5.193428725931568,21.0,1,1.5944522227173508,19.40554777728265,20.5,21.5
112.0,19.245837172072612,19.382740876758994,5.195165799518299,21.0,1,1.6172591232410056,19.382740876758994,20.5,21.5
113.0,19.248027037798103,19.34246506171643,5.196902724477783,21.0,1,1.6575349382835682,19.34246506171643,20.5,21.5
114.0,19.250216812935438,19.302271121725315,5.198639499487278,21.0,1,1.6977288782746847,19.302271121725315,20.5,21.5
115.0,19.252406497472748,19.192378513519735,5.200376123224153,21.0,1,1.807621486480265,19.192378513519735,20.5,21.5
116.0,19.254596091397897,19.15920764099875,5.202112594365893,21.0,1,1.8407923590012487,19.15920764099875,20.5,21.5
117.0,19.25678559469849,19.279013556834588,5.2038489115901,21.0,1,1.7209864431654118,19.279013556834588,20.5,21.5
118.0,19.258975007361865,19.247706502576747,5.205585073574493,21.0,1,1.7522934974232527,19.247706502576747,20.5,21.5
119.0,19.26116432937511,19.286567465425804,5.207321078996911,21.0,1,1.7134325345741956,19.286567465425804,20.5,21.5
120.0,19.263353560725033,19.330866964341215,5.209056926535307,21.0,1,1.6691330356587848,19.330866964341215,20.5,21.5
121.0,19.265542701398196,19.48648151240571,5.21079261486776,21.0,1,1.5135184875942898,19.48648151240571,20.5,21.5
122.0,19.26773175138089,19.407254676558132,5.212528142672467,21.0,1,1.5927453234418678,19.407254676558132,20.5,21.5
123.0,19.269920710659147,19.507709456434316,5.214263508627747,21.0,1,1.4922905435656837,19.507709456434316,20.5,21.5
124.0,19.27210957921874,19.600826569015066,5.215998711412046,21.0,1,1.3991734309849342,19.600826569015066,20.5,21.5
125.0,19.27429835704518,19.565311138083445,5.217733749703929,21.0,1,1.4346888619165554,19.565311138083445,20.5,21.5
126.0,19.276487044123712,19.433161037279795,5.219468622182091,21.0,1,1.5668389627202046,19.433161037279795,20.5,21.5
127.0,19.278675640439324,19.473257673676507,5.221203327525349,21.0,1,1.5267423263234932,19.473257673676507,20.5,21.5
128.0,19.280864145976743,19.30675235837766,5.222937864412651,21.0,1,1.6932476416223388,19.30675235837766,20.5,21.5
129.0,19.28305256072043,19.323788323009484,5.224672231523071,21.0,1,1.6762116769905155,19.323788323009484,20.5,21.5
130.0,19.28524088465459,19.368909289885334,5.226406427535814,21.0,1,1.631090710114666,19.368909289885334,20.5,21.5
131.0,19.287429117763168,19.425852694555612,5.228140451130212,21.0,1,1.574147305444388,19.425852694555612,20.5,21.5
132.0,19.28961726002984,19.475105774137322,5.229874300985733,21.0,1,1.5248942258626776,19.475105774137322,20.5,21.5
133.0,19.29180531143803,19.555592960203562,5.231607975781974,21.0,1,1.4444070397964381,19.555592960203562,20.5,21.5
134.0,19.293993271970898,19.50195699602221,5.233341474198666,21.0,1,1.4980430039777914,19.50195699602221,20.5,21.5
135.0,19.296181141611342,19.569381406443867,5.2350747949156755,21.0,1,1.430618593556133,19.569381406443867,20.5,21.5
136.0,19.298368920342003,19.6049916248623,5.236807936613002,21.0,1,1.3950083751376994,19.6049916248623,20.5,21.5
137.0,19.300556608145257,19.405295588160648,5.2385408979707835,21.0,1,1.594704411839352,19.405295588160648,20.5,21.5
138.0,19.302744205003222,19.26102490389885,5.240273677669294,21.0,1,1.73897509610115,19.26102490389885,20.5,21.5
139.0,19.304931710897755,19.291229588289287,5.242006274388947,21.0,1,1.708770411710713,19.291229588289287,20.5,21.5
140.0,19.307119125810452,19.22790288400973,5.243738686810295,21.0,1,1.7720971159902703,19.22790288400973,20.5,21.5
141.0,19.30930644972265,19.208461352161656,5.24547091361403,21.0,1,1.791538647838344,19.208461352161656,20.5,21.5
142.0,19.31149368261543,19.327026813784997,5.247202953480985,21.0,1,1.6729731862150032,19.327026813784997,20.5,21.5
143.0,19.313680824469603,19.551121080129462,5.248934805092138,21.0,1,1.4488789198705376,19.551121080129462,20.5,21.5
144.0,19.315867875265727,19.565505437934505,5.2506664671286085,21.0,1,1.4344945620654954,19.565505437934505,20.5,21.5
145.0,19.3180548349841,19.55409848827272,5.25239793827166,21.0,1,1.4459015117272784,19.55409848827272,20.5,21.5
146.0,19.320241703604758,19.528105112052003,5.254129217202701,21.0,1,1.4718948879479967,19.528105112052003,20.5,21.5
147.0,19.322428481107476,19.543053378904546,5.255860302603288,21.0,1,1.4569466210954545,19.543053378904546,20.5,21.5
148.0,19.324615167471777,19.507873999944774,5.257591193155125,21.0,1,1.4921260000552259,19.507873999944774,20.5,21.5
149.0,19.32680176267691,19.528769031641577,5.259321887540064,21.0,1,1.471230968358423,19.528769031641577,20.5,21.5
150.0,19.328988266701884,19.582068663702472,5.261052384440103,21.0,1,1.4179313362975279,19.582068663702472,20.5,21.5
151.0,19.331174679525432,19.5884895177469,5.262782682537396,21.0,1,1.4115104822530995,19.5884895177469,20.5,21.5
152.0,19.333361001126036,19.632958475341553,5.264512780514245,21.0,1,1.3670415246584469,19.632958475341553,20.5,21.5
153.0,19.335547231481915,19.60198724795755,5.266242677053104,21.0,1,1.398012752042451,19.60198724795755,20.5,21.5
154.0,19.33773337057103,19.522678565168977,5.267972370836584,21.0,1,1.4773214348310226,19.522678565168977,20.5,21.5
155.0,19.339919418371082,19.402645565138805,5.269701860547446,21.0,1,1.5973544348611952,19.402645565138805,20.5,21.5
156.0,19.342105374859518,19.398617265616977,5.271431144868608,21.0,1,1.601382734383023,19.398617265616977,20.5,21.5
157.0,19.34429124001352,19.327926308699617,5.273160222483147,21.0,1,1.6720736913003833,19.327926308699617,20.5,21.5
158.0,19.346477013810013,19.44337706151996,5.274889092074293,21.0,1,1.5566229384800394,19.44337706151996,20.5,21.5
159.0,19.348662696225666,19.423290524720425,5.276617752325438,21.0,1,1.576709475279575,19.423290524720425,20.5,21.5
160.0,19.350848287236886,19.509646809391022,5.278346201920131,21.0,1,1.4903531906089782,19.509646809391022,20.5,21.5
161.0,19.35303378681982,19.56178988778795,5.280074439542083,21.0,1,1.438210112212051,19.56178988778795,20.5,21.5
162.0,19.355219194950365,19.55504498362428,5.281802463875166,21.0,1,1.4449550163757188,19.55504498362428,20.5,21.5
163.0,19.35740451160415,19.458007730128216,5.283530273603413,21.0,1,1.541992269871784,19.458007730128216,20.5,21.5
164.0,19.35958973675655,19.547604623014102,5.2852578674110235,21.0,1,1.4523953769858977,19.547604623014102,20.5,21.5
165.0,19.361774870382682,19.57604427280757,5.286985243982358,21.0,1,1.4239557271924284,19.57604427280757,20.5,21.5
166.0,19.363959912457403,19.440350770482485,5.288712402001947,21.0,1,1.5596492295175146,19.440350770482485,20.5,21.5
167.0,19.366144862955313,19.44329530969777,5.290439340154481,21.0,1,1.5567046903022295,19.44329530969777,20.5,21.5
168.0,19.368329721850753,19.534498930502465,5.292166057124823,21.0,1,1.4655010694975346,19.534498930502465,20.5,21.5
169.0,19.370514489117806,19.559574626453532,5.293892551598003,21.0,1,1.4404253735464678,19.559574626453532,20.5,21.5
170.0,19.372699164730303,19.515236446016132,5.295618822259221,21.0,1,1.4847635539838677,19.515236446016132,20.5,21.5
171.0,19.37488374866181,19.684095612013586,5.297344867793846,21.0,1,1.3159043879864143,19.684095612013586,20.5,21.5
172.0,19.377068240885635,19.757667522915632,5.299070686887419,21.0,1,1.2423324770843678,19.757667522915632,20.5,21.5
173.0,19.379252641374833,19.658865642269795,5.300796278225654,21.0,1,1.3411343577302048,19.658865642269795,20.5,21.5
174.0,19.381436950102202,19.600719727842566,5.302521640494438,21.0,1,1.3992802721574336,19.600719727842566,20.5,21.5
175.0,19.383621167040282,19.561473762194176,5.304246772379833,21.0,1,1.4385262378058243,19.561473762194176,20.5,21.5
176.0,19.38580529216135,19.443042018400373,5.305971672568076,21.0,1,1.556957981599627,19.443042018400373,20.5,21.5
177.0,19.38798932543743,19.38848610609492,5.30769633974558,21.0,1,1.6115138939050802,19.38848610609492,20.5,21.5
178.0,19.390173266840293,19.47893066151091,5.309420772598936,21.0,1,1.5210693384890916,19.47893066151091,20.5,21.5
179.0,19.392357116341444,19.507205702374687,5.311144969814913,21.0,1,1.4927942976253128,19.507205702374687,20.5,21.5
180.0,19.39454087391214,19.585365569361322,5.3128689300804615,21.0,1,1.414634430638678,19.585365569361322,20.5,21.5
181.0,19.396724539523372,19.598706099164847,5.314592652082709,21.0,1,1.401293900835153,19.598706099164847,20.5,21.5
182.0,19.398908113145886,19.577791869042123,5.316316134508967,21.0,1,1.422208130957877,19.577791869042123,20.5,21.5
183.0,19.40109159475016,19.587768913334486,5.318039376046729,21.0,1,1.4122310866655141,19.587768913334486,20.5,21.5
184.0,19.403274984306417,19.561947572755898,5.31976237538367,21.0,1,1.4380524272441022,19.561947572755898,20.5,21.5
185.0,19.405458281784632,19.548565019370578,5.321485131207652,21.0,1,1.451434980629422,19.548565019370578,20.5,21.5
186.0,19.407641487154518,19.56045666773837,5.3232076422067225,21.0,1,1.4395433322616284,19.56045666773837,20.5,21.5
187.0,19.409824600385527,19.50842483500286,5.324929907069113,21.0,1,1.4915751649971405,19.50842483500286,20.5,21.5
188.0,19.412007621446865,19.48901957322054,5.326651924483245,21.0,1,1.5109804267794615,19.48901957322054,20.5,21.5
189.0,19.41419055030747,19.51364806254375,5.328373693137726,21.0,1,1.4863519374562486,19.51364806254375,20.5,21.5
190.0,19.416373386936037,19.44287598300921,5.330095211721355,21.0,1,1.557124016990791,19.44287598300921,20.5,21.5
191.0,19.418556131300996,19.48157676993909,5.3318164789231215,21.0,1,1.518423230060911,19.48157676993909,20.5,21.5
192.0,19.42073878337052,19.607890422502248,5.333537493432204,21.0,1,1.3921095774977523,19.607890422502248,20.5,21.5
193.0,19.422921343112534,19.599723587007656,5.335258253937977,21.0,1,1.4002764129923442,19.599723587007656,20.5,21.5
194.0,19.4251038104947,19.569499685411824,5.336978759130005,21.0,1,1.4305003145881763,19.569499685411824,20.5,21.5
195.0,19.427286185484427,19.662129392838796,5.338699007698049,21.0,1,1.3378706071612037,19.662129392838796,20.5,21.5
196.0,19.42946846804887,19.607494299032886,5.340418998332065,21.0,1,1.3925057009671136,19.607494299032886,20.5,21.5
197.0,19.43165065815493,19.53401118648967,5.342138729722205,21.0,1,1.4659888135103287,19.53401118648967,20.5,21.5
198.0,19.43383275576924,19.590308859202707,5.343858200558819,21.0,1,1.4096911407972925,19.590308859202707,20.5,21.5
199.0,19.4360147608582,19.651981113543933,5.3455774095324555,21.0,1,1.3480188864560674,19.651981113543933,20.5,21.5
200.0,19.438196673387935,19.675733320486522,5.347296355333861,21.0,1,1.324266679513478,19.675733320486522,20.5,21.5
201.0,19.440378493324324,19.641096678077666,5.349015036653984,21.0,1,1.3589033219223339,19.641096678077666,20.5,21.5
202.0,19.44256022063299,19.786380010710083,5.350733452183974,21.0,1,1.213619989289917,19.786380010710083,20.5,21.5
203.0,19.4447418552793,19.739019505571765,5.352451600615184,21.0,1,1.2609804944282352,19.739019505571765,20.5,21.5
204.0,19.446923397228367,19.795134888805155,5.354169480639166,21.0,1,1.2048651111948452,19.795134888805155,20.5,21.5
205.0,19.44910484644505,19.81055017062533,5.355887090947683,21.0,1,1.18944982937467,19.81055017062533,20.5,21.5
206.0,19.45128620289395,19.927070739450507,5.3576044302326995,21.0,1,1.0729292605494933,19.927070739450507,20.5,21.5
207.0,19.45346746653942,19.880687871713626,5.359321497186385,21.0,1,1.1193121282863743,19.880687871713626,20.5,21.5
208.0,19.455648637345547,19.817748590761973,5.36103829050112,21.0,1,1.1822514092380274,19.817748590761973,20.5,21.5
209.0,19.45782971527618,19.6637550342598,5.362754808869491,21.0,1,1.3362449657401996,19.6637550342598,20.5,21.5
210.0,19.460010700294898,19.61998424451941,5.364471050984295,21.0,1,1.3800157554805885,19.61998424451941,20.5,21.5
211.0,19.462191592365038,19.6219813815585,5.3661870155385385,21.0,1,1.3780186184415015,19.6219813815585,20.5,21.5
212.0,19.464372391449672,19.538996869038264,5.36790270122544,21.0,1,1.4610031309617355,19.538996869038264,20.5,21.5
213.0,19.46655309751163,19.54790948066806,5.3696181067384305,21.0,1,1.4520905193319393,19.54790948066806,20.5,21.5
214.0,19.468733710513472,19.68276917711662,5.371333230771154,21.0,1,1.3172308228833813,19.68276917711662,20.5,21.5
215.0,19.470914230417524,19.704483031210962,5.373048072017469,21.0,1,1.2955169687890375,19.704483031210962,20.5,21.5
216.0,19.473094657185843,19.590960816692185,5.37476262917145,21.0,1,1.409039183307815,19.590960816692185,20.5,21.5
217.0,19.47527499078024,19.609163421199334,5.3764769009273845,21.0,1,1.3908365788006662,19.609163421199334,20.5,21.5
218.0,19.477455231162267,19.626073359046046,5.378190885979783,21.0,1,1.373926640953954,19.626073359046046,20.5,21.5
219.0,19.47963537829323,19.530145561134255,5.379904583023369,21.0,1,1.4698544388657453,19.530145561134255,20.5,21.5
220.0,19.481815432134177,19.592061393873742,5.38161799075309,21.0,1,1.4079386061262582,19.592061393873742,20.5,21.5
221.0,19.4839953926459,19.6680276428699,5.383331107864109,21.0,1,1.3319723571300983,19.6680276428699,20.5,21.5
222.0,19.486175259788947,19.71737416864209,5.385043933051815,21.0,1,1.2826258313579117,19.71737416864209,20.5,21.5
223.0,19.4883550335236,19.75274664066371,5.386756465011816,21.0,1,1.2472533593362911,19.75274664066371,20.5,21.5
224.0,19.490534713809897,19.780017370354113,5.388468702439944,21.0,1,1.2199826296458873,19.780017370354113,20.5,21.5
225.0,19.492714300607624,19.702620424085335,5.390180644032257,21.0,1,1.2973795759146647,19.702620424085335,20.5,21.5
226.0,19.494893793876308,19.77915582669352,5.391892288485035,21.0,1,1.2208441733064817,19.77915582669352,20.5,21.5
227.0,19.49707319357523,19.81099395759696,5.393603634494789,21.0,1,1.1890060424030402,19.81099395759696,20.5,21.5
228.0,19.499252499663413,19.81935515631049,5.395314680758252,21.0,1,1.1806448436895103,19.81935515631049,20.5,21.5
229.0,19.50143171209963,19.74465433956733,5.39702542597239,21.0,1,1.2553456604326705,19.74465433956733,20.5,21.5
230.0,19.503610830842405,19.815772509710623,5.398735868834394,21.0,1,1.184227490289377,19.815772509710623,20.5,21.5
231.0,19.505789855850004,19.726840119502537,5.40044600804169,21.0,1,1.273159880497463,19.726840119502537,20.5,21.5
232.0,19.507968787080443,19.704574373383593,5.402155842291929,21.0,1,1.2954256266164066,19.704574373383593,20.5,21.5
233.0,19.510147624491484,19.783841535045532,5.403865370283001,21.0,1,1.2161584649544679,19.783841535045532,20.5,21.5
234.0,19.512326368040643,19.894233123898736,5.405574590713025,21.0,1,1.1057668761012636,19.894233123898736,20.5,21.5
235.0,19.514505017685178,19.73779463766249,5.407283502280355,21.0,1,1.262205362337511,19.73779463766249,20.5,21.5
236.0,19.516683573382096,19.75942636731434,5.40899210368358,21.0,1,1.2405736326856598,19.75942636731434,20.5,21.5
237.0,19.518862035088155,19.670411183993547,5.410700393621528,21.0,1,1.3295888160064528,19.670411183993547,20.5,21.5
238.0,19.521040402759862,19.614774522267325,5.412408370793259,21.0,1,1.385225477732675,19.614774522267325,20.5,21.5
239.0,19.52321867635347,19.52355350912754,5.414116033898076,21.0,1,1.4764464908724584,19.52355350912754,20.5,21.5
240.0,19.52539685582498,19.613809404722907,5.415823381635518,21.0,1,1.3861905952770925,19.613809404722907,20.5,21.5
241.0,19.52757494113014,19.572174657749734,5.417530412705367,21.0,1,1.4278253422502658,19.572174657749734,20.5,21.5
242.0,19.529752932224454,19.625648062991274,5.419237125807643,21.0,1,1.3743519370087256,19.625648062991274,20.5,21.5
243.0,19.53193082906317,19.582953691458275,5.420943519642611,21.0,1,1.4170463085417246,19.582953691458275,20.5,21.5
244.0,19.53410863160129,19.621897692369615,5.422649592910777,21.0,1,1.3781023076303853,19.621897692369615,20.5,21.5
245.0,19.536286339793552,19.66828535387545,5.424355344312892,21.0,1,1.3317146461245493,19.66828535387545,20.5,21.5
246.0,19.538463953594455,19.790011271081397,5.4260607725499534,21.0,1,1.2099887289186029,19.790011271081397,20.5,21.5
247.0,19.540641472958246,19.779804121620565,5.4277658763232015,21.0,1,1.2201958783794353,19.779804121620565,20.5,21.5
248.0,19.54281889783892,19.784078925927737,5.429470654334127,21.0,1,1.2159210740722628,19.784078925927737,20.5,21.5
249.0,19.544996228190218,19.78922969074051,5.431175105284466,21.0,1,1.210770309259491,19.78922969074051,20.5,21.5
250.0,19.54717346396564,19.74940781357953,5.432879227876206,21.0,1,1.2505921864204694,19.74940781357953,20.5,21.5
251.0,19.54935060511842,19.641466047191706,5.434583020811583,21.0,1,1.358533952808294,19.641466047191706,20.5,21.5
252.0,19.551527651601557,19.659826299897166,5.4362864827930855,21.0,1,1.3401737001028344,19.659826299897166,20.5,21.5
253.0,19.553704603367795,19.68926084761658,5.4379896125234515,21.0,1,1.3107391523834195,19.68926084761658,20.5,21.5
254.0,19.555881460369626,19.700782614883295,5.439692408705675,21.0,1,1.2992173851167053,19.700782614883295,20.5,21.5
255.0,19.558058222559293,19.715624214237046,5.441394870043002,21.0,1,1.284375785762954,19.715624214237046,20.5,21.5
256.0,19.56023488988879,19.795660003765114,5.4430969952389345,21.0,1,1.2043399962348857,19.795660003765114,20.5,21.5
257.0,19.56241146230986,19.873851627482566,5.44479878299723,21.0,1,1.1261483725174344,19.873851627482566,20.5,21.5
258.0,19.564587939773997,19.822427568319462,5.4465002320219025,21.0,1,1.177572431680538,19.822427568319462,20.5,21.5
259.0,19.566764322232448,19.818130545965214,5.448201341017225,21.0,1,1.1818694540347856,19.818130545965214,20.5,21.5
260.0,19.568940609636204,19.87135818261885,5.44990210868773,21.0,1,1.1286418173811512,19.87135818261885,20.5,21.5
261.0,19.571116801936014,19.945327920839755,5.451602533738208,21.0,1,1.0546720791602446,19.945327920839755,20.5,21.5
262.0,19.573292899082375,19.93622106826199,5.45330261487371,21.0,1,1.0637789317380104,19.93622106826199,20.5,21.5
263.0,19.575468901025534,20.034649730154108,5.455002350799552,21.0,1,0.9653502698458922,20.034649730154108,20.5,21.5
264.0,19.57764480771549,20.03724369684295,5.456701740221312,21.0,1,0.9627563031570503,20.03724369684295,20.5,21.5
265.0,19.57982061910199,19.919938870544268,5.458400781844828,21.0,1,1.080061129455732,19.919938870544268,20.5,21.5
266.0,19.58199633513454,19.939675119184265,5.460099474376209,21.0,1,1.0603248808157346,19.939675119184265,20.5,21.5
267.0,19.58417195576239,19.797176589986414,5.461797816521825,21.0,1,1.2028234100135862,19.797176589986414,20.5,21.5
268.0,19.586347480934542,19.725981385749257,5.463495806988314,21.0,1,1.2740186142507426,19.725981385749257,20.5,21.5
269.0,19.588522910599753,19.721406620359225,5.465193444482585,21.0,1,1.2785933796407747,19.721406620359225,20.5,21.5
270.0,19.59069824470653,19.79928340996795,5.466890727711811,21.0,1,1.2007165900320516,19.79928340996795,20.5,21.5
271.0,19.59287348320313,19.728810421071138,5.468587655383438,21.0,1,1.2711895789288619,19.728810421071138,20.5,21.5
272.0,19.595048626037567,19.899689636191738,5.47028422620518,21.0,1,1.100310363808262,19.899689636191738,20.5,21.5
273.0,19.5972236731576,19.87638443775092,5.471980438885026,21.0,1,1.1236155622490784,19.87638443775092,20.5,21.5
274.0,19.599398624510744,19.984581407518494,5.473676292131238,21.0,1,1.015418592481506,19.984581407518494,20.5,21.5
275.0,19.60157348004427,20.088635492273585,5.475371784652346,21.0,1,0.9113645077264145,20.088635492273585,20.5,21.5
276.0,19.60374823970519,20.05944107629026,5.477066915157161,21.0,1,0.9405589237097409,20.05944107629026,20.5,21.5
277.0,19.60592290344028,19.95589354119271,5.478761682354769,21.0,1,1.0441064588072884,19.95589354119271,20.5,21.5
278.0,19.608097471196064,19.918603460730992,5.480456084954527,21.0,1,1.081396539269008,19.918603460730992,20.5,21.5
279.0,19.610271942918818,19.89593060731466,5.482150121666077,21.0,1,1.1040693926853393,19.89593060731466,20.5,21.5
280.0,19.612446318554568,19.854547105214202,5.483843791199336,21.0,1,1.145452894785798,19.854547105214202,20.5,21.5
281.0,19.614620598049097,19.855472935795113,5.485537092264499,21.0,1,1.1445270642048868,19.855472935795113,20.5,21.5
282.0,19.61679478134794,19.774439026434283,5.487230023572045,21.0,1,1.2255609735657167,19.774439026434283,20.5,21.5
283.0,19.618968868396387,19.862249125555575,5.488922583832733,21.0,1,1.137750874444425,19.862249125555575,20.5,21.5
284.0,19.621142859139475,19.773944716880223,5.490614771757605,21.0,1,1.226055283119777,19.773944716880223,20.5,21.5
285.0,19.623316753521998,19.723528107300883,5.492306586057986,21.0,1,1.2764718926991172,19.723528107300883,20.5,21.5
286.0,19.625490551488504,19.74488346850127,5.493998025445486,21.0,1,1.2551165314987287,19.74488346850127,20.5,21.5
287.0,19.627664252983294,19.82606447308878,5.495689088632,21.0,1,1.1739355269112188,19.82606447308878,20.5,21.5
288.0,19.629837857950424,19.83023568220576,5.497379774329709,21.0,1,1.1697643177942396,19.83023568220576,20.5,21.5
289.0,19.6320113663337,19.92642037480825,5.499070081251085,21.0,1,1.0735796251917513,19.92642037480825,20.5,21.5
290.0,19.634184778076683,19.876775476310094,5.500760008108883,21.0,1,1.123224523689906,19.876775476310094,20.5,21.5
291.0,19.63635809312269,19.817872658285946,5.502449553616151,21.0,1,1.1821273417140539,19.817872658285946,20.5,21.5
292.0,19.63853131141479,19.815306640683108,5.504138716486227,21.0,1,1.184693359316892,19.815306640683108,20.5,21.5
293.0,19.640704432895806,19.80142380341363,5.50582749543274,21.0,1,1.1985761965863695,19.80142380341363,20.5,21.5
294.0,19.642877457508312,19.61929941907821,5.507515889169611,21.0,1,1.3807005809217898,19.61929941907821,20.5,21.5
295.0,19.645050385194644,19.553769609673587,5.509203896411055,21.0,1,1.4462303903264129,19.553769609673587,20.5,21.5
296.0,19.647223215896886,19.627929922919535,5.510891515871581,21.0,1,1.3720700770804655,19.627929922919535,20.5,21.5
297.0,19.649395949556883,19.727581126400892,5.512578746265993,21.0,1,1.2724188735991078,19.727581126400892,20.5,21.5
298.0,19.651568586116223,19.745423368029297,5.514265586309392,21.0,1,1.2545766319707035,19.745423368029297,20.5,21.5
299.0,19.653741125516262,19.91781679740153,5.515952034717176,21.0,1,1.0821832025984683,19.91781679740153,20.5,21.5
300.0,19.655913567698104,19.99495844227736,5.5176380902050415,21.0,1,1.0050415577226417,19.99495844227736,20.5,21.5
301.0,19.658085912602605,19.956996250814377,5.519323751488983,21.0,1,1.0430037491856226,19.956996250814377,20.5,21.5
302.0,19.660258160170383,19.854407859088877,5.521009017285297,21.0,1,1.1455921409111234,19.854407859088877,20.5,21.5
303.0,19.662430310341804,19.80625858946498,5.522693886310579,21.0,1,1.1937414105350186,19.80625858946498,20.5,21.5
304.0,19.664602363056996,19.667339670689124,5.524378357281729,21.0,1,1.332660329310876,19.667339670689124,20.5,21.5
305.0,19.66677431825584,19.640066346452812,5.5260624289159495,21.0,1,1.3599336535471878,19.640066346452812,20.5,21.5
306.0,19.66894617587797,19.577042932478772,5.527746099930746,21.0,1,1.422957067521228,19.577042932478772,20.5,21.5
307.0,19.67111793586278,19.576567996084286,5.529429369043929,21.0,1,1.423432003915714,19.576567996084286,20.5,21.5
308.0,19.673289598149417,19.666534499149392,5.531112234973618,21.0,1,1.3334655008506076,19.666534499149392,20.5,21.5
309.0,19.675461162676783,19.716913458810836,5.532794696438235,21.0,1,1.2830865411891637,19.716913458810836,20.5,21.5
310.0,19.677632629383535,19.841557200489966,5.534476752156514,21.0,1,1.1584427995100341,19.841557200489966,20.5,21.5
311.0,19.67980399820809,19.92404446250526,5.536158400847495,21.0,1,1.075955537494739,19.92404446250526,20.5,21.5
312.0,19.681975269088618,19.960120299950766,5.537839641230532,21.0,1,1.0398797000492337,19.960120299950766,20.5,21.5
313.0,19.684146441963048,19.915797473455033,5.539520472025284,21.0,1,1.084202526544967,19.915797473455033,20.5,21.5
314.0,19.68631751676906,19.921317685603185,5.5412008919517275,21.0,1,1.078682314396815,19.921317685603185,20.5,21.5
315.0,19.688488493444094,19.814514594962283,5.542880899730148,21.0,1,1.185485405037717,19.814514594962283,20.5,21.5
316.0,19.690659371925353,19.77183297304672,5.544560494081149,21.0,1,1.2281670269532796,19.77183297304672,20.5,21.5
317.0,19.692830152149785,19.82255990274615,5.546239673725643,21.0,1,1.1774400972538501,19.82255990274615,20.5,21.5
318.0,19.6950008340541,19.745971063268392,5.547918437384865,21.0,1,1.2540289367316078,19.745971063268392,20.5,21.5
319.0,19.697171417574765,19.76377156755767,5.549596783780361,21.0,1,1.2362284324423314,19.76377156755767,20.5,21.5
320.0,19.699341902648005,19.872712255963442,5.551274711633998,21.0,1,1.1272877440365576,19.872712255963442,20.5,21.5
321.0,19.701512289209802,19.982394027399106,5.5529522196679615,21.0,1,1.0176059726008937,19.982394027399106,20.5,21.5
322.0,19.703682577195895,19.866496023936556,5.554629306604756,21.0,1,1.1335039760634444,19.866496023936556,20.5,21.5
323.0,19.705852766541778,20.002775336085882,5.556305971167205,21.0,1,0.9972246639141176,20.002775336085882,20.5,21.5
324.0,19.7080228571827,19.965356688849376,5.557982212078459,21.0,1,1.0346433111506244,19.965356688849376,20.5,21.5
325.0,19.71019284905368,19.85685881211749,5.5596580280619845,21.0,1,1.1431411878825095,19.85685881211749,20.5,21.5
326.0,19.712362742089482,19.822016595596715,5.561333417841576,21.0,1,1.1779834044032853,19.822016595596715,20.5,21.5
327.0,19.71453253622463,19.880456518087964,5.563008380141351,21.0,1,1.1195434819120358,19.880456518087964,20.5,21.5
328.0,19.716702231393416,19.74867398483915,5.564682913685753,21.0,1,1.2513260151608492,19.74867398483915,20.5,21.5
329.0,19.718871827529874,19.85036849695058,5.566357017199552,21.0,1,1.1496315030494202,19.85036849695058,20.5,21.5
330.0,19.721041324567807,19.842868829656812,5.568030689407845,21.0,1,1.1571311703431881,19.842868829656812,20.5,21.5
331.0,19.723210722440776,19.79780944271099,5.569703929036058,21.0,1,1.2021905572890113,19.79780944271099,20.5,21.5
332.0,19.725380021082096,19.824781894214414,5.571376734809947,21.0,1,1.1752181057855857,19.824781894214414,20.5,21.5
333.0,19.72754922042484,19.89197076966542,5.573049105455596,21.0,1,1.10802923033458,19.89197076966542,20.5,21.5
334.0,19.729718320401847,19.810736281618166,5.5747210396994245,21.0,1,1.1892637183818344,19.810736281618166,20.5,21.5
335.0,19.731887320945706,19.86668208790376,5.5763925362681785,21.0,1,1.1333179120962384,19.86668208790376,20.5,21.5
336.0,19.73405622198877,19.847993309339966,5.578063593888944,21.0,1,1.1520066906600341,19.847993309339966,20.5,21.5
337.0,19.73622502346315,19.859513566517826,5.579734211289135,21.0,1,1.1404864334821738,19.859513566517826,20.5,21.5
338.0,19.738393725300714,19.89352672332589,5.581404387196505,21.0,1,1.1064732766741088,19.89352672332589,20.5,21.5
339.0,19.740562327433093,19.942473298460417,5.583074120339143,21.0,1,1.057526701539583,19.942473298460417,20.5,21.5
340.0,19.742730829791675,19.910637841105817,5.5847434094454735,21.0,1,1.0893621588941826,19.910637841105817,20.5,21.5
341.0,19.744899232307606,19.937995350158698,5.58641225324426,21.0,1,1.0620046498413025,19.937995350158698,20.5,21.5
342.0,19.747067534911793,19.974657046198207,5.588080650464608,21.0,1,1.0253429538017933,19.974657046198207,20.5,21.5
343.0,19.749235737534903,19.878403650414736,5.589748599835957,21.0,1,1.121596349585264,19.878403650414736,20.5,21.5
344.0,19.751403840107365,19.843056581705234,5.591416100088093,21.0,1,1.156943418294766,19.843056581705234,20.5,21.5
345.0,19.75357184255936,19.94262287918848,5.593083149951142,21.0,1,1.0573771208115197,19.94262287918848,20.5,21.5
346.0,19.75573974482084,19.94951052313257,5.5947497481555715,21.0,1,1.0504894768674298,19.94951052313257,20.5,21.5
347.0,19.757907546821507,19.94898050160238,5.596415893432196,21.0,1,1.0510194983976184,19.94898050160238,20.5,21.5
348.0,19.76007524849083,20.07397438210439,5.598081584512173,21.0,1,0.9260256178956112,20.07397438210439,20.5,21.5
349.0,19.76224284975803,20.090082978348,5.599746820127006,21.0,1,0.9099170216519994,20.090082978348,20.5,21.5
350.0,19.764410350552104,20.01756238030957,5.6014115990085465,21.0,1,0.9824376196904296,20.01756238030957,20.5,21.5
351.0,19.766577750801797,19.98556090652531,5.603075919888991,21.0,1,1.0144390934746887,19.98556090652531,20.5,21.5
352.0,19.768745050435616,19.977693447549093,5.604739781500889,21.0,1,1.0223065524509067,19.977693447549093,20.5,21.5
353.0,19.77091224938183,19.964202948615988,5.606403182577136,21.0,1,1.0357970513840122,19.964202948615988,20.5,21.5
354.0,19.77307934756847,19.960689578206775,5.608066121850981,21.0,1,1.0393104217932247,19.960689578206775,20.5,21.5
355.0,19.775246344923325,19.877508436756848,5.609728598056021,21.0,1,1.1224915632431518,19.877508436756848,20.5,21.5
356.0,19.777413241373953,19.950316320098956,5.611390609926211,21.0,1,1.0496836799010438,19.950316320098956,20.5,21.5
357.0,19.779580036847662,19.90297983580924,5.613052156195855,21.0,1,1.0970201641907593,19.90297983580924,20.5,21.5
358.0,19.781746731271532,19.861266391476416,5.6147132355996145,21.0,1,1.1387336085235837,19.861266391476416,20.5,21.5
359.0,19.7839133245724,19.812489842926915,5.616373846872503,21.0,1,1.1875101570730848,19.812489842926915,20.5,21.5
360.0,19.78607981667686,19.82124281725886,5.618033988749895,21.0,1,1.1787571827411405,19.82124281725886,20.5,21.5
361.0,19.788246207511275,19.696427739680423,5.619693659967519,21.0,1,1.3035722603195765,19.696427739680423,20.5,21.5
362.0,19.790412497001768,19.71340231388567,5.621352859261464,21.0,1,1.2865976861143302,19.71340231388567,20.5,21.5
363.0,19.79257868507422,19.743434123810257,5.623011585368176,21.0,1,1.2565658761897431,19.743434123810257,20.5,21.5
364.0,19.794744771654276,19.881849488101217,5.624669837024465,21.0,1,1.118150511898783,19.881849488101217,20.5,21.5
365.0,19.79691075666735,20.047424716946534,5.626327612967499,21.0,1,0.9525752830534664,20.047424716946534,20.5,21.5
366.0,19.79907664003861,20.112739085100905,5.62798491193481,21.0,1,0.8872609148990946,20.112739085100905,20.5,21.5
367.0,19.80124242169299,20.121394789942492,5.629641732664292,21.0,1,0.8786052100575077,20.121394789942492,20.5,21.5
368.0,19.803408101555185,20.11699325906474,5.631298073894205,21.0,1,0.8830067409352615,20.11699325906474,20.5,21.5
369.0,19.805573679549653,20.085224487873937,5.632953934363172,21.0,1,0.914775512126063,20.085224487873937,20.5,21.5
370.0,19.807739155600615,20.068043745876157,5.634609312810184,21.0,1,0.9319562541238433,20.068043745876157,20.5,21.5
371.0,19.809904529632057,20.20021508341295,5.636264207974598,21.0,1,0.7997849165870505,20.20021508341295,20.5,21.5
372.0,19.812069801567727,20.204947518615164,5.63791861859614,21.0,1,0.7950524813848361,20.204947518615164,20.5,21.5
373.0,19.814234971331132,20.19932098613545,5.6395725434149035,21.0,1,0.8006790138645492,20.19932098613545,20.5,21.5
374.0,19.816400038845547,20.19319256942743,5.6412259811713525,21.0,1,0.8068074305725688,20.19319256942743,20.5,21.5
375.0,19.818565004034014,20.130416375151242,5.642878930606323,21.0,1,0.8695836248487581,20.130416375151242,20.5,21.5
376.0,19.820729866819327,20.02904058358035,5.644531390461022,21.0,1,0.9709594164196496,20.02904058358035,20.5,21.5
377.0,19.822894627124057,19.921059436428454,5.646183359477029,21.0,1,1.078940563571546,19.921059436428454,20.5,21.5
378.0,19.825059284870527,19.91255339416552,5.6478348363962985,21.0,1,1.0874466058344794,19.91255339416552,20.5,21.5
379.0,19.82722383998083,19.874449011136157,5.649485819961159,21.0,1,1.1255509888638429,19.874449011136157,20.5,21.5
380.0,19.829388292376827,19.856368337184126,5.651136308914314,21.0,1,1.1436316628158743,19.856368337184126,20.5,21.5
381.0,19.831552641980135,19.931512728180046,5.652786301998844,21.0,1,1.0684872718199543,19.931512728180046,20.5,21.5
382.0,19.83371688871214,20.076307619297502,5.654435797958207,21.0,1,0.9236923807024979,20.076307619297502,20.5,21.5
383.0,19.83588103249399,20.133601375239547,5.656084795536243,21.0,1,0.8663986247604534,20.133601375239547,20.5,21.5
384.0,19.838045073246597,20.16837183216912,5.6577332934771665,21.0,1,0.8316281678308783,20.16837183216912,20.5,21.5
385.0,19.840209010890643,20.23447020793211,5.659381290525575,21.0,1,0.7655297920678912,20.23447020793211,20.5,21.5
386.0,19.84237284534657,20.183652013983234,5.661028785426446,21.0,1,0.8163479860167655,20.183652013983234,20.5,21.5
387.0,19.844536576534587,20.167318679989624,5.662675776925142,21.0,1,0.8326813200103764,20.167318679989624,20.5,21.5
388.0,19.846700204374667,20.198595786716545,5.664322263767406,21.0,1,0.8014042132834547,20.198595786716545,20.5,21.5
389.0,19.848863728786544,20.251789576947434,5.665968244699369,21.0,1,0.7482104230525657,20.251789576947434,20.5,21.5
390.0,19.851027149689727,20.185725354435927,5.667613718467542,21.0,1,0.8142746455640726,20.185725354435927,20.5,21.5
391.0,19.853190467003483,20.109261478959418,5.669258683818827,21.0,1,0.890738521040582,20.109261478959418,20.5,21.5
392.0,19.855353680646846,20.17735295675498,5.67090313950051,21.0,1,0.8226470432450199,20.17735295675498,20.5,21.5
393.0,19.857516790538618,20.12914794995099,5.672547084260268,21.0,1,0.8708520500490096,20.12914794995099,20.5,21.5
394.0,19.859679796597362,20.023066202431984,5.674190516846164,21.0,1,0.9769337975680159,20.023066202431984,20.5,21.5
395.0,19.861842698741413,20.014169515103237,5.675833436006654,21.0,1,0.9858304848967627,20.014169515103237,20.5,21.5
396.0,19.864005496888865,20.096970618684175,5.677475840490583,21.0,1,0.9030293813158252,20.096970618684175,20.5,21.5
397.0,19.866168190957584,19.96972883226745,5.679117729047188,21.0,1,1.0302711677325505,19.96972883226745,20.5,21.5
398.0,19.8683307808652,20.04422482052129,5.6807591004261,21.0,1,0.9557751794787102,20.04422482052129,20.5,21.5
399.0,19.870493266529113,20.10937696491566,5.6823999533773435,21.0,1,0.8906230350843387,20.10937696491566,20.5,21.5
400.0,19.872655647866484,20.111031595435385,5.684040286651338,21.0,1,0.8889684045646149,20.111031595435385,20.5,21.5
401.0,19.87481792479424,20.172064413679884,5.685680098998897,21.0,1,0.8279355863201161,20.172064413679884,20.5,21.5
402.0,19.87698009722908,20.234258571162407,5.687319389171233,21.0,1,0.7657414288375932,20.234258571162407,20.5,21.5
403.0,19.87914216508747,20.232615348843353,5.688958155919954,21.0,1,0.7673846511566467,20.232615348843353,20.5,21.5
404.0,19.881304128285635,20.235859600758488,5.690596397997069,21.0,1,0.7641403992415121,20.235859600758488,20.5,21.5
405.0,19.883465986739576,20.311906426223537,5.692234114154986,21.0,1,0.6880935737764631,20.311906426223537,20.5,21.5
406.0,19.88562774036506,20.173610226293373,5.693871303146512,21.0,1,0.8263897737066266,20.173610226293373,20.5,21.5
407.0,19.887789389077614,20.210083522575804,5.695507963724856,21.0,1,0.789916477424196,20.210083522575804,20.5,21.5
408.0,19.889950932792544,20.160580399043333,5.6971440946436305,21.0,1,0.839419600956667,20.160580399043333,20.5,21.5
409.0,19.892112371424915,20.164737886349496,5.69877969465685,21.0,1,0.8352621136505043,20.164737886349496,20.5,21.5
410.0,19.89427370488956,20.091133601215667,5.7004147625189345,21.0,1,0.9088663987843333,20.091133601215667,20.5,21.5
411.0,19.896434933101087,20.145289130000418,5.702049296984709,21.0,1,0.8547108699995825,20.145289130000418,20.5,21.5
412.0,19.898596055973865,20.034116185427344,5.703683296809404,21.0,1,0.9658838145726563,20.034116185427344,20.5,21.5
413.0,19.90075707342203,20.00206753223627,5.705316760748657,21.0,1,0.9979324677637287,20.00206753223627,20.5,21.5
414.0,19.902917985359498,19.919798051069854,5.706949687558514,21.0,1,1.0802019489301458,19.919798051069854,20.5,21.5
415.0,19.90507879169994,19.91556990172645,5.708582075995432,21.0,1,1.0844300982735504,19.91556990172645,20.5,21.5
416.0,19.907239492356798,19.873971274912037,5.710213924816274,21.0,1,1.1260287250879628,19.873971274912037,20.5,21.5
417.0,19.909400087243288,19.917318336137647,5.711845232778318,21.0,1,1.0826816638623527,19.917318336137647,20.5,21.5
418.0,19.911560576272397,19.928979160099594,5.71347599863925,21.0,1,1.071020839900406,19.928979160099594,20.5,21.5
419.0,19.91372095935687,19.97092051464705,5.715106221157173,21.0,1,1.0290794853529484,19.97092051464705,20.5,21.5
420.0,19.91588123640923,20.051401069862067,5.716735899090601,21.0,1,0.9485989301379334,20.051401069862067,20.5,21.5
421.0,19.918041407341768,20.04180979827488,5.718365031198462,21.0,1,0.9581902017251203,20.04180979827488,20.5,21.5
422.0,19.92020147206654,20.039083290336393,5.719993616240102,21.0,1,0.9609167096636071,20.039083290336393,20.5,21.5
423.0,19.922361430495375,20.100650794554205,5.7216216529752835,21.0,1,0.8993492054457946,20.100650794554205,20.5,21.5
424.0,19.92452128253987,20.064059720236074,5.723249140164184,21.0,1,0.9359402797639262,20.064059720236074,20.5,21.5
425.0,19.926681028111396,19.989782945323448,5.724876076567403,21.0,1,1.010217054676552,19.989782945323448,20.5,21.5
426.0,19.928840667121086,20.100176565042688,5.726502460945957,21.0,1,0.8998234349573124,20.100176565042688,20.5,21.5
427.0,19.93100019947985,20.096889601723056,5.728128292061283,21.0,1,0.9031103982769437,20.096889601723056,20.5,21.5
428.0,19.933159625098366,20.024600627265066,5.729753568675239,21.0,1,0.9753993727349339,20.024600627265066,20.5,21.5
429.0,19.935318943887083,20.099712416927137,5.731378289550109,21.0,1,0.9002875830728634,20.099712416927137,20.5,21.5
430.0,19.937478155756214,20.185787353539972,5.733002453448594,21.0,1,0.8142126464600281,20.185787353539972,20.5,21.5
431.0,19.93963726061575,20.13604865557479,5.734626059133825,21.0,1,0.8639513444252103,20.13604865557479,20.5,21.5
432.0,19.941796258375454,20.222423250511596,5.736249105369356,21.0,1,0.7775767494884036,20.222423250511596,20.5,21.5
433.0,19.943955148944852,20.141797161825668,5.737871590919164,21.0,1,0.8582028381743321,20.141797161825668,20.5,21.5
434.0,19.946113932233246,20.193566317844454,5.739493514547658,21.0,1,0.8064336821555464,20.193566317844454,20.5,21.5
435.0,19.948272608149708,20.205328033890588,5.741114875019672,21.0,1,0.7946719661094122,20.205328033890588,20.5,21.5
436.0,19.950431176603082,20.34536589159902,5.742735671100469,21.0,1,0.6546341084009804,20.34536589159902,20.5,21.5
437.0,19.952589637501983,20.312128971640313,5.7443559015557435,21.0,1,0.6878710283596874,20.312128971640313,20.5,21.5
438.0,19.954747990754793,20.441984605376884,5.745975565151618,21.0,1,0.5580153946231157,20.441984605376884,20.5,21.5
439.0,19.956906236269674,20.376750282060048,5.747594660654649,21.0,1,0.6232497179399523,20.376750282060048,20.5,21.5
440.0,19.95906437395455,20.277504025064996,5.749213186831824,21.0,1,0.7224959749350042,20.277504025064996,20.5,21.5
441.0,19.961222403717127,20.194110990278553,5.750831142450566,21.0,1,0.8058890097214473,20.194110990278553,20.5,21.5
442.0,19.963380325464872,20.198545480397303,5.752448526278731,21.0,1,0.8014545196026965,20.198545480397303,20.5,21.5
443.0,19.965538139105035,20.192001292627722,5.7540653370846115,21.0,1,0.8079987073722776,20.192001292627722,20.5,21.5
444.0,19.967695844544632,20.267297878018145,5.7556815736369344,21.0,1,0.7327021219818555,20.267297878018145,20.5,21.5
445.0,19.96985344169045,20.28166780625859,5.757297234704866,21.0,1,0.7183321937414107,20.28166780625859,20.5,21.5
446.0,19.972010930449052,20.361065070581297,5.75891231905801,21.0,1,0.6389349294187028,20.361065070581297,20.5,21.5
447.0,19.974168310726775,20.233532338384286,5.7605268254664095,21.0,1,0.7664676616157138,20.233532338384286,20.5,21.5
448.0,19.976325582429723,20.217185543143632,5.762140752700548,21.0,1,0.782814456856368,20.217185543143632,20.5,21.5
449.0,19.978482745463776,20.095749267186633,5.763754099531349,21.0,1,0.9042507328133667,20.095749267186633,20.5,21.5
450.0,19.98063979973459,20.15458388270027,5.765366864730179,21.0,1,0.845416117299731,20.15458388270027,20.5,21.5
451.0,19.98279674514759,20.062923623442277,5.766979047068848,21.0,1,0.937076376557723,20.062923623442277,20.5,21.5
452.0,19.98495358160797,20.113973631255682,5.768590645319607,21.0,1,0.886026368744318,20.113973631255682,20.5,21.5
453.0,19.987110309020714,20.11507415273216,5.770201658255156,21.0,1,0.8849258472678407,20.11507415273216,20.5,21.5
454.0,19.98926692729056,20.126667871156307,5.771812084648637,21.0,1,0.8733321288436926,20.126667871156307,20.5,21.5
455.0,19.991423436322034,20.049553502175304,5.7734219232736415,21.0,1,0.9504464978246965,20.049553502175304,20.5,21.5
456.0,19.993579836019425,20.065422191323574,5.775031172904206,21.0,1,0.9345778086764263,20.065422191323574,20.5,21.5
457.0,19.9957361262868,20.056847083186064,5.776639832314817,21.0,1,0.9431529168139363,20.056847083186064,20.5,21.5
458.0,19.997892307028007,19.974339343901917,5.778247900280412,21.0,1,1.0256606560980828,19.974339343901917,20.5,21.5
459.0,20.00004837814666,20.11743948813474,5.779855375576377,21.0,1,0.8825605118652611,20.11743948813474,20.5,21.5
460.0,20.002204339546143,20.17485778658729,5.781462256978547,21.0,1,0.8251422134127111,20.17485778658729,20.5,21.5
461.0,20.004360191129628,20.17924996942728,5.783068543263215,21.0,1,0.8207500305727216,20.17924996942728,20.5,21.5
462.0,20.006515932800056,20.284124450553293,5.784674233207123,21.0,1,0.7158755494467073,20.284124450553293,20.5,21.5
463.0,20.008671564460137,20.347335085891416,5.786279325587468,21.0,1,0.6526649141085841,20.347335085891416,20.5,21.5
464.0,20.010827086012362,20.284858489374948,5.787883819181902,21.0,1,0.7151415106250525,20.284858489374948,20.5,21.5
465.0,20.012982497358998,20.377203002471404,5.789487712768534,21.0,1,0.6227969975285959,20.377203002471404,20.5,21.5
466.0,20.01513779840208,20.322514534866187,5.79109100512593,21.0,1,0.6774854651338131,20.322514534866187,20.5,21.5
467.0,20.017292989043426,20.284608074264547,5.792693695033112,21.0,1,0.7153919257354531,20.284608074264547,20.5,21.5
468.0,20.019448069184623,20.26241354536535,5.794295781269561,21.0,1,0.7375864546346484,20.26241354536535,20.5,21.5
469.0,20.02160303872704,20.21532803053638,5.79589726261522,21.0,1,0.78467196946362,20.21532803053638,20.5,21.5
470.0,20.02375789757182,20.196838077740622,5.797498137850493,21.0,1,0.8031619222593775,20.196838077740622,20.5,21.5
471.0,20.025912645619876,20.082929715786587,5.79909840575624,21.0,1,0.9170702842134126,20.082929715786587,20.5,21.5
472.0,20.028067282771904,20.107361368684543,5.80069806511379,21.0,1,0.8926386313154566,20.107361368684543,20.5,21.5
473.0,20.03022180892837,20.19251335905171,5.802297114704932,21.0,1,0.8074866409482908,20.19251335905171,20.5,21.5
474.0,20.032376223989527,20.240643802085643,5.8038955533119205,21.0,1,0.7593561979143573,20.240643802085643,20.5,21.5
475.0,20.03453052785539,20.216837907972508,5.805493379717475,21.0,1,0.7831620920274922,20.216837907972508,20.5,21.5
476.0,20.036684720425765,20.323556740594064,5.80709059270478,21.0,1,0.6764432594059357,20.323556740594064,20.5,21.5
477.0,20.03883880160022,20.403199400451438,5.80868719105749,21.0,1,0.5968005995485619,20.403199400451438,20.5,21.5
478.0,20.040992771278113,20.384910456127407,5.810283173559725,21.0,1,0.6150895438725925,20.384910456127407,20.5,21.5
479.0,20.04314662935857,20.401675170776485,5.811878538996075,21.0,1,0.5983248292235146,20.401675170776485,20.5,21.5
480.0,20.0453003757405,20.42673224396291,5.8134732861516,21.0,1,0.5732677560370902,20.42673224396291,20.5,21.5
481.0,20.047454010322582,20.4871780157906,5.815067413811831,21.0,1,0.5128219842093991,20.4871780157906,20.5,21.5
482.0,20.04960753300328,20.44128902360771,5.81666092076277,21.0,1,0.5587109763922911,20.44128902360771,20.5,21.5
483.0,20.05176094368083,20.456524830862264,5.818253805790892,21.0,1,0.5434751691377357,20.456524830862264,20.5,21.5
484.0,20.053914242253253,20.459332538630456,5.819846067683145,21.0,1,0.5406674613695444,20.459332538630456,20.5,21.5
485.0,20.056067428618338,20.41352341785204,5.821437705226955,21.0,1,0.5864765821479594,20.41352341785204,20.5,21.5
486.0,20.05822050267366,20.44486889651291,5.823028717210217,21.0,1,0.5551311034870885,20.44486889651291,20.5,21.5
487.0,20.060373464316566,20.489181624011668,5.82461910242131,21.0,1,0.5108183759883325,20.489181624011668,20.5,21.5
488.0,20.062526313444188,20.54477342784717,5.826208859649084,21.0,1,0.45522657215283147,20.54477342784717,20.5,21.5
489.0,20.06467904995343,20.452894147104733,5.827797987682869,21.0,1,0.5471058528952675,20.452894147104733,20.5,21.5
490.0,20.066831673740975,20.426353254014096,5.829386485312478,21.0,1,0.5736467459859043,20.426353254014096,20.5,21.5
491.0,20.06898418470329,20.417326439243237,5.830974351328199,21.0,1,0.5826735607567635,20.417326439243237,20.5,21.5
492.0,20.071136582736614,20.35071796007511,5.8325615845208025,21.0,1,0.6492820399248913,20.35071796007511,20.5,21.5
493.0,20.07328886773697,20.25570871578103,5.834148183681542,21.0,1,0.7442912842189706,20.25570871578103,20.5,21.5
494.0,20.075441039600157,20.279015127653555,5.835734147602153,21.0,1,0.7209848723464454,20.279015127653555,20.5,21.5
495.0,20.077593098221758,20.334061592161873,5.837319475074856,21.0,1,0.6659384078381265,20.334061592161873,20.5,21.5
496.0,20.07974504349713,20.270915628933352,5.838904164892354,21.0,1,0.7290843710666479,20.270915628933352,20.5,21.5
497.0,20.08189687532141,20.29625731327162,5.840488215847837,21.0,1,0.7037426867283791,20.29625731327162,20.5,21.5
498.0,20.084048593589515,20.32153960769797,5.842071626734982,21.0,1,0.6784603923020285,20.32153960769797,20.5,21.5
499.0,20.086200198196142,20.341708747851133,5.843654396347952,21.0,1,0.6582912521488673,20.341708747851133,20.5,21.5
500.0,20.088351689035772,20.35427998728172,5.8452365234813985,21.0,1,0.6457200127182787,20.35427998728172,20.5,21.5
501.0,20.09050306600266,20.36395895382134,5.846818006930464,21.0,1,0.6360410461786614,20.36395895382134,20.5,21.5
502.0,20.092654328990847,20.302487237461232,5.84839884549078,21.0,1,0.6975127625387678,20.302487237461232,20.5,21.5
503.0,20.09480547789415,20.27869884877306,5.8499790379584695,21.0,1,0.7213011512269389,20.27869884877306,20.5,21.5
504.0,20.096956512606162,20.313687958587725,5.851558583130146,21.0,1,0.6863120414122754,20.313687958587725,20.5,21.5
505.0,20.09910743302027,20.38844046241505,5.853137479802917,21.0,1,0.6115595375849487,20.38844046241505,20.5,21.5
506.0,20.101258239029626,20.466439057373584,5.854715726774385,21.0,1,0.5335609426264156,20.466439057373584,20.5,21.5
507.0,20.103408930527173,20.358419243941434,5.856293322842646,21.0,1,0.6415807560585662,20.358419243941434,20.5,21.5
508.0,20.105559507405637,20.404035760935983,5.857870266806292,21.0,1,0.595964239064017,20.404035760935983,20.5,21.5
509.0,20.10770996955752,20.40440302502659,5.859446557464411,21.0,1,0.5955969749734109,20.40440302502659,20.5,21.5
510.0,20.1098603168751,20.329121494675302,5.8610221936165905,21.0,1,0.6708785053246977,20.329121494675302,20.5,21.5
511.0,20.11201054925045,20.26699219672103,5.8625971740629135,21.0,1,0.7330078032789693,20.26699219672103,20.5,21.5
512.0,20.114160666575412,20.433772596423335,5.864171497603965,21.0,1,0.566227403576665,20.433772596423335,20.5,21.5
513.0,20.11631066874162,20.317110148638395,5.8657451630408275,21.0,1,0.6828898513616046,20.317110148638395,20.5,21.5
514.0,20.11846055564048,20.22932731185634,5.867318169175088,21.0,1,0.7706726881436587,20.22932731185634,20.5,21.5
515.0,20.120610327163185,20.253632460200173,5.868890514808834,21.0,1,0.7463675397998273,20.253632460200173,20.5,21.5
516.0,20.122759983200712,20.268835568630564,5.870462198744655,21.0,1,0.7311644313694359,20.268835568630564,20.5,21.5
517.0,20.124909523643822,20.178318502229708,5.872033219785646,21.0,1,0.8216814977702924,20.178318502229708,20.5,21.5
518.0,20.127058948383052,20.183263800280976,5.8736035767354045,21.0,1,0.8167361997190241,20.183263800280976,20.5,21.5
519.0,20.129208257308722,20.28608947883822,5.875173268398037,21.0,1,0.7139105211617789,20.28608947883822,20.5,21.5
520.0,20.13135745031094,20.204572792303512,5.876742293578155,21.0,1,0.7954272076964877,20.204572792303512,20.5,21.5
521.0,20.133506527279593,20.148114910074707,5.878310651080877,21.0,1,0.8518850899252932,20.148114910074707,20.5,21.5
522.0,20.135655488104355,20.21240724321445,5.87987833971183,21.0,1,0.7875927567855499,20.21240724321445,20.5,21.5
523.0,20.137804332674676,20.273040222189742,5.881445358277152,21.0,1,0.7269597778102579,20.273040222189742,20.5,21.5
524.0,20.139953060879797,20.31373617253975,5.88301170558349,21.0,1,0.6862638274602517,20.31373617253975,20.5,21.5
525.0,20.14210167260874,20.35572358453495,5.884577380438002,21.0,1,0.6442764154650504,20.35572358453495,20.5,21.5
526.0,20.144250167750304,20.31553984029136,5.88614238164836,21.0,1,0.6844601597086388,20.31553984029136,20.5,21.5
527.0,20.146398546193083,20.360415016804655,5.887706708022744,21.0,1,0.6395849831953448,20.360415016804655,20.5,21.5
528.0,20.14854680782545,20.400366282023356,5.889270358369855,21.0,1,0.5996337179766442,20.400366282023356,20.5,21.5
529.0,20.15069495253556,20.362463401733006,5.890833331498904,21.0,1,0.637536598266994,20.362463401733006,20.5,21.5
530.0,20.152842980211354,20.359912957975837,5.892395626219617,21.0,1,0.6400870420241631,20.359912957975837,20.5,21.5
531.0,20.154990890740557,20.416004823270967,5.8939572413422425,21.0,1,0.583995176729033,20.416004823270967,20.5,21.5
532.0,20.157138684010675,20.31318393743119,5.895518175677539,21.0,1,0.6868160625688091,20.31318393743119,20.5,21.5
533.0,20.159286359909007,20.27794684173997,5.89707842803679,21.0,1,0.7220531582600316,20.27794684173997,20.5,21.5
534.0,20.161433918322633,20.201375258300942,5.898637997231793,21.0,1,0.798624741699058,20.201375258300942,20.5,21.5
535.0,20.163581359138416,20.292783382944407,5.90019688207487,21.0,1,0.7072166170555931,20.292783382944407,20.5,21.5
536.0,20.165728682243003,20.424882954962236,5.9017550813788615,21.0,1,0.5751170450377643,20.424882954962236,20.5,21.5
537.0,20.16787588752283,20.511138700438345,5.903312593957131,21.0,1,0.48886129956165547,20.511138700438345,20.5,21.5
538.0,20.170022974864114,20.539358258703146,5.904869418623566,21.0,1,0.460641741296854,20.539358258703146,20.5,21.5
539.0,20.172169944152866,20.6195298483456,5.906425554192575,21.0,1,0.3804701516544,20.6195298483456,20.5,21.5
540.0,20.174316795274873,20.520610590330655,5.9079809994790935,21.0,1,0.47938940966934496,20.520610590330655,20.5,21.5
541.0,20.176463528115715,20.36394676835523,5.9095357532985835,21.0,1,0.6360532316447696,20.36394676835523,20.5,21.5
542.0,20.17861014256075,20.332892328611585,5.911089814467031,21.0,1,0.6671076713884148,20.332892328611585,20.5,21.5
543.0,20.18075663849513,20.316767741020037,5.912643181800951,21.0,1,0.6832322589799631,20.316767741020037,20.5,21.5
544.0,20.18290301580379,20.217251896156966,5.914195854117389,21.0,1,0.7827481038430335,20.217251896156966,20.5,21.5
545.0,20.185049274371455,20.24412360236682,5.915747830233913,21.0,1,0.7558763976331804,20.24412360236682,20.5,21.5
546.0,20.187195414082627,20.338361981399192,5.9172991089686295,21.0,1,0.661638018600808,20.338361981399192,20.5,21.5
547.0,20.189341434821603,20.308945023175724,5.918849689140171,21.0,1,0.691054976824276,20.308945023175724,20.5,21.5
548.0,20.191487336472466,20.312740459149015,5.920399569567703,21.0,1,0.6872595408509845,20.312740459149015,20.5,21.5
549.0,20.193633118919085,20.357664596674088,5.921948749070925,21.0,1,0.6423354033259123,20.357664596674088,20.5,21.5
550.0,20.195778782045114,20.316828749328398,5.923497226470068,21.0,1,0.6831712506716023,20.316828749328398,20.5,21.5
551.0,20.197924325734,20.211700600668003,5.9250450005859,21.0,1,0.7882993993319971,20.211700600668003,20.5,21.5
552.0,20.20006974986897,20.248102919915507,5.926592070239724,21.0,1,0.7518970800844933,20.248102919915507,20.5,21.5
553.0,20.202215054333045,20.28762261594769,5.928138434253378,21.0,1,0.71237738405231,20.28762261594769,20.5,21.5
554.0,20.20436023900903,20.24198239239275,5.929684091449239,21.0,1,0.7580176076072505,20.24198239239275,20.5,21.5
555.0,20.20650530377952,20.250782061954745,5.931229040650223,21.0,1,0.7492179380452555,20.250782061954745,20.5,21.5
556.0,20.208650248526894,20.29462590588093,5.932773280679783,21.0,1,0.7053740941190689,20.29462590588093,20.5,21.5
557.0,20.210795073133323,20.30827870831396,5.934316810361912,21.0,1,0.69172129168604,20.30827870831396,20.5,21.5
558.0,20.21293977748077,20.24337671064061,5.935859628521147,21.0,1,0.7566232893593892,20.24337671064061,20.5,21.5
559.0,20.215084361450977,20.32611269466391,5.937401733982563,21.0,1,0.6738873053360912,20.32611269466391,20.5,21.5
560.0,20.217228824925485,20.354282786249737,5.9389431255717815,21.0,1,0.6457172137502631,20.354282786249737,20.5,21.5
561.0,20.219373167785616,20.43013500129183,5.940483802114964,21.0,1,0.5698649987081694,20.43013500129183,20.5,21.5
562.0,20.22151738991248,20.440933134096007,5.94202376243882,21.0,1,0.5590668659039935,20.440933134096007,20.5,21.5
563.0,20.223661491186988,20.456982466753555,5.943563005370601,21.0,1,0.5430175332464451,20.456982466753555,20.5,21.5
564.0,20.225805471489824,20.430017577961085,5.945101529738108,21.0,1,0.5699824220389154,20.430017577961085,20.5,21.5
565.0,20.227949330701474,20.461460244005004,5.946639334369687,21.0,1,0.5385397559949965,20.461460244005004,20.5,21.5
566.0,20.230093068702207,20.488387892085832,5.948176418094232,21.0,1,0.5116121079141678,20.488387892085832,20.5,21.5
567.0,20.232236685372087,20.536792313980463,5.949712779741189,21.0,1,0.4632076860195369,20.536792313980463,20.5,21.5
568.0,20.23438018059096,20.562681926634372,5.95124841814055,21.0,1,0.43731807336562767,20.562681926634372,20.5,21.5
569.0,20.23652355423847,20.53584200812727,5.952783332122861,21.0,1,0.46415799187273166,20.53584200812727,20.5,21.5
570.0,20.238666806194047,20.516630854688167,5.954317520519217,21.0,1,0.4833691453118334,20.516630854688167,20.5,21.5
571.0,20.240809936336913,20.520917516086797,5.955850982161267,21.0,1,0.47908248391320285,20.520917516086797,20.5,21.5
572.0,20.242952944546076,20.50362403406374,5.957383715881214,21.0,1,0.49637596593625943,20.50362403406374,20.5,21.5
573.0,20.245095830700343,20.50262288446616,5.958915720511813,21.0,1,0.49737711553384045,20.50262288446616,20.5,21.5
574.0,20.247238594678304,20.627424582321662,5.960446994886378,21.0,1,0.3725754176783376,20.627424582321662,20.5,21.5
575.0,20.249381236358346,20.644574988685783,5.961977537838775,21.0,1,0.35542501131421744,20.644574988685783,20.5,21.5
576.0,20.251523755618642,20.607196337594917,5.96350734820343,21.0,1,0.3928036624050826,20.607196337594917,20.5,21.5
577.0,20.25366615233716,20.576640658776,5.9650364248153265,21.0,1,0.42335934122399976,20.576640658776,20.5,21.5
578.0,20.255808426391656,20.654458613523587,5.966564766510005,21.0,1,0.3455413864764125,20.654458613523587,20.5,21.5
579.0,20.25795057765968,20.598211247356822,5.968092372123566,21.0,1,0.4017887526431778,20.598211247356822,20.5,21.5
580.0,20.260092606018574,20.648179665903804,5.969619240492674,21.0,1,0.35182033409619606,20.648179665903804,20.5,21.5
581.0,20.26223451134547,20.662451715863565,5.9711453704545505,21.0,1,0.33754828413643523,20.662451715863565,20.5,21.5
582.0,20.26437629351729,20.646967045310795,5.972670760846981,21.0,1,0.3530329546892048,20.646967045310795,20.5,21.5
583.0,20.266517952410755,20.491821202098812,5.974195410508315,21.0,1,0.5081787979011878,20.491821202098812,20.5,21.5
584.0,20.268659487902376,20.49418824075285,5.9757193182774655,21.0,1,0.5058117592471483,20.49418824075285,20.5,21.5
585.0,20.27080089986845,20.356929721084242,5.97724248299391,21.0,1,0.6430702789157579,20.356929721084242,20.5,21.5
586.0,20.272942188185077,20.37026252266832,5.978764903497693,21.0,1,0.6297374773316804,20.37026252266832,20.5,21.5
587.0,20.27508335272814,20.33478239441523,5.980286578629424,21.0,1,0.6652176055847683,20.33478239441523,20.5,21.5
588.0,20.27722439337332,20.37377220670917,5.981807507230282,21.0,1,0.6262277932908304,20.37377220670917,20.5,21.5
589.0,20.27936530999609,20.40078829616044,5.983327688142013,21.0,1,0.5992117038395612,20.40078829616044,20.5,21.5
590.0,20.28150610247172,20.502478545271877,5.984847120206934,21.0,1,0.4975214547281226,20.502478545271877,20.5,21.5
591.0,20.28364677067527,20.45370276281846,5.986365802267931,21.0,1,0.5462972371815411,20.45370276281846,20.5,21.5
592.0,20.28578731448159,20.455434313650123,5.987883733168462,21.0,1,0.5445656863498769,20.455434313650123,20.5,21.5
593.0,20.287927733765326,20.503900228441257,5.989400911752556,21.0,1,0.4960997715587432,20.503900228441257,20.5,21.5
594.0,20.290068028400924,20.4157748987829,5.990917336864815,21.0,1,0.5842251012171005,20.4157748987829,20.5,21.5
595.0,20.292208198262617,20.322666349150378,5.992433007350416,21.0,1,0.6773336508496222,20.322666349150378,20.5,21.5
596.0,20.294348243224434,20.310890333507164,5.993947922055111,21.0,1,0.6891096664928362,20.310890333507164,20.5,21.5
597.0,20.2964881631602,20.32610627006039,5.9954620798252245,21.0,1,0.6738937299396106,20.32610627006039,20.5,21.5
598.0,20.29862795794353,20.33439205414274,5.99697547950766,21.0,1,0.6656079458572606,20.33439205414274,20.5,21.5
599.0,20.300767627447843,20.427346296706936,5.9984881199499,21.0,1,0.5726537032930636,20.427346296706936,20.5,21.5
600.0,20.302907171546345,20.526876088672815,6.0,21.0,1,0.47312391132718545,20.526876088672815,20.5,21.5
601.0,20.305046590112035,20.51871024290414,6.001511118506599,21.0,1,0.4812897570958583,20.51871024290414,20.5,21.5
602.0,20.307185883017713,20.512722713127594,6.003021474318914,21.0,1,0.48727728687240557,20.512722713127594,20.5,21.5
603.0,20.309325050135975,20.507949701231116,6.004531066286745,21.0,1,0.4920502987688842,20.507949701231116,20.5,21.5
604.0,20.311464091339204,20.44918088505061,6.0060398932604695,21.0,1,0.5508191149493911,20.44918088505061,20.5,21.5
605.0,20.313603006499587,20.411473472063236,6.007547954091052,21.0,1,0.5885265279367644,20.411473472063236,20.5,21.5
606.0,20.315741795489107,20.51063499043993,6.009055247630038,21.0,1,0.48936500956007123,20.51063499043993,20.5,21.5
607.0,20.317880458179534,20.528156681410767,6.010561772729559,21.0,1,0.471843318589233,20.528156681410767,20.5,21.5
608.0,20.320018994442442,20.53428190004842,6.012067528242327,21.0,1,0.4657180999515802,20.53428190004842,20.5,21.5
609.0,20.322157404149202,20.536717576161426,6.013572513021648,21.0,1,0.46328242383857443,20.536717576161426,20.5,21.5
610.0,20.324295687170977,20.581822073500383,6.015076725921408,21.0,1,0.4181779264996166,20.581822073500383,20.5,21.5
611.0,20.326433843378727,20.570251816437406,6.016580165796085,21.0,1,0.4297481835625945,20.570251816437406,20.5,21.5
612.0,20.32857187264321,20.60506035033917,6.018082831500743,21.0,1,0.39493964966083084,20.60506035033917,20.5,21.5
613.0,20.330709774834983,20.63220512208431,6.019584721891037,21.0,1,0.36779487791568855,20.63220512208431,20.5,21.5
614.0,20.332847549824393,20.67664557857178,6.021085835823211,21.0,1,0.32335442142822046,20.67664557857178,20.5,21.5
615.0,20.334985197481593,20.639543477620833,6.022586172154104,21.0,1,0.3604565223791667,20.639543477620833,20.5,21.5
616.0,20.33712271767653,20.58969899871806,6.024085729741143,21.0,1,0.41030100128194036,20.58969899871806,20.5,21.5
617.0,20.339260110278943,20.64944866722447,6.02558450744235,21.0,1,0.35055133277553097,20.64944866722447,20.5,21.5
618.0,20.341397375158376,20.56407332827371,6.02708250411634,21.0,1,0.43592667172628907,20.56407332827371,20.5,21.5
619.0,20.343534512184167,20.615787961237203,6.028579718622325,21.0,1,0.3842120387627972,20.615787961237203,20.5,21.5
620.0,20.345671521225455,20.63747787132137,6.0300761498201085,21.0,1,0.36252212867863065,20.63747787132137,20.5,21.5
621.0,20.347808402151173,20.58430282080502,6.031571796570095,21.0,1,0.4156971791949786,20.58430282080502,20.5,21.5
622.0,20.349945154830056,20.4247633270813,6.033066657733284,21.0,1,0.5752366729186988,20.4247633270813,20.5,21.5
623.0,20.352081779130636,20.585733076400622,6.034560732171273,21.0,1,0.4142669235993779,20.585733076400622,20.5,21.5
624.0,20.354218274921244,20.39832874895684,6.036054018746261,21.0,1,0.601671251043161,20.39832874895684,20.5,21.5
625.0,20.35635464207001,20.395976923284426,6.037546516321043,21.0,1,0.6040230767155741,20.395976923284426,20.5,21.5
626.0,20.358490880444858,20.389767126102505,6.039038223759019,21.0,1,0.6102328738974947,20.389767126102505,20.5,21.5
627.0,20.36062698991352,20.495196470675864,6.040529139924188,21.0,1,0.5048035293241355,20.495196470675864,20.5,21.5
628.0,20.36276297034352,20.48755486461916,6.042019263681153,21.0,1,0.5124451353808404,20.48755486461916,20.5,21.5
629.0,20.36489882160219,20.65987305584967,6.043508593895119,21.0,1,0.34012694415033096,20.65987305584967,20.5,21.5
630.0,20.36703454355665,20.688957002522713,6.044997129431898,21.0,1,0.31104299747728703,20.688957002522713,20.5,21.5
631.0,20.369170136073823,20.74484383836679,6.046484869157903,21.0,1,0.2551561616332094,20.74484383836679,20.5,21.5
632.0,20.371305599020438,20.726972918117063,6.047971811940158,21.0,1,0.2730270818829368,20.726972918117063,20.5,21.5
633.0,20.373440932263023,20.650459794713377,6.04945795664629,21.0,1,0.34954020528662255,20.650459794713377,20.5,21.5
634.0,20.3755761356679,20.61463996009936,6.050943302144535,21.0,1,0.3853600399006396,20.61463996009936,20.5,21.5
635.0,20.377711209101193,20.625145970992058,6.052427847303739,21.0,1,0.37485402900794185,20.625145970992058,20.5,21.5
636.0,20.379846152428833,20.65444200813274,6.053911590993355,21.0,1,0.3455579918672598,20.65444200813274,20.5,21.5
637.0,20.381980965516547,20.644795282400327,6.055394532083448,21.0,1,0.35520471759967265,20.644795282400327,20.5,21.5
638.0,20.384115648229862,20.610638621881243,6.056876669444694,21.0,1,0.3893613781187568,20.610638621881243,20.5,21.5
639.0,20.386250200434105,20.606821153150154,6.058358001948381,21.0,1,0.39317884684984605,20.606821153150154,20.5,21.5
640.0,20.38838462199441,20.524587626603378,6.059838528466409,21.0,1,0.47541237339662246,20.524587626603378,20.5,21.5
641.0,20.390518912775704,20.46996650038193,6.061318247871295,21.0,1,0.5300334996180709,20.46996650038193,20.5,21.5
642.0,20.392653072642723,20.529956746363602,6.062797159036165,21.0,1,0.47004325363639765,20.529956746363602,20.5,21.5
643.0,20.39478710146,20.45207746757308,6.064275260834767,21.0,1,0.5479225324269201,20.45207746757308,20.5,21.5
644.0,20.396920999091876,20.461430091075233,6.0657525521414595,21.0,1,0.5385699089247673,20.461430091075233,20.5,21.5
645.0,20.399054765402486,20.535727264661283,6.067229031831223,21.0,1,0.46427273533871727,20.535727264661283,20.5,21.5
646.0,20.401188400255773,20.640911286986732,6.068704698779653,21.0,1,0.35908871301326784,20.640911286986732,20.5,21.5
647.0,20.40332190351548,20.557376755004874,6.070179551862964,21.0,1,0.44262324499512573,20.557376755004874,20.5,21.5
648.0,20.40545527504515,20.609171596734924,6.071653589957993,21.0,1,0.3908284032650755,20.609171596734924,20.5,21.5
649.0,20.40758851470813,20.616903542496935,6.0731268119421955,21.0,1,0.38309645750306487,20.616903542496935,20.5,21.5
650.0,20.409721622367577,20.598115588548946,6.074599216693647,21.0,1,0.4018844114510536,20.598115588548946,20.5,21.5
651.0,20.411854597886443,20.61394293479682,6.07607080309105,21.0,1,0.38605706520317895,20.61394293479682,20.5,21.5
652.0,20.41398744112748,20.749049135084917,6.077541570013726,21.0,1,0.2509508649150831,20.749049135084917,20.5,21.5
653.0,20.41612015195326,20.78213378447291,6.079011516341622,21.0,1,0.2178662155270885,20.78213378447291,20.5,21.5
654.0,20.418252730226136,20.841675797669886,6.08048064095531,21.0,1,0.1583242023301139,20.841675797669886,20.5,21.5
655.0,20.42038517580828,20.851743667837894,6.081948942735988,21.0,1,0.14825633216210576,20.851743667837894,20.5,21.5
656.0,20.422517488561667,20.695620598593884,6.083416420565479,21.0,1,0.3043794014061163,20.695620598593884,20.5,21.5
657.0,20.424649668348067,20.547507014762886,6.084883073326237,21.0,1,0.45249298523711445,20.547507014762886,20.5,21.5
658.0,20.426781715029062,20.555699838315313,6.086348899901341,21.0,1,0.4443001616846871,20.555699838315313,20.5,21.5
659.0,20.428913628466038,20.444586461712117,6.087813899174501,21.0,1,0.5554135382878833,20.444586461712117,20.5,21.5
660.0,20.43104540852018,20.493494352539038,6.089278070030054,21.0,1,0.5065056474609619,20.493494352539038,20.5,21.5
661.0,20.433177055052482,20.60351008093909,6.0907414113529725,21.0,1,0.3964899190609117,20.60351008093909,20.5,21.5
662.0,20.43530856792374,20.620225782435973,6.092203922028858,21.0,1,0.37977421756402663,20.620225782435973,20.5,21.5
663.0,20.437439946994562,20.727738997787636,6.093665600943945,21.0,1,0.27226100221236393,20.727738997787636,20.5,21.5
664.0,20.439571192125353,20.857392128347023,6.0951264469851,21.0,1,0.14260787165297728,20.857392128347023,20.5,21.5
665.0,20.441702303176324,20.85039444490905,6.096586459039828,21.0,1,0.1496055550909503,20.85039444490905,20.5,21.5
666.0,20.443833280007496,20.798140572861104,6.098045635996264,21.0,1,0.2018594271388956,20.798140572861104,20.5,21.5
667.0,20.445964122478692,20.834158442266904,6.099503976743181,21.0,1,0.1658415577330956,20.834158442266904,20.5,21.5
668.0,20.448094830449545,20.820068167706342,6.100961480169991,21.0,1,0.17993183229365783,20.820068167706342,20.5,21.5
669.0,20.450225403779488,20.766769445119873,6.102418145166741,21.0,1,0.23323055488012656,20.766769445119873,20.5,21.5
670.0,20.452355842327766,20.79747233230749,6.103873970624116,21.0,1,0.20252766769251096,20.79747233230749,20.5,21.5
671.0,20.454486145953425,20.832438731961204,6.105328955433444,21.0,1,0.16756126803879567,20.832438731961204,20.5,21.5
672.0,20.45661631451532,20.811968739223325,6.106783098486688,21.0,1,0.18803126077667542,20.811968739223325,20.5,21.5
673.0,20.458746347872115,20.711970614737808,6.108236398676457,21.0,1,0.2880293852621918,20.711970614737808,20.5,21.5
674.0,20.460876245882275,20.64573107228842,6.109688854895999,21.0,1,0.3542689277115798,20.64573107228842,20.5,21.5
675.0,20.46300600840408,20.571961458961074,6.111140466039204,21.0,1,0.42803854103892647,20.571961458961074,20.5,21.5
676.0,20.465135635295606,20.619253708682127,6.11259123100061,21.0,1,0.3807462913178732,20.619253708682127,20.5,21.5
677.0,20.46726512641475,20.696796327607352,6.114041148675393,21.0,1,0.3032036723926481,20.696796327607352,20.5,21.5
678.0,20.4693944816192,20.74044708843968,6.11549021795938,21.0,1,0.2595529115603199,20.74044708843968,20.5,21.5
679.0,20.47152370076647,20.847734779243964,6.116938437749042,21.0,1,0.15226522075603555,20.847734779243964,20.5,21.5
680.0,20.473652783713863,20.744726326128493,6.118385806941494,21.0,1,0.2552736738715069,20.744726326128493,20.5,21.5
681.0,20.47578173031851,20.658100136311226,6.119832324434503,21.0,1,0.34189986368877356,20.658100136311226,20.5,21.5
682.0,20.477910540437332,20.5785200774673,6.121277989126483,21.0,1,0.4214799225327006,20.5785200774673,20.5,21.5
683.0,20.48003921392707,20.545579687445205,6.122722799916498,21.0,1,0.4544203125547952,20.545579687445205,20.5,21.5
684.0,20.48216775064427,20.37997034761991,6.124166755704261,21.0,1,0.6200296523800901,20.37997034761991,20.5,21.5
685.0,20.48429615044528,20.49909351289626,6.125609855390137,21.0,1,0.500906487103741,20.49909351289626,20.5,21.5
686.0,20.48642441318627,20.56134618087352,6.1270520978751435,21.0,1,0.43865381912647905,20.56134618087352,20.5,21.5
687.0,20.48855253872321,20.577178339586666,6.128493482060948,21.0,1,0.4228216604133337,20.577178339586666,20.5,21.5
688.0,20.490680526911877,20.61630059374976,6.129934006849876,21.0,1,0.38369940625024057,20.61630059374976,20.5,21.5
689.0,20.492808377607865,20.772197393125225,6.131373671144904,21.0,1,0.22780260687477494,20.772197393125225,20.5,21.5
690.0,20.494936090666574,20.65037314190552,6.132812473849666,21.0,1,0.34962685809448146,20.65037314190552,20.5,21.5
691.0,20.49706366594321,20.55398642763258,6.1342504138684495,21.0,1,0.4460135723674199,20.55398642763258,20.5,21.5
692.0,20.499191103292794,20.585506109800985,6.135687490106203,21.0,1,0.41449389019901517,20.585506109800985,20.5,21.5
693.0,20.501318402570156,20.54680264378067,6.137123701468528,21.0,1,0.45319735621933077,20.54680264378067,20.5,21.5
694.0,20.503445563629935,20.456805181360956,6.138559046861689,21.0,1,0.5431948186390443,20.456805181360956,20.5,21.5
695.0,20.505572586326583,20.54032005815047,6.139993525192606,21.0,1,0.4596799418495294,20.54032005815047,20.5,21.5
696.0,20.507699470514357,20.598820140824927,6.141427135368863,21.0,1,0.40117985917507326,20.598820140824927,20.5,21.5
697.0,20.509826216047326,20.548207025408328,6.1428598762987034,21.0,1,0.45179297459167245,20.548207025408328,20.5,21.5
698.0,20.511952822779378,20.57851401297839,6.1442917468910325,21.0,1,0.42148598702161166,20.57851401297839,20.5,21.5
699.0,20.5140792905642,20.615421321224968,6.145722746055418,21.0,1,0.38457867877503205,20.615421321224968,20.5,21.5
700.0,20.5162056192553,20.73221203264924,6.147152872702092,21.0,1,0.2677879673507597,20.73221203264924,20.5,21.5
701.0,20.518331808705987,20.690304326942137,6.148582125741951,21.0,1,0.3096956730578633,20.690304326942137,20.5,21.5
702.0,20.520457858769394,20.760149679546977,6.150010504086557,21.0,1,0.2398503204530229,20.760149679546977,20.5,21.5
703.0,20.522583769298457,20.688769121299295,6.151438006648137,21.0,1,0.3112308787007052,20.688769121299295,20.5,21.5
704.0,20.524709540145928,20.72117303778071,6.152864632339586,21.0,1,0.2788269622192914,20.72117303778071,20.5,21.5
705.0,20.526835171164365,20.649201325952163,6.1542903800744675,21.0,1,0.35079867404783727,20.649201325952163,20.5,21.5
706.0,20.528960662206146,20.723620868465968,6.15571524876701,21.0,1,0.27637913153403204,20.723620868465968,20.5,21.5
707.0,20.531086013123456,20.630726251776906,6.157139237332117,21.0,1,0.3692737482230939,20.630726251776906,20.5,21.5
708.0,20.533211223768298,20.692954802999413,6.1585623446853575,21.0,1,0.30704519700058697,20.692954802999413,20.5,21.5
709.0,20.535336293992483,20.72392219232021,6.159984569742974,21.0,1,0.2760778076797905,20.72392219232021,20.5,21.5
710.0,20.537461223647632,20.707486682946367,6.1614059114218795,21.0,1,0.2925133170536327,20.707486682946367,20.5,21.5
711.0,20.539586012585186,20.744370106980675,6.162826368639661,21.0,1,0.25562989301932504,20.744370106980675,20.5,21.5
712.0,20.541710660656396,20.837501641456935,6.164245940314579,21.0,1,0.16249835854306482,20.837501641456935,20.5,21.5
713.0,20.543835167712327,20.913767079884916,6.165664625365567,21.0,1,0.08623292011508354,20.913767079884916,20.5,21.5
714.0,20.54595953360386,20.833072738719675,6.167082422712235,21.0,1,0.16692726128032476,20.833072738719675,20.5,21.5
715.0,20.548083758181683,20.834645265390577,6.168499331274869,21.0,1,0.16535473460942285,20.834645265390577,20.5,21.5
716.0,20.550207841296302,20.858439390807902,6.169915349974431,21.0,1,0.14156060919209779,20.858439390807902,20.5,21.5
717.0,20.55233178279804,20.907181312910513,6.171330477732561,21.0,1,0.09281868708948693,20.907181312910513,20.5,21.5
718.0,20.554455582537024,20.827519964181807,6.1727447134715785,21.0,1,0.17248003581819304,20.827519964181807,20.5,21.5
719.0,20.55657924036321,20.83289406656177,6.17415805611448,21.0,1,0.16710593343822921,20.83289406656177,20.5,21.5
720.0,20.55870275612636,20.84174756181772,6.175570504584947,21.0,1,0.15825243818228074,20.84174756181772,20.5,21.5
721.0,20.560826129676048,20.74570465455956,6.176982057807334,21.0,1,0.25429534544043975,20.74570465455956,20.5,21.5
722.0,20.562949360861673,20.68830627527226,6.178392714706684,21.0,1,0.31169372472773915,20.68830627527226,20.5,21.5
723.0,20.56507244953244,20.69950339642136,6.179802474208721,21.0,1,0.3004966035786403,20.69950339642136,20.5,21.5
724.0,20.567195395537375,20.74821492722763,6.181211335239851,21.0,1,0.25178507277237117,20.74821492722763,20.5,21.5
725.0,20.569318198725316,20.758787905126393,6.1826192967271645,21.0,1,0.24121209487360673,20.758787905126393,20.5,21.5
726.0,20.571440858944918,20.830194485165443,6.184026357598439,21.0,1,0.16980551483455741,20.830194485165443,20.5,21.5
727.0,20.57356337604465,20.91350361164708,6.185432516782136,21.0,1,0.08649638835291995,20.91350361164708,20.5,21.5
728.0,20.575685749872797,20.90198734028627,6.186837773207403,21.0,1,0.09801265971373141,20.90198734028627,20.5,21.5
729.0,20.577807980277463,20.901812706659676,6.188242125804077,21.0,1,0.09818729334032383,20.901812706659676,20.5,21.5
730.0,20.579930067106567,20.915640136318217,6.189645573502682,21.0,1,0.08435986368178305,20.915640136318217,20.5,21.5
731.0,20.582052010207846,20.864828371958264,6.191048115234433,21.0,1,0.13517162804173566,20.864828371958264,20.5,21.5
732.0,20.58417380942885,20.789240595480656,6.192449749931232,21.0,1,0.21075940451934372,20.789240595480656,20.5,21.5
733.0,20.586295464616953,20.872578867112836,6.1938504765256726,21.0,1,0.1274211328871644,20.872578867112836,20.5,21.5
734.0,20.588416975619335,20.882903570341103,6.195250293951043,21.0,1,0.117096429658897,20.882903570341103,20.5,21.5
735.0,20.590538342283,20.879732457841552,6.196649201141318,21.0,1,0.12026754215844804,20.879732457841552,20.5,21.5
736.0,20.592659564454774,20.89742542228504,6.198047197031172,21.0,1,0.10257457771496092,20.89742542228504,20.5,21.5
737.0,20.594780641981288,20.909953211824053,6.199444280555968,21.0,1,0.0900467881759468,20.909953211824053,20.5,21.5
738.0,20.596901574709,20.83402656440641,6.200840450651768,21.0,1,0.1659734355935889,20.83402656440641,20.5,21.5
739.0,20.599022362484188,20.813585096338535,6.202235706255326,21.0,1,0.18641490366146485,20.813585096338535,20.5,21.5
740.0,20.60114300515294,20.815580596488672,6.203630046304096,21.0,1,0.18441940351132757,20.815580596488672,20.5,21.5
741.0,20.603263502561173,20.862882173297276,6.2050234697362265,21.0,1,0.137117826702724,20.862882173297276,20.5,21.5
742.0,20.60538385455461,20.83053852750717,6.206415975490565,21.0,1,0.16946147249283072,20.83053852750717,20.5,21.5
743.0,20.607504060978798,20.734329302745333,6.207807562506657,21.0,1,0.2656706972546665,20.734329302745333,20.5,21.5
744.0,20.609624121679104,20.76623749446305,6.209198229724749,21.0,1,0.23376250553695144,20.76623749446305,20.5,21.5
745.0,20.611744036500713,20.69673676662514,6.2105879760857885,21.0,1,0.30326323337486016,20.69673676662514,20.5,21.5
746.0,20.61386380528863,20.60611176738079,6.211976800531422,21.0,1,0.39388823261921146,20.60611176738079,20.5,21.5
747.0,20.61598342788768,20.70584100395483,6.213364702003999,21.0,1,0.2941589960451694,20.70584100395483,20.5,21.5
748.0,20.618102904142503,20.705813431424858,6.214751679446573,21.0,1,0.29418656857514236,20.705813431424858,20.5,21.5
749.0,20.620222233897564,20.5533146001821,6.216137731802901,21.0,1,0.44668539981789834,20.5533146001821,20.5,21.5
750.0,20.622341416997145,20.53701863427593,6.217522858017441,21.0,1,0.4629813657240689,20.53701863427593,20.5,21.5
751.0,20.624460453285348,20.56575438582779,6.218907057035362,21.0,1,0.43424561417220886,20.56575438582779,20.5,21.5
752.0,20.6265793426061,20.54456862927656,6.220290327802536,21.0,1,0.45543137072343853,20.54456862927656,20.5,21.5
753.0,20.62869808480314,20.664814305949953,6.22167266926554,21.0,1,0.33518569405004683,20.664814305949953,20.5,21.5
754.0,20.630816679720034,20.832042084839788,6.2230540803716625,21.0,1,0.16795791516021197,20.832042084839788,20.5,21.5
755.0,20.632935127200163,20.863462175577496,6.224434560068898,21.0,1,0.13653782442250417,20.863462175577496,20.5,21.5
756.0,20.63505342708674,20.930405046070987,6.225814107305953,21.0,1,0.0695949539290126,20.930405046070987,20.5,21.5
757.0,20.637171579222784,20.84992041410562,6.227192721032241,21.0,1,0.15007958589438175,20.84992041410562,20.5,21.5
758.0,20.639289583451145,20.864039583506774,6.228570400197887,21.0,1,0.13596041649322643,20.864039583506774,20.5,21.5
759.0,20.641407439614493,20.82527154521957,6.229947143753728,21.0,1,0.17472845478042842,20.82527154521957,20.5,21.5
760.0,20.64352514755532,20.872239196699233,6.231322950651316,21.0,1,0.12776080330076667,20.872239196699233,20.5,21.5
761.0,20.64564270711594,20.83211005357753,6.2326978198429135,21.0,1,0.1678899464224699,20.83211005357753,20.5,21.5
762.0,20.647760118138486,20.837375412018737,6.2340717502814975,21.0,1,0.1626245879812629,20.837375412018737,20.5,21.5
763.0,20.649877380464915,20.79591296641679,6.23544474092076,21.0,1,0.20408703358321034,20.79591296641679,20.5,21.5
764.0,20.651994493937007,20.8029962607579,6.236816790715109,21.0,1,0.19700373924209913,20.8029962607579,20.5,21.5
765.0,20.65411145839636,20.773413860196623,6.2381878986196675,21.0,1,0.22658613980337705,20.773413860196623,20.5,21.5
766.0,20.656228273684405,20.722075925818718,6.23955806359028,21.0,1,0.27792407418128207,20.722075925818718,20.5,21.5
767.0,20.658344939642387,20.73415830329789,6.240927284583504,21.0,1,0.2658416967021111,20.73415830329789,20.5,21.5
768.0,20.660461456111374,20.803995855068024,6.24229556055662,21.0,1,0.19600414493197604,20.803995855068024,20.5,21.5
769.0,20.662577822932263,20.859999055550432,6.2436628904676255,21.0,1,0.140000944449568,20.859999055550432,20.5,21.5
770.0,20.664694039945772,20.79794818726531,6.2450292732752395,21.0,1,0.20205181273469108,20.79794818726531,20.5,21.5
771.0,20.666810106992436,20.761858569888606,6.246394707938901,21.0,1,0.23814143011139421,20.761858569888606,20.5,21.5
772.0,20.668926023912626,20.798674928050882,6.247759193418772,21.0,1,0.20132507194911753,20.798674928050882,20.5,21.5
773.0,20.67104179054653,20.81256364416713,6.249122728675739,21.0,1,0.18743635583286888,20.81256364416713,20.5,21.5
774.0,20.673157406734155,20.755166401205884,6.25048531267141,21.0,1,0.24483359879411637,20.755166401205884,20.5,21.5
775.0,20.675272872315343,20.90363713966701,6.251846944368118,21.0,1,0.09636286033299157,20.90363713966701,20.5,21.5
776.0,20.677388187129754,20.982050469689504,6.253207622728921,21.0,1,0.01794953031049573,20.982050469689504,20.5,21.5
777.0,20.679503351016873,20.962989680744894,6.254567346717603,21.0,1,0.03701031925510634,20.962989680744894,20.5,21.5
778.0,20.681618363816014,20.92474987393979,6.255926115298676,21.0,1,0.07525012606021164,20.92474987393979,20.5,21.5
779.0,20.68373322536631,21.049524580051553,6.257283927437378,21.0,1,-0.04952458005155336,21.049524580051553,20.5,21.5
780.0,20.685847935506725,21.00935800180745,6.258640782099675,21.0,1,-0.009358001807449057,21.00935800180745,20.5,21.5
781.0,20.687962494076043,21.03938622505542,6.259996678252264,21.0,1,-0.03938622505542,21.03938622505542,20.5,21.5
782.0,20.690076900912878,21.01942490833924,6.261351614862573,21.0,1,-0.019424908339239266,21.01942490833924,20.5,21.5
783.0,20.692191155855667,21.064471174416393,6.262705590898755,21.0,1,-0.0644711744163935,21.064471174416393,20.5,21.5
784.0,20.694305258742677,20.983810819355437,6.264058605329701,21.0,1,0.016189180644563095,20.983810819355437,20.5,21.5
785.0,20.696419209411996,21.000836577936987,6.265410657125032,21.0,1,-0.000836577936986771,21.000836577936987,20.5,21.5
786.0,20.69853300770154,21.090104909399447,6.2667617452551,21.0,1,-0.0901049093994466,21.090104909399447,20.5,21.5
787.0,20.70064665344905,21.083477280037602,6.268111868690994,21.0,1,-0.08347728003760224,21.083477280037602,20.5,21.5
788.0,20.702760146492096,20.952840710922402,6.269461026404535,21.0,1,0.04715928907759803,20.952840710922402,20.5,21.5
789.0,20.704873486668077,20.926117618131578,6.2708092173682815,21.0,1,0.07388238186842244,20.926117618131578,20.5,21.5
790.0,20.706986673814217,20.841071960722214,6.272156440555528,21.0,1,0.15892803927778587,20.841071960722214,20.5,21.5
791.0,20.709099707767567,20.823654270541294,6.273502694940304,21.0,1,0.1763457294587063,20.823654270541294,20.5,21.5
792.0,20.711212588365,20.809806598727896,6.2748479794973795,21.0,1,0.19019340127210427,20.809806598727896,20.5,21.5
793.0,20.713325315443228,20.879542924053744,6.276192293202261,21.0,1,0.12045707594625554,20.879542924053744,20.5,21.5
794.0,20.71543788883878,20.95693428228551,6.277535635031195,21.0,1,0.04306571771449086,20.95693428228551,20.5,21.5
795.0,20.717550308388017,21.070818453049526,6.27887800396117,21.0,1,-0.07081845304952594,21.070818453049526,20.5,21.5
796.0,20.71966257392713,20.931970079229284,6.280219398969911,21.0,1,0.06802992077071579,20.931970079229284,20.5,21.5
797.0,20.72177468529214,21.031820260830393,6.2815598190358894,21.0,1,-0.031820260830393465,21.031820260830393,20.5,21.5
798.0,20.723886642318888,21.010846494524948,6.282899263138315,21.0,1,-0.010846494524948014,21.010846494524948,20.5,21.5
799.0,20.725998444843054,20.902741098621004,6.2842377302571455,21.0,1,0.0972589013789964,20.902741098621004,20.5,21.5
800.0,20.728110092700135,20.840173293105984,6.2855752193730785,21.0,1,0.159826706894016,20.840173293105984,20.5,21.5
801.0,20.73022158572547,20.85775941507908,6.286911729467558,21.0,1,0.14224058492091984,20.85775941507908,20.5,21.5
802.0,20.732332923754218,20.818006026046547,6.288247259522773,21.0,1,0.1819939739534533,20.818006026046547,20.5,21.5
803.0,20.73444410662137,20.92980242553726,6.28958180852166,21.0,1,0.070197574462739,20.92980242553726,20.5,21.5
804.0,20.73655513416175,20.952170942194936,6.290915375447901,21.0,1,0.04782905780506397,20.952170942194936,20.5,21.5
805.0,20.738666006210007,21.112001972571356,6.292247959285928,21.0,1,-0.11200197257135613,21.112001972571356,20.5,21.5
806.0,20.74077672260062,21.161536796019995,6.293579559020919,21.0,1,-0.1615367960199947,21.161536796019995,20.5,21.5
807.0,20.742887283167907,21.186802620900806,6.2949101736388045,21.0,1,-0.18680262090080646,21.186802620900806,20.5,21.5
808.0,20.744997687746,21.145049550736683,6.296239802126262,21.0,1,-0.14504955073668313,21.145049550736683,20.5,21.5
809.0,20.747107936168877,21.16601410466556,6.297568443470722,21.0,1,-0.16601410466556032,21.16601410466556,20.5,21.5
810.0,20.749218028270338,21.00351116492399,6.298896096660367,21.0,1,-0.00351116492398873,21.00351116492399,20.5,21.5
811.0,20.751327963884016,20.98524672409284,6.3002227606841315,21.0,1,0.014753275907160912,20.98524672409284,20.5,21.5
812.0,20.753437742843374,20.958863641226394,6.301548434531702,21.0,1,0.04113635877360622,20.958863641226394,20.5,21.5
813.0,20.755547364981712,20.877639837676462,6.302873117193521,21.0,1,0.12236016232353819,20.877639837676462,20.5,21.5
814.0,20.757656830132156,20.945351895032434,6.304196807660785,21.0,1,0.05464810496756556,20.945351895032434,20.5,21.5
815.0,20.759766138127663,20.99246505346276,6.305519504925445,21.0,1,0.007534946537241183,20.99246505346276,20.5,21.5
816.0,20.761875288801022,21.057941664178696,6.306841207980211,21.0,1,-0.05794166417869562,21.057941664178696,20.5,21.5
817.0,20.763984281984857,21.061592349948597,6.308161915818548,21.0,1,-0.0615923499485973,21.061592349948597,20.5,21.5
818.0,20.766093117511623,21.19237147771617,6.309481627434679,21.0,1,-0.19237147771616847,21.19237147771617,20.5,21.5
819.0,20.768201795213606,21.074552193569435,6.310800341823588,21.0,1,-0.07455219356943488,21.074552193569435,20.5,21.5
820.0,20.770310314922927,21.097412301517057,6.3121180579810146,21.0,1,-0.09741230151705693,21.097412301517057,20.5,21.5
821.0,20.77241867647154,21.11041909982034,6.313434774903461,21.0,1,-0.1104190998203407,21.11041909982034,20.5,21.5
822.0,20.774526879691226,21.142093649134704,6.314750491588192,21.0,1,-0.14209364913470424,21.142093649134704,20.5,21.5
823.0,20.776634924413607,21.196412219768142,6.316065207033229,21.0,1,-0.19641221976814194,21.196412219768142,20.5,21.5
824.0,20.77874281047013,21.2363494724677,6.317378920237361,21.0,1,-0.2363494724677011,21.2363494724677,20.5,21.5
825.0,20.780850537692086,21.199998840635907,6.318691630200138,21.0,1,-0.19999884063590656,21.199998840635907,20.5,21.5
826.0,20.782958105910588,21.153586489572934,6.320003335921873,21.0,1,-0.15358648957293397,21.153586489572934,20.5,21.5
827.0,20.78506551495659,21.18407132731968,6.321314036403647,21.0,1,-0.18407132731967835,21.18407132731968,20.5,21.5
828.0,20.787172764660877,21.012586284403774,6.322623730647304,21.0,1,-0.012586284403774073,21.012586284403774,20.5,21.5
829.0,20.789279854854072,21.014418237832395,6.323932417655453,21.0,1,-0.014418237832394709,21.014418237832395,20.5,21.5
830.0,20.791386785366633,20.987142659772275,6.325240096431475,21.0,1,0.012857340227725444,20.987142659772275,20.5,21.5
831.0,20.793493556028846,20.949991511644946,6.326546765979513,21.0,1,0.050008488355054226,20.949991511644946,20.5,21.5
832.0,20.795600166670837,20.963107716001566,6.327852425304483,21.0,1,0.036892283998433584,20.963107716001566,20.5,21.5
833.0,20.797706617122564,20.99454449872047,6.329157073412068,21.0,1,0.005455501279531205,20.99454449872047,20.5,21.5
834.0,20.799812907213823,20.97372461486731,6.3304607093087215,21.0,1,0.026275385132688456,20.97372461486731,20.5,21.5
835.0,20.801919036774244,21.018095108566094,6.331763332001668,21.0,1,-0.018095108566093643,21.018095108566094,20.5,21.5
836.0,20.80402500563329,21.037364912181115,6.333064940498905,21.0,1,-0.03736491218111482,21.037364912181115,20.5,21.5
837.0,20.80613081362026,20.997655446027345,6.3343655338091995,21.0,1,0.0023445539726552056,20.997655446027345,20.5,21.5
838.0,20.8082364605643,20.989887084750855,6.335665110942093,21.0,1,0.01011291524914526,20.989887084750855,20.5,21.5
839.0,20.810341946294376,21.006054287333836,6.3369636709079025,21.0,1,-0.006054287333835617,21.006054287333836,20.5,21.5
840.0,20.812447270639296,20.968252505898473,6.3382612127177165,21.0,1,0.031747494101526996,20.968252505898473,20.5,21.5
841.0,20.81455243342771,20.995989111410736,6.339557735383401,21.0,1,0.004010888589263573,20.995989111410736,20.5,21.5
842.0,20.816657434488103,21.00313847943543,6.340853237917598,21.0,1,-0.0031384794354316625,21.00313847943543,20.5,21.5
843.0,20.81876227364879,21.02584564918115,6.342147719333726,21.0,1,-0.025845649181150065,21.02584564918115,20.5,21.5
844.0,20.820866950737926,20.996055039176266,6.34344117864598,21.0,1,0.003944960823734078,20.996055039176266,20.5,21.5
845.0,20.822971465583507,21.00208374724561,6.344733614869336,21.0,1,-0.0020837472456101125,21.00208374724561,20.5,21.5
846.0,20.825075818013364,20.980066877354666,6.346025027019547,21.0,1,0.019933122645333867,20.980066877354666,20.5,21.5
847.0,20.827180007855166,20.913570590751206,6.347315414113146,21.0,1,0.08642940924879383,20.913570590751206,20.5,21.5
848.0,20.829284034936418,20.899861244537455,6.348604775167447,21.0,1,0.10013875546254525,20.899861244537455,20.5,21.5
849.0,20.831387899084465,20.909971032492887,6.349893109200545,21.0,1,0.09002896750711287,20.909971032492887,20.5,21.5
850.0,20.83349160012649,20.95718772035876,6.351180415231321,21.0,1,0.04281227964123957,20.95718772035876,20.5,21.5
851.0,20.83559513788951,20.90621193422268,6.352466692279431,21.0,1,0.09378806577732135,20.90621193422268,20.5,21.5
852.0,20.837698512200387,20.863320030326975,6.3537519393653215,21.0,1,0.13667996967302543,20.863320030326975,20.5,21.5
853.0,20.83980172288582,20.826368020282494,6.35503615551022,21.0,1,0.17363197971750566,20.826368020282494,20.5,21.5
854.0,20.841904769772345,20.80138909299995,6.3563193397361415,21.0,1,0.1986109070000488,20.80138909299995,20.5,21.5
855.0,20.844007652686336,20.813128714850535,6.357601491065884,21.0,1,0.18687128514946494,20.813128714850535,20.5,21.5
856.0,20.846110371454014,20.847478484204952,6.358882608523033,21.0,1,0.1525215157950477,20.847478484204952,20.5,21.5
857.0,20.84821292590143,20.881056552466717,6.360162691131963,21.0,1,0.11894344753328312,20.881056552466717,20.5,21.5
858.0,20.850315315854473,20.950324539803642,6.361441737917835,21.0,1,0.049675460196358046,20.950324539803642,20.5,21.5
859.0,20.852417541138887,21.007619444378626,6.3627197479066,21.0,1,-0.007619444378626383,21.007619444378626,20.5,21.5
860.0,20.85451960158024,20.97819241065875,6.363996720124997,21.0,1,0.021807589341250377,20.97819241065875,20.5,21.5
861.0,20.85662149700395,21.05174806080048,6.365272653600556,21.0,1,-0.051748060800481,21.05174806080048,20.5,21.5
862.0,20.85872322723527,21.053888294703935,6.3665475473615984,21.0,1,-0.05388829470393475,21.053888294703935,20.5,21.5
863.0,20.860824792099294,21.018554722952587,6.367821400437236,21.0,1,-0.018554722952586644,21.018554722952587,20.5,21.5
864.0,20.86292619142096,21.14172521090563,6.3690942118573775,21.0,1,-0.14172521090562995,21.14172521090563,20.5,21.5
865.0,20.865027425025048,21.01370839433455,6.370365980652718,21.0,1,-0.013708394334550178,21.01370839433455,20.5,21.5
866.0,20.867128492736175,20.9539141633685,6.371636705854753,21.0,1,0.046085836631501564,20.9539141633685,20.5,21.5
867.0,20.8692293943788,21.13438942215555,6.372906386495767,21.0,1,-0.13438942215555016,21.13438942215555,20.5,21.5
868.0,20.87133012977722,21.18625402452204,6.3741750216088455,21.0,1,-0.18625402452203943,21.18625402452204,20.5,21.5
869.0,20.873430698755588,21.04500824877287,6.375442610227868,21.0,1,-0.04500824877287002,21.04500824877287,20.5,21.5
870.0,20.87553110113788,21.116411746736667,6.376709151387508,21.0,1,-0.11641174673666654,21.116411746736667,20.5,21.5
871.0,20.877631336747932,21.211214863588125,6.377974644123241,21.0,1,-0.21121486358812547,21.211214863588125,20.5,21.5
872.0,20.879731405409405,21.03350042835264,6.37923908747134,21.0,1,-0.03350042835263878,21.03350042835264,20.5,21.5
873.0,20.881831306945816,21.038906454611077,6.380502480468874,21.0,1,-0.03890645461107667,21.038906454611077,20.5,21.5
874.0,20.88393104118052,21.10499403407994,6.381764822153716,21.0,1,-0.10499403407994023,21.10499403407994,20.5,21.5
875.0,20.886030607936714,21.14776002051473,6.383026111564538,21.0,1,-0.14776002051473114,21.14776002051473,20.5,21.5
876.0,20.88813000703744,21.11729082460608,6.384286347740813,21.0,1,-0.11729082460607998,21.11729082460608,20.5,21.5
877.0,20.89022923830558,21.182183066970886,6.385545529722816,21.0,1,-0.18218306697088593,21.182183066970886,20.5,21.5
878.0,20.892328301563865,21.160137543562275,6.386803656551626,21.0,1,-0.16013754356227494,21.160137543562275,20.5,21.5
879.0,20.89442719663486,21.244583279032817,6.3880607272691226,21.0,1,-0.24458327903281685,21.244583279032817,20.5,21.5
880.0,20.896525923340988,21.189199870758863,6.3893167409179945,21.0,1,-0.1891998707588627,21.189199870758863,20.5,21.5
881.0,20.898624481504502,21.197258791004383,6.3905716965417305,21.0,1,-0.19725879100438348,21.197258791004383,20.5,21.5
882.0,20.900722870947508,21.270818815053246,6.391825593184628,21.0,1,-0.27081881505324645,21.270818815053246,20.5,21.5
883.0,20.902821091491955,21.313068994308573,6.393078429891791,21.0,1,-0.3130689943085727,21.313068994308573,20.5,21.5
884.0,20.904919142959635,21.238335630972507,6.394330205709129,21.0,1,-0.23833563097250732,21.238335630972507,20.5,21.5
885.0,20.907017025172184,21.274218474285156,6.39558091968336,21.0,1,-0.27421847428515633,21.274218474285156,20.5,21.5
886.0,20.909114737951086,21.25280759021849,6.3968305708620115,21.0,1,-0.25280759021849164,21.25280759021849,20.5,21.5
887.0,20.911212281117667,21.16952704022512,6.39807915829342,21.0,1,-0.16952704022511966,21.16952704022512,20.5,21.5
888.0,20.9133096544931,21.156105168300815,6.39932668102673,21.0,1,-0.15610516830081522,21.156105168300815,20.5,21.5
889.0,20.915406857898407,21.116223214742185,6.400573138111902,21.0,1,-0.11622321474218467,21.116223214742185,20.5,21.5
890.0,20.91750389115445,21.178019855851876,6.401818528599701,21.0,1,-0.17801985585187552,21.178019855851876,20.5,21.5
891.0,20.919600754081937,21.151428884813022,6.403062851541711,21.0,1,-0.15142888481302208,21.151428884813022,20.5,21.5
892.0,20.92169744650143,21.065800438559997,6.404306105990325,21.0,1,-0.06580043855999662,21.065800438559997,20.5,21.5
893.0,20.923793968233326,20.979239335554478,6.40554829099875,21.0,1,0.020760664445521826,20.979239335554478,20.5,21.5
894.0,20.925890319097878,20.945406706805446,6.406789405621008,21.0,1,0.05459329319455364,20.945406706805446,20.5,21.5
895.0,20.927986498915182,20.871523761895588,6.408029448911937,21.0,1,0.12847623810441178,20.871523761895588,20.5,21.5
896.0,20.93008250750518,20.908808189782057,6.409268419927189,21.0,1,0.09119181021794276,20.908808189782057,20.5,21.5
897.0,20.932178344687664,21.0491488029327,6.410506317723235,21.0,1,-0.04914880293269874,21.0491488029327,20.5,21.5
898.0,20.93427401028227,21.13156747370731,6.411743141357362,21.0,1,-0.13156747370731026,21.13156747370731,20.5,21.5
899.0,20.936369504108484,21.111964923112282,6.412978889887674,21.0,1,-0.11196492311228212,21.111964923112282,20.5,21.5
900.0,20.93846482598564,21.154521734782186,6.414213562373095,21.0,1,-0.15452173478218612,21.154521734782186,20.5,21.5
901.0,20.940559975732917,21.128495682532623,6.415447157873368,21.0,1,-0.12849568253262333,21.128495682532623,20.5,21.5
902.0,20.942654953169345,21.040199620344076,6.416679675449058,21.0,1,-0.04019962034407598,21.040199620344076,20.5,21.5
903.0,20.9447497581138,21.024289395622844,6.417911114161547,21.0,1,-0.024289395622844268,21.024289395622844,20.5,21.5
904.0,20.94684439038501,21.125709082371877,6.419141473073042,21.0,1,-0.12570908237187695,21.125709082371877,20.5,21.5
905.0,20.948938849801547,21.06443190765484,6.420370751246571,21.0,1,-0.0644319076548392,21.06443190765484,20.5,21.5
906.0,20.951033136181834,20.97421840629184,6.421598947745985,21.0,1,0.025781593708160244,20.97421840629184,20.5,21.5
907.0,20.953127249344146,21.11082251212807,6.422826061635959,21.0,1,-0.11082251212807037,21.11082251212807,20.5,21.5
908.0,20.955221189106602,21.2185490129617,6.424052091981993,21.0,1,-0.2185490129616987,21.2185490129617,20.5,21.5
909.0,20.957314955287178,21.269115479985626,6.425277037850411,21.0,1,-0.2691154799856257,21.269115479985626,20.5,21.5
910.0,20.959408547703692,21.306862848606013,6.426500898308364,21.0,1,-0.30686284860601276,21.306862848606013,20.5,21.5
911.0,20.961501966173813,21.252092349586405,6.427723672423827,21.0,1,-0.25209234958640536,21.252092349586405,20.5,21.5
912.0,20.963595210515063,21.20657777276139,6.428945359265606,21.0,1,-0.20657777276138845,21.20657777276139,20.5,21.5
913.0,20.965688280544814,21.142478545697614,6.430165957903335,21.0,1,-0.14247854569761387,21.142478545697614,20.5,21.5
914.0,20.967781176080287,21.05746274620686,6.4313854674074715,21.0,1,-0.057462746206859094,21.05746274620686,20.5,21.5
915.0,20.96987389693855,21.013928045130406,6.432603886849308,21.0,1,-0.01392804513040602,21.013928045130406,20.5,21.5
916.0,20.971966442936534,21.158090489011855,6.4338212153009655,21.0,1,-0.15809048901185463,21.158090489011855,20.5,21.5
917.0,20.974058813891006,21.17090772587745,6.435037451835394,21.0,1,-0.1709077258774485,21.17090772587745,20.5,21.5
918.0,20.976151009618594,21.04956441201831,6.436252595526378,21.0,1,-0.04956441201830941,21.04956441201831,20.5,21.5
919.0,20.978243029935776,21.039156015965574,6.437466645448531,21.0,1,-0.03915601596557394,21.039156015965574,20.5,21.5
920.0,20.98033487465888,21.158174323745296,6.438679600677302,21.0,1,-0.15817432374529616,21.158174323745296,20.5,21.5
921.0,20.982426543604085,21.120736335036447,6.439891460288973,21.0,1,-0.12073633503644743,21.120736335036447,20.5,21.5
922.0,20.98451803658742,21.117842421718937,6.4411022233606605,21.0,1,-0.11784242171893666,21.117842421718937,20.5,21.5
923.0,20.986609353424775,21.164465511745526,6.442311888970315,21.0,1,-0.16446551174552582,21.164465511745526,20.5,21.5
924.0,20.988700493931884,21.176810126637424,6.443520456196724,21.0,1,-0.1768101266374238,21.176810126637424,20.5,21.5
925.0,20.990791457924338,21.091176127632135,6.444727924119511,21.0,1,-0.091176127632135,21.091176127632135,20.5,21.5
926.0,20.992882245217576,21.109818929498047,6.445934291819136,21.0,1,-0.10981892949804717,21.109818929498047,20.5,21.5
927.0,20.994972855626894,20.945996844385565,6.4471395583768984,21.0,1,0.05400315561443492,20.945996844385565,20.5,21.5
928.0,20.997063288967443,20.953096452290623,6.4483437228749345,21.0,1,0.04690354770937688,20.953096452290623,20.5,21.5
929.0,20.999153545054224,20.985702036171357,6.4495467843962215,21.0,1,0.014297963828642679,20.985702036171357,20.5,21.5
930.0,21.00124362370209,20.96752859674378,6.450748742024575,21.0,1,0.032471403256220555,20.96752859674378,20.5,21.5
931.0,21.003333524725758,20.93549236043794,6.451949594844653,21.0,1,0.06450763956205918,20.93549236043794,20.5,21.5
932.0,21.00542324793978,20.99378580412832,6.453149341941952,21.0,1,0.006214195871681483,20.99378580412832,20.5,21.5
933.0,21.007512793158583,21.05012200987723,6.454347982402814,21.0,1,-0.05012200987723148,21.05012200987723,20.5,21.5
934.0,21.009602160196433,21.10699350270958,6.455545515314421,21.0,1,-0.10699350270958163,21.10699350270958,20.5,21.5
935.0,21.01169134886746,21.012363537756393,6.4567419397648,21.0,1,-0.012363537756392873,21.012363537756393,20.5,21.5
936.0,21.01378035898564,21.113005546139366,6.4579372548428235,21.0,1,-0.11300554613936598,21.113005546139366,20.5,21.5
937.0,21.01586919036481,21.19983174913263,6.459131459638204,21.0,1,-0.19983174913263113,21.19983174913263,20.5,21.5
938.0,21.017957842818664,21.11893067810412,6.460324553241504,21.0,1,-0.11893067810412106,21.11893067810412,20.5,21.5
939.0,21.020046316160748,21.00796615363209,6.461516534744132,21.0,1,-0.007966153632089856,21.00796615363209,20.5,21.5
940.0,21.022134610204464,21.156707403404187,6.4627074032383405,21.0,1,-0.15670740340418732,21.156707403404187,20.5,21.5
941.0,21.02422272476307,21.087600069163138,6.463897157817232,21.0,1,-0.08760006916313756,21.087600069163138,20.5,21.5
942.0,21.02631065964968,21.12709680719914,6.4650857975747575,21.0,1,-0.12709680719914118,21.12709680719914,20.5,21.5
943.0,21.028398414677266,21.198581600101065,6.466273321605715,21.0,1,-0.19858160010106474,21.198581600101065,20.5,21.5
944.0,21.03048598965865,21.294432544823827,6.4674597290057525,21.0,1,-0.2944325448238274,21.294432544823827,20.5,21.5
945.0,21.03257338440652,21.27840361167631,6.468645018871371,21.0,1,-0.27840361167631045,21.27840361167631,20.5,21.5
946.0,21.03466059873341,21.32872719589515,6.46982919029992,21.0,1,-0.3287271958951514,21.32872719589515,20.5,21.5
947.0,21.036747632451725,21.250472720643735,6.471012242389601,21.0,1,-0.25047272064373516,21.250472720643735,20.5,21.5
948.0,21.038834485373712,21.226486960541,6.472194174239469,21.0,1,-0.22648696054099915,21.226486960541,20.5,21.5
949.0,21.040921157311484,21.108308901720306,6.47337498494943,21.0,1,-0.1083089017203065,21.108308901720306,20.5,21.5
950.0,21.043007648077012,21.185792580993027,6.474554673620248,21.0,1,-0.1857925809930272,21.185792580993027,20.5,21.5
951.0,21.04509395748212,21.17005520583482,6.475733239353537,21.0,1,-0.1700552058348208,21.17005520583482,20.5,21.5
952.0,21.047180085338493,21.262325138749627,6.476910681251767,21.0,1,-0.2623251387496275,21.262325138749627,20.5,21.5
953.0,21.049266031457677,21.288527852749937,6.478086998418267,21.0,1,-0.28852785274993664,21.288527852749937,20.5,21.5
954.0,21.05135179565107,21.359208613197495,6.479262189957219,21.0,1,-0.3592086131974952,21.359208613197495,20.5,21.5
955.0,21.05343737772993,21.34996107665941,6.4804362549736645,21.0,1,-0.3499610766594117,21.34996107665941,20.5,21.5
956.0,21.05552277750538,21.338510919457217,6.4816091925735,21.0,1,-0.33851091945721734,21.338510919457217,20.5,21.5
957.0,21.057607994788395,21.276636928296227,6.482781001863485,21.0,1,-0.2766369282962273,21.276636928296227,20.5,21.5
958.0,21.05969302938981,21.18963096422539,6.483951681951233,21.0,1,-0.18963096422539039,21.18963096422539,20.5,21.5
959.0,21.06177788112032,21.16215614800923,6.485121231945222,21.0,1,-0.16215614800923106,21.16215614800923,20.5,21.5
960.0,21.063862549790485,21.21024998375119,6.486289650954788,21.0,1,-0.21024998375118997,21.21024998375119,20.5,21.5
961.0,21.06594703521072,21.221482107757158,6.487456938090131,21.0,1,-0.22148210775715782,21.221482107757158,20.5,21.5
962.0,21.068031337191297,21.275363686612643,6.4886230924623085,21.0,1,-0.27536368661264277,21.275363686612643,20.5,21.5
963.0,21.07011545554235,21.321046161511696,6.489788113183244,21.0,1,-0.3210461615116955,21.321046161511696,20.5,21.5
964.0,21.072199390073877,21.332061416956588,6.490951999365724,21.0,1,-0.33206141695658786,21.332061416956588,20.5,21.5
965.0,21.074283140595735,21.258682299928108,6.492114750123399,21.0,1,-0.25868229992810754,21.258682299928108,20.5,21.5
966.0,21.07636670691764,21.267038795006123,6.493276364570782,21.0,1,-0.2670387950061226,21.267038795006123,20.5,21.5
967.0,21.07845008884917,21.218339528049388,6.494436841823255,21.0,1,-0.2183395280493876,21.218339528049388,20.5,21.5
968.0,21.080533286199763,21.341713159931974,6.4955961809970635,21.0,1,-0.3417131599319738,21.341713159931974,20.5,21.5
969.0,21.082616298778724,21.35454891062449,6.49675438120932,21.0,1,-0.3545489106244908,21.35454891062449,20.5,21.5
970.0,21.08469912639521,21.394621105338295,6.497911441578005,21.0,1,-0.3946211053382953,21.394621105338295,20.5,21.5
971.0,21.08678176885825,21.437822534230197,6.499067361221965,21.0,1,-0.4378225342301967,21.437822534230197,20.5,21.5
972.0,21.08886422597672,21.360147823162727,6.500222139260919,21.0,1,-0.36014782316272687,21.360147823162727,20.5,21.5
973.0,21.09094649755938,21.2157807621142,6.501375774815453,21.0,1,-0.21578076211419983,21.2157807621142,20.5,21.5
974.0,21.09302858341483,21.306965264899077,6.502528267007023,21.0,1,-0.30696526489907683,21.306965264899077,20.5,21.5
975.0,21.09511048335155,21.334909618325966,6.503679614957955,21.0,1,-0.3349096183259661,21.334909618325966,20.5,21.5
976.0,21.097192197177872,21.285835256479565,6.504829817791449,21.0,1,-0.2858352564795652,21.285835256479565,20.5,21.5
977.0,21.099273724701995,21.357084870174965,6.505978874631575,21.0,1,-0.3570848701749654,21.357084870174965,20.5,21.5
978.0,21.10135506573198,21.508536693965695,6.507126784603276,21.0,0,-0.508536693965695,21.508536693965695,20.5,21.5
979.0,21.098436220075754,21.483741327302102,6.508273546832369,21.0,0,-0.48374132730210206,21.483741327302102,20.5,21.5
980.0,21.095518187541106,21.46121908538848,6.509419160445544,21.0,0,-0.46121908538847833,21.46121908538848,20.5,21.5
981.0,21.092600967735688,21.519909389938295,6.510563624570367,21.0,0,-0.5199093899382952,21.519909389938295,20.5,21.5
982.0,21.089684560267056,21.485573010014868,6.511706938335279,21.0,0,-0.48557301001486763,21.485573010014868,20.5,21.5
983.0,21.08676896474267,21.47744591604438,6.512849100869596,21.0,0,-0.47744591604438114,21.47744591604438,20.5,21.5
984.0,21.083854180769897,21.28470964256771,6.513990111303513,21.0,0,-0.2847096425677087,21.28470964256771,20.5,21.5
985.0,21.080940207956004,21.295920874655625,6.515129968768099,21.0,0,-0.295920874655625,21.295920874655625,20.5,21.5
986.0,21.07802704590817,21.299491421789146,6.516268672395304,21.0,0,-0.29949142178914556,21.299491421789146,20.5,21.5
987.0,21.075114694233466,21.38845724857475,6.517406221317956,21.0,0,-0.38845724857474906,21.38845724857475,20.5,21.5
988.0,21.072203152538883,21.302277136232085,6.518542614669761,21.0,0,-0.3022771362320853,21.302277136232085,20.5,21.5
989.0,21.06929242043131,21.44494566405731,6.519677851585308,21.0,0,-0.44494566405731106,21.44494566405731,20.5,21.5
990.0,21.06638249751754,21.402686606342737,6.520811931200062,21.0,0,-0.402686606342737,21.402686606342737,20.5,21.5
991.0,21.06347338340428,21.32630821690104,6.521944852650374,21.0,0,-0.3263082169010403,21.32630821690104,20.5,21.5
992.0,21.06056507769813,21.265340313154592,6.523076615073474,21.0,0,-0.26534031315459217,21.265340313154592,20.5,21.5
993.0,21.057657580005603,21.323647690676456,6.524207217607476,21.0,0,-0.3236476906764558,21.323647690676456,20.5,21.5
994.0,21.054750889933125,21.342022277964663,6.525336659391376,21.0,0,-0.3420222779646629,21.342022277964663,20.5,21.5
995.0,21.051845007087017,21.305895535857047,6.526464939565058,21.0,0,-0.3058955358570472,21.305895535857047,20.5,21.5
996.0,21.048939931073512,21.3749423799809,6.527592057269285,21.0,0,-0.37494237998090085,21.3749423799809,20.5,21.5
997.0,21.046035661498752,21.365405634436392,6.528718011645708,21.0,0,-0.3654056344363923,21.365405634436392,20.5,21.5
998.0,21.04313219796878,21.302235802481864,6.529842801836864,21.0,0,-0.30223580248186366,21.302235802481864,20.5,21.5
999.0,21.040229540089555,21.107273071013672,6.5309664269861765,21.0,0,-0.10727307101367245,21.107273071013672,20.5,21.5
1000.0,21.037327687466934,21.164348051193734,6.532088886237956,21.0,0,-0.16434805119373408,21.164348051193734,20.5,21.5
1001.0,21.034426639706687,21.114798555631122,6.533210178737401,21.0,0,-0.11479855563112196,21.114798555631122,20.5,21.5
1002.0,21.031526396414492,21.12102635772377,6.534330303630599,21.0,0,-0.12102635772377113,21.12102635772377,20.5,21.5
1003.0,21.028626957195936,21.177473793174926,6.535449260064525,21.0,0,-0.17747379317492573,21.177473793174926,20.5,21.5
1004.0,21.02572832165651,21.393019007629423,6.536567047187047,21.0,0,-0.3930190076294231,21.393019007629423,20.5,21.5
1005.0,21.022830489401613,21.335421283742672,6.537683664146919,21.0,0,-0.3354212837426722,21.335421283742672,20.5,21.5
1006.0,21.01993346003656,21.289015207254533,6.53879911009379,21.0,0,-0.28901520725453267,21.289015207254533,20.5,21.5
1007.0,21.017037233166572,21.269737317914853,6.539913384178199,21.0,0,-0.2697373179148528,21.269737317914853,20.5,21.5
1008.0,21.014141808396776,21.267850970061865,6.541026485551578,21.0,0,-0.26785097006186476,21.267850970061865,20.5,21.5
1009.0,21.011247185332206,21.12021184278872,6.542138413366253,21.0,0,-0.12021184278871999,21.12021184278872,20.5,21.5
1010.0,21.00835336357781,21.062600051118793,6.54324916677544,21.0,0,-0.06260005111879252,21.062600051118793,20.5,21.5
1011.0,21.005460342738452,21.06152186300911,6.544358744933254,21.0,0,-0.06152186300910856,21.06152186300911,20.5,21.5
1012.0,21.00256812241889,21.088720979943183,6.545467146994702,21.0,0,-0.08872097994318295,21.088720979943183,20.5,21.5
1013.0,20.999676702223805,21.098574255980086,6.546574372115688,21.0,0,-0.09857425598008618,21.098574255980086,20.5,21.5
1014.0,20.996786081757783,21.111571341726,6.5476804194530125,21.0,0,-0.11157134172599825,21.111571341726,20.5,21.5
1015.0,20.993896260625323,21.131786705744574,6.548785288164371,21.0,0,-0.13178670574457385,21.131786705744574,20.5,21.5
1016.0,20.991007238430832,21.208588576418443,6.54988897740836,21.0,0,-0.20858857641844253,21.208588576418443,20.5,21.5
1017.0,20.98811901477863,21.224441417535626,6.5509914863444685,21.0,0,-0.2244414175356262,21.224441417535626,20.5,21.5
1018.0,20.985231589272942,21.108635185892467,6.552092814133092,21.0,0,-0.10863518589246723,21.108635185892467,20.5,21.5
1019.0,20.982344961517914,21.10382637404273,6.553192959935519,21.0,0,-0.10382637404272899,21.10382637404273,20.5,21.5
1020.0,20.979459131117597,21.147982569900424,6.554291922913942,21.0,0,-0.14798256990042447,21.147982569900424,20.5,21.5
1021.0,20.976574097675957,21.08491669340192,6.555389702231452,21.0,0,-0.08491669340191876,21.08491669340192,20.5,21.5
1022.0,20.973689860796867,21.111005450807404,6.556486297052042,21.0,0,-0.11100545080740432,21.111005450807404,20.5,21.5
1023.0,20.970806420084116,21.173897765976392,6.557581706540608,21.0,0,-0.17389776597639184,21.173897765976392,20.5,21.5
1024.0,20.967923775141408,21.182103225043573,6.5586759298629485,21.0,0,-0.1821032250435728,21.182103225043573,20.5,21.5
1025.0,20.96504192557235,21.235164022270176,6.559768966185763,21.0,0,-0.23516402227017608,21.235164022270176,20.5,21.5
1026.0,20.962160870980473,21.243303702052778,6.560860814676659,21.0,0,-0.24330370205277774,21.243303702052778,20.5,21.5
1027.0,20.959280610969213,21.17567822575695,6.561951474504146,21.0,0,-0.17567822575695047,21.17567822575695,20.5,21.5
1028.0,20.95640114514192,21.132184415875216,6.5630409448376374,21.0,0,-0.13218441587521568,21.132184415875216,20.5,21.5
1029.0,20.95352247310186,21.200840708955845,6.564129224847456,21.0,0,-0.2008407089558446,21.200840708955845,20.5,21.5
1030.0,20.950644594452207,21.136858868704145,6.565216313704828,21.0,0,-0.1368588687041452,21.136858868704145,20.5,21.5
1031.0,20.94776750879606,21.15753233005459,6.566302210581888,21.0,0,-0.15753233005458966,21.15753233005459,20.5,21.5
1032.0,20.944891215736416,21.093151224629064,6.56738691465168,21.0,0,-0.09315122462906444,21.093151224629064,20.5,21.5
1033.0,20.9420157148762,21.05348600986064,6.568470425088152,21.0,0,-0.05348600986064156,21.05348600986064,20.5,21.5
1034.0,20.93914100581824,21.04608069334072,6.569552741066166,21.0,0,-0.04608069334071985,21.04608069334072,20.5,21.5
1035.0,20.936267088165287,20.993852895383764,6.57063386176149,21.0,0,0.006147104616236021,20.993852895383764,20.5,21.5
1036.0,20.933393961520007,20.971584450436275,6.571713786350804,21.0,0,0.02841554956372505,20.971584450436275,20.5,21.5
1037.0,20.930521625484975,21.10273600439269,6.572792514011698,21.0,0,-0.10273600439268904,21.10273600439269,20.5,21.5
1038.0,20.92765007966268,21.1804227517382,6.573870043922675,21.0,0,-0.18042275173819888,21.1804227517382,20.5,21.5
1039.0,20.92477932365553,21.18541989102229,6.574946375263147,21.0,0,-0.1854198910222884,21.18541989102229,20.5,21.5
1040.0,20.921909357065854,21.271110250187885,6.576021507213444,21.0,0,-0.2711102501878848,21.271110250187885,20.5,21.5
1041.0,20.919040179495884,21.329653079835275,6.577095438954804,21.0,0,-0.3296530798352748,21.329653079835275,20.5,21.5
1042.0,20.916171790547775,21.27048330963303,6.5781681696693814,21.0,0,-0.270483309633029,21.27048330963303,20.5,21.5
1043.0,20.9133041898236,21.359677160915904,6.5792396985402455,21.0,0,-0.3596771609159042,21.359677160915904,20.5,21.5
1044.0,20.91043737692534,21.395280776951658,6.58031002475138,21.0,0,-0.3952807769516582,21.395280776951658,20.5,21.5
1045.0,20.907571351454905,21.37665137128427,6.581379147487686,21.0,0,-0.3766513712842716,21.37665137128427,20.5,21.5
1046.0,20.90470611301411,21.28878816562471,6.58244706593498,21.0,0,-0.2887881656247089,21.28878816562471,20.5,21.5
1047.0,20.901841661204696,21.304914778913478,6.583513779279994,21.0,0,-0.30491477891347785,21.304914778913478,20.5,21.5
1048.0,20.89897799562831,21.23403523312774,6.584579286710381,21.0,0,-0.23403523312774155,21.23403523312774,20.5,21.5
1049.0,20.896115115886527,21.115029443995336,6.58564358741471,21.0,0,-0.11502944399533632,21.115029443995336,20.5,21.5
1050.0,20.893253021580833,21.07875143321665,6.58670668058247,21.0,0,-0.07875143321664879,21.07875143321665,20.5,21.5
1051.0,20.890391712312635,21.11988660218438,6.587768565404069,21.0,0,-0.11988660218437985,21.11988660218438,20.5,21.5
1052.0,20.887531187683255,21.10909382640886,6.588829241070837,21.0,0,-0.10909382640885923,21.10909382640886,20.5,21.5
1053.0,20.884671447293933,21.112539805955375,6.58988870677502,21.0,0,-0.11253980595537527,21.112539805955375,20.5,21.5
1054.0,20.88181249074583,21.092020794450132,6.5909469617097916,21.0,0,-0.09202079445013212,21.092020794450132,20.5,21.5
1055.0,20.878954317640023,21.087859575081712,6.592004005069244,21.0,0,-0.08785957508171194,21.087859575081712,20.5,21.5
1056.0,20.87609692757751,20.97777975890441,6.5930598360483925,21.0,0,0.022220241095588733,20.97777975890441,20.5,21.5
1057.0,20.873240320159205,20.99623212097106,6.594114453843176,21.0,0,0.0037678790289383812,20.99623212097106,20.5,21.5
1058.0,20.87038449498594,20.964405163935606,6.595167857650457,21.0,0,0.035594836064394286,20.964405163935606,20.5,21.5
1059.0,20.867529451658474,21.028895040606095,6.596220046668023,21.0,0,-0.028895040606094824,21.028895040606095,20.5,21.5
1060.0,20.864675189777476,21.097811551057497,6.597271020094586,21.0,0,-0.09781155105749662,21.097811551057497,20.5,21.5
1061.0,20.861821708943538,21.202867023425075,6.598320777129784,21.0,0,-0.20286702342507468,21.202867023425075,20.5,21.5
1062.0,20.858969008757175,21.15376401932751,6.599369316974181,21.0,0,-0.15376401932751094,21.15376401932751,20.5,21.5
1063.0,20.856117088818817,21.064429814566804,6.6004166388292695,21.0,0,-0.06442981456680386,21.064429814566804,20.5,21.5
1064.0,20.85326594872882,20.967002531669408,6.601462741897467,21.0,0,0.03299746833059203,20.967002531669408,20.5,21.5
1065.0,20.85041558808745,20.93751688013176,6.602507625382121,21.0,0,0.06248311986824007,20.93751688013176,20.5,21.5
1066.0,20.847566006494908,20.920930481461276,6.603551288487508,21.0,0,0.07906951853872357,20.920930481461276,20.5,21.5
1067.0,20.84471720355131,20.8162934160571,6.6045937304188325,21.0,0,0.18370658394290018,20.8162934160571,20.5,21.5
1068.0,20.841869178856683,20.88822473960622,6.605634950382229,21.0,0,0.11177526039378094,20.88822473960622,20.5,21.5
1069.0,20.83902193201099,20.980580240183986,6.606674947584764,21.0,0,0.019419759816013737,20.980580240183986,20.5,21.5
1070.0,20.836175462614104,20.899977155332376,6.607713721234434,21.0,0,0.1000228446676239,20.899977155332376,20.5,21.5
1071.0,20.833329770265827,20.84033378386344,6.608751270540169,21.0,0,0.15966621613656073,20.84033378386344,20.5,21.5
1072.0,20.83048485456588,21.021749734734513,6.609787594711828,21.0,0,-0.021749734734513027,21.021749734734513,20.5,21.5
1073.0,20.827640715113912,21.092042516205037,6.610822692960206,21.0,0,-0.09204251620503712,21.092042516205037,20.5,21.5
1074.0,20.82479735150948,21.181273933591285,6.611856564497032,21.0,0,-0.18127393359128519,21.181273933591285,20.5,21.5
1075.0,20.82195476335208,21.157318499200994,6.612889208534965,21.0,0,-0.1573184992009935,21.157318499200994,20.5,21.5
1076.0,20.819112950241117,21.229194846362823,6.613920624287604,21.0,0,-0.22919484636282306,21.229194846362823,20.5,21.5
1077.0,20.816271911775925,21.13412461330535,6.6149508109694795,21.0,0,-0.13412461330534953,21.13412461330535,20.5,21.5
1078.0,20.813431647555763,21.139724507987417,6.615979767796061,21.0,0,-0.13972450798741676,21.139724507987417,20.5,21.5
1079.0,20.810592157179812,21.01178007443346,6.617007493983752,21.0,0,-0.011780074433460186,21.01178007443346,20.5,21.5
1080.0,20.807753440247172,21.051483381249415,6.618033988749895,21.0,0,-0.051483381249415316,21.051483381249415,20.5,21.5
1081.0,20.804915496356873,21.04064971796296,6.619059251312769,21.0,0,-0.04064971796296035,21.04064971796296,20.5,21.5
1082.0,20.802078325107864,20.986679457200417,6.620083280891592,21.0,0,0.01332054279958328,20.986679457200417,20.5,21.5
1083.0,20.799241926099022,20.976809930940362,6.621106076706521,21.0,0,0.023190069059637608,20.976809930940362,20.5,21.5
1084.0,20.796406298929142,21.0549221450392,6.622127637978653,21.0,0,-0.05492214503919968,21.0549221450392,20.5,21.5
1085.0,20.793571443196953,21.01063841526086,6.623147963930025,21.0,0,-0.010638415260860512,21.01063841526086,20.5,21.5
1086.0,20.7907373585011,21.035310706471947,6.624167053783612,21.0,0,-0.03531070647194667,21.035310706471947,20.5,21.5
1087.0,20.787904044440157,21.056226081648312,6.6251849067633355,21.0,0,-0.056226081648311776,21.056226081648312,20.5,21.5
1088.0,20.785071500612624,21.073109346675828,6.626201522094055,21.0,0,-0.07310934667582814,21.073109346675828,20.5,21.5
1089.0,20.78223972661692,21.05847425253889,6.627216899001574,21.0,0,-0.058474252538889715,21.05847425253889,20.5,21.5
1090.0,20.779408722051397,21.087680815433778,6.628231036712639,21.0,0,-0.08768081543377804,21.087680815433778,20.5,21.5
1091.0,20.776578486514328,21.010351097007774,6.629243934454938,21.0,0,-0.010351097007774257,21.010351097007774,20.5,21.5
1092.0,20.773749019603915,21.017057101691755,6.630255591457108,21.0,0,-0.017057101691754895,21.017057101691755,20.5,21.5
1093.0,20.770920320918286,20.810834356645053,6.631266006948728,21.0,0,0.18916564335494712,20.810834356645053,20.5,21.5
1094.0,20.768092390055493,20.69247768051281,6.63227518016032,21.0,0,0.307522319487191,20.69247768051281,20.5,21.5
1095.0,20.765265226613515,20.820484446741887,6.633283110323358,21.0,0,0.17951555325811341,20.820484446741887,20.5,21.5
1096.0,20.762438830190256,20.843250544286402,6.634289796670257,21.0,0,0.156749455713598,20.843250544286402,20.5,21.5
1097.0,20.75961320038355,20.853759411151866,6.635295238434383,21.0,0,0.1462405888481335,20.853759411151866,20.5,21.5
1098.0,20.75678833679116,20.99707292247959,6.636299434850047,21.0,0,0.0029270775204111033,20.99707292247959,20.5,21.5
1099.0,20.753964239010774,21.11066267601871,6.637302385152511,21.0,0,-0.11066267601870905,21.11066267601871,20.5,21.5
1100.0,20.751140906640003,21.070481377750227,6.638304088577984,21.0,0,-0.07048137775022667,21.070481377750227,20.5,21.5
1101.0,20.74831833927639,21.178564450650107,6.639304544363625,21.0,0,-0.17856445065010718,21.178564450650107,20.5,21.5
1102.0,20.745496536517408,21.15458005135975,6.640303751747544,21.0,0,-0.15458005135975128,21.15458005135975,20.5,21.5
1103.0,20.742675497960455,21.140557391733296,6.641301709968801,21.0,0,-0.14055739173329584,21.140557391733296,20.5,21.5
1104.0,20.739855223202856,21.140454298145748,6.6422984182674085,21.0,0,-0.14045429814574817,21.140454298145748,20.5,21.5
1105.0,20.73703571184187,21.07037938624739,6.643293875884327,21.0,0,-0.07037938624738871,21.07037938624739,20.5,21.5
1106.0,20.73421696347468,21.005753814876147,6.6442880820614745,21.0,0,-0.005753814876147345,21.005753814876147,20.5,21.5
1107.0,20.731398977698397,21.061082236862802,6.64528103604172,21.0,0,-0.06108223686280212,21.061082236862802,20.5,21.5
1108.0,20.728581754110067,20.938651903054684,6.646272737068884,21.0,0,0.0613480969453164,20.938651903054684,20.5,21.5
1109.0,20.725765292306658,20.914360700953488,6.647263184387744,21.0,0,0.08563929904651246,20.914360700953488,20.5,21.5
1110.0,20.722949591885076,20.936161742707384,6.648252377244031,21.0,0,0.06383825729261616,20.936161742707384,20.5,21.5
1111.0,20.720134652442148,20.909583708975774,6.649240314884432,21.0,0,0.09041629102422633,20.909583708975774,20.5,21.5
1112.0,20.717320473574638,20.93595103143185,6.65022699655659,21.0,0,0.06404896856815157,20.93595103143185,20.5,21.5
1113.0,20.714507054879235,21.050501791933364,6.651212421509103,21.0,0,-0.050501791933363904,21.050501791933364,20.5,21.5
1114.0,20.71169439595256,20.99765748592187,6.6521965889915275,21.0,0,0.002342514078129909,20.99765748592187,20.5,21.5
1115.0,20.708882496391166,20.93085295023905,6.653179498254377,21.0,0,0.0691470497609501,20.93085295023905,20.5,21.5
1116.0,20.70607135579154,20.86771845354756,6.654161148549123,21.0,0,0.1322815464524396,20.86771845354756,20.5,21.5
1117.0,20.70326097375009,20.830948571491586,6.655141539128198,21.0,0,0.16905142850841415,20.830948571491586,20.5,21.5
1118.0,20.700451349863165,20.776892771187693,6.656120669244989,21.0,0,0.2231072288123066,20.776892771187693,20.5,21.5
1119.0,20.69764248372704,20.853079623516464,6.657098538153847,21.0,0,0.14692037648353562,20.853079623516464,20.5,21.5
1120.0,20.694834374937926,20.94477907657885,6.658075145110083,21.0,0,0.05522092342114959,20.94477907657885,20.5,21.5
1121.0,20.69202702309196,20.85316437191302,6.659050489369968,21.0,0,0.14683562808697914,20.85316437191302,20.5,21.5
1122.0,20.689220427785216,20.883721272324244,6.6600245701907355,21.0,0,0.11627872767575553,20.883721272324244,20.5,21.5
1123.0,20.686414588613697,20.813534686569234,6.660997386830578,21.0,0,0.1864653134307659,20.813534686569234,20.5,21.5
1124.0,20.68360950517334,20.66844181694873,6.6619689385486565,21.0,0,0.33155818305127127,20.66844181694873,20.5,21.5
1125.0,20.680805177060016,20.542272259027904,6.662939224605091,21.0,0,0.45772774097209634,20.542272259027904,20.5,21.5
1126.0,20.678001603869525,20.729150783125153,6.663908244260965,21.0,0,0.2708492168748471,20.729150783125153,20.5,21.5
1127.0,20.675198785197605,20.7377666108163,6.6648759967783295,21.0,0,0.26223338918369876,20.7377666108163,20.5,21.5
1128.0,20.67239672063992,20.83809632201208,6.665842481420199,21.0,0,0.16190367798791883,20.83809632201208,20.5,21.5
1129.0,20.669595409792077,20.88489293838882,6.666807697450553,21.0,0,0.11510706161118023,20.88489293838882,20.5,21.5
1130.0,20.66679485224961,20.929881001735147,6.667771644134336,21.0,0,0.0701189982648529,20.929881001735147,20.5,21.5
1131.0,20.663995047607987,20.928396123486287,6.668734320737463,21.0,0,0.0716038765137128,20.928396123486287,20.5,21.5
1132.0,20.661195995462613,20.941005628983078,6.669695726526813,21.0,0,0.05899437101692229,20.941005628983078,20.5,21.5
1133.0,20.658397695408826,20.989183520933523,6.670655860770234,21.0,0,0.010816479066477314,20.989183520933523,20.5,21.5
1134.0,20.6556001470419,20.967712019640246,6.671614722736541,21.0,0,0.03228798035975444,20.967712019640246,20.5,21.5
1135.0,20.652803349957036,20.935197394092835,6.672572311695519,21.0,0,0.06480260590716469,20.935197394092835,20.5,21.5
1136.0,20.650007303749383,20.830090633766215,6.673528626917923,21.0,0,0.16990936623378516,20.830090633766215,20.5,21.5
1137.0,20.647212008014016,20.7360835723619,6.674483667675478,21.0,0,0.26391642763810097,20.7360835723619,20.5,21.5
1138.0,20.64441746234595,20.653591337964222,6.6754374332408775,21.0,0,0.3464086620357776,20.653591337964222,20.5,21.5
1139.0,20.641623666340127,20.658810574042526,6.676389922887788,21.0,0,0.3411894259574737,20.658810574042526,20.5,21.5
1140.0,20.638830619591438,20.67775632647339,6.677341135890848,21.0,0,0.32224367352661076,20.67775632647339,20.5,21.5
1141.0,20.6360383216947,20.695815277035734,6.678291071525667,21.0,0,0.3041847229642656,20.695815277035734,20.5,21.5
1142.0,20.633246772244664,20.806225355102335,6.679239729068827,21.0,0,0.19377464489766538,20.806225355102335,20.5,21.5
1143.0,20.630455970836028,20.805343886568984,6.680187107797884,21.0,0,0.19465611343101585,20.805343886568984,20.5,21.5
1144.0,20.62766591706342,20.791909293416268,6.681133206991369,21.0,0,0.2080907065837323,20.791909293416268,20.5,21.5
1145.0,20.624876610521408,20.809054714797995,6.682078025928785,21.0,0,0.19094528520200527,20.809054714797995,20.5,21.5
1146.0,20.62208805080449,20.844190150316827,6.6830215638906125,21.0,0,0.15580984968317324,20.844190150316827,20.5,21.5
1147.0,20.619300237507108,20.782345055128168,6.683963820158306,21.0,0,0.2176549448718319,20.782345055128168,20.5,21.5
1148.0,20.616513170223637,20.84231621495087,6.684904794014296,21.0,0,0.15768378504913017,20.84231621495087,20.5,21.5
1149.0,20.613726848548396,20.927698233182152,6.685844484741989,21.0,0,0.07230176681784783,20.927698233182152,20.5,21.5
1150.0,20.610941272075635,20.90095172322251,6.686782891625771,21.0,0,0.0990482767774914,20.90095172322251,20.5,21.5
1151.0,20.608156440399544,20.90554054050859,6.687720013951005,21.0,0,0.09445945949141077,20.90554054050859,20.5,21.5
1152.0,20.605372353114255,20.891531889617912,6.688655851004031,21.0,0,0.1084681103820877,20.891531889617912,20.5,21.5
1153.0,20.602589009813833,20.787737937361385,6.689590402072167,21.0,0,0.21226206263861513,20.787737937361385,20.5,21.5
1154.0,20.599806410092285,20.81352321638149,6.690523666443712,21.0,0,0.1864767836185095,20.81352321638149,20.5,21.5
1155.0,20.597024553543555,20.87090311846286,6.691455643407947,21.0,0,0.12909688153714072,20.87090311846286,20.5,21.5
1156.0,20.594243439761527,20.8931542883909,6.692386332255128,21.0,0,0.10684571160910039,20.8931542883909,20.5,21.5
1157.0,20.591463068340026,20.938050667823113,6.693315732276497,21.0,0,0.06194933217688714,20.938050667823113,20.5,21.5
1158.0,20.588683438872813,20.980230838617416,6.6942438427642745,21.0,0,0.01976916138258389,20.980230838617416,20.5,21.5
1159.0,20.585904550953593,20.872661329923453,6.695170663011664,21.0,0,0.1273386700765471,20.872661329923453,20.5,21.5
1160.0,20.583126404176006,20.83547155777343,6.696096192312852,21.0,0,0.16452844222656893,20.83547155777343,20.5,21.5
1161.0,20.580348998133633,20.77240227373889,6.697020429963008,21.0,0,0.2275977262611093,20.77240227373889,20.5,21.5
1162.0,20.57757233242,20.69090530583845,6.697943375258283,21.0,0,0.30909469416155133,20.69090530583845,20.5,21.5
1163.0,20.57479640662857,20.8133924106042,6.698865027495816,21.0,0,0.18660758939579836,20.8133924106042,20.5,21.5
1164.0,20.57202122035274,20.837491813797914,6.699785385973728,21.0,0,0.16250818620208562,20.837491813797914,20.5,21.5
1165.0,20.569246773185867,20.76111940437542,6.700704449991125,21.0,0,0.23888059562457897,20.76111940437542,20.5,21.5
1166.0,20.56647306472123,20.729407969095536,6.701622218848103,21.0,0,0.2705920309044636,20.729407969095536,20.5,21.5
1167.0,20.563700094552054,20.75132871759156,6.702538691845737,21.0,0,0.24867128240844139,20.75132871759156,20.5,21.5
1168.0,20.560927862271512,20.630744823351236,6.703453868286095,21.0,0,0.36925517664876395,20.630744823351236,20.5,21.5
1169.0,20.558156367472716,20.536527617548366,6.704367747472231,21.0,0,0.46347238245163425,20.536527617548366,20.5,21.5
1170.0,20.555385609748715,20.67535253022888,6.705280328708184,21.0,0,0.3246474697711186,20.67535253022888,20.5,21.5
1171.0,20.552615588692507,20.72250045202062,6.706191611298986,21.0,0,0.2774995479793816,20.72250045202062,20.5,21.5
1172.0,20.549846303897027,20.64728412499712,6.707101594550655,21.0,0,0.35271587500287893,20.64728412499712,20.5,21.5
1173.0,20.547077754955158,20.65801349965153,6.708010277770198,21.0,0,0.3419865003484688,20.65801349965153,20.5,21.5
1174.0,20.54430994145972,20.808858928153835,6.708917660265615,21.0,0,0.19114107184616458,20.808858928153835,20.5,21.5
1175.0,20.54154286300348,20.75680553425488,6.709823741345893,21.0,0,0.24319446574511971,20.75680553425488,20.5,21.5
1176.0,20.53877651917915,20.74426532963796,6.710728520321013,21.0,0,0.25573467036203823,20.74426532963796,20.5,21.5
1177.0,20.53601090957938,20.859544926294667,6.711631996501946,21.0,0,0.14045507370533272,20.859544926294667,20.5,21.5
1178.0,20.533246033796765,20.826560647772006,6.712534169200657,21.0,0,0.17343935222799445,20.826560647772006,20.5,21.5
1179.0,20.530481891423847,20.853273947702185,6.713435037730099,21.0,0,0.1467260522978151,20.853273947702185,20.5,21.5
1180.0,20.527718482053107,20.785194130814325,6.714334601404225,21.0,0,0.21480586918567468,20.785194130814325,20.5,21.5
1181.0,20.524955805276978,20.81825034212438,6.715232859537975,21.0,0,0.18174965787562058,20.81825034212438,20.5,21.5
1182.0,20.522193860687832,20.71181130314272,6.716129811447289,21.0,0,0.2881886968572793,20.71181130314272,20.5,21.5
1183.0,20.519432647877984,20.675200428997762,6.717025456449098,21.0,0,0.324799571002238,20.675200428997762,20.5,21.5
1184.0,20.516672166439697,20.640895348495718,6.717919793861329,21.0,0,0.35910465150428195,20.640895348495718,20.5,21.5
1185.0,20.51391241596518,20.81576740491325,6.718812823002906,21.0,0,0.18423259508675116,20.81576740491325,20.5,21.5
1186.0,20.511153396046588,20.805610720963738,6.719704543193747,21.0,0,0.1943892790362618,20.805610720963738,20.5,21.5
1187.0,20.508395106276016,20.90477383385101,6.72059495375477,21.0,0,0.09522616614898993,20.90477383385101,20.5,21.5
1188.0,20.505637546245513,21.00351407024458,6.721484054007887,21.0,0,-0.003514070244580836,21.00351407024458,20.5,21.5
1189.0,20.502880715547064,20.955473174000037,6.722371843276012,21.0,0,0.04452682599996294,20.955473174000037,20.5,21.5
1190.0,20.50012461377261,20.82889647160559,6.723258320883051,21.0,0,0.17110352839441134,20.82889647160559,20.5,21.5
1191.0,20.497369240514033,20.836776262730464,6.724143486153917,21.0,0,0.16322373726953643,20.836776262730464,20.5,21.5
1192.0,20.49461459536316,20.752704909149184,6.725027338414515,21.0,0,0.24729509085081602,20.752704909149184,20.5,21.5
1193.0,20.49186067791177,20.660098287464933,6.7259098769917545,21.0,0,0.33990171253506674,20.660098287464933,20.5,21.5
1194.0,20.489107487751586,20.64791158891577,6.726791101213543,21.0,0,0.3520884110842317,20.64791158891577,20.5,21.5
1195.0,20.48635502447428,20.690927830435438,6.727671010408791,21.0,0,0.30907216956456196,20.690927830435438,20.5,21.5
1196.0,20.483603287671464,20.703138943861187,6.7285496039074095,21.0,0,0.29686105613881253,20.703138943861187,20.5,21.5
1197.0,20.480852276934712,20.723438706024677,6.72942688104031,21.0,0,0.27656129397532325,20.723438706024677,20.5,21.5
1198.0,20.47810199185553,20.777644232777767,6.730302841139409,21.0,0,0.22235576722223271,20.777644232777767,20.5,21.5
1199.0,20.47535243202539,20.7505096592685,6.731177483537624,21.0,0,0.24949034073150145,20.7505096592685,20.5,21.5
1200.0,20.47260359703569,20.731560472127022,-3.2679491924311233,21.0,0,0.2684395278729781,20.731560472127022,20.5,21.5
1201.0,20.467855486477795,20.680799205790642,-3.267077187431906,21.0,0,0.3192007942093582,20.680799205790642,20.5,21.5
1202.0,20.46310849994301,20.64249192524832,-3.266206502128794,21.0,0,0.35750807475168145,20.64249192524832,20.5,21.5
1203.0,20.458362636942596,20.629431674802497,-3.2653371371848543,21.0,0,0.37056832519750316,20.629431674802497,20.5,21.5
1204.0,20.45361789698777,20.54903224630881,-3.264469093262143,21.0,0,0.4509677536911916,20.54903224630881,20.5,21.5
1205.0,20.44887427958972,20.586850443098502,-3.2636023710217152,21.0,0,0.413149556901498,20.586850443098502,20.5,21.5
1206.0,20.444131784259596,20.570012307370103,-3.2627369711236174,21.0,0,0.4299876926298971,20.570012307370103,20.5,21.5
1207.0,20.43939041050852,20.54588799500595,-3.2618728942268893,21.0,0,0.4541120049940517,20.54588799500595,20.5,21.5
1208.0,20.43465015784757,20.585916606707947,-3.261010140989562,21.0,0,0.4140833932920529,20.585916606707947,20.5,21.5
1209.0,20.429911025787803,20.698118324068616,-3.260148712068661,21.0,0,0.3018816759313836,20.698118324068616,20.5,21.5
1210.0,20.425173013840233,20.73460792045594,-3.259288608120201,21.0,0,0.2653920795440605,20.73460792045594,20.5,21.5
1211.0,20.42043612151584,20.72408641751175,-3.258429829799189,21.0,0,0.2759135824882506,20.72408641751175,20.5,21.5
1212.0,20.41570034832558,20.758296878182875,-3.2575723777596215,21.0,0,0.2417031218171246,20.758296878182875,20.5,21.5
1213.0,20.410965693780362,20.706987419423307,-3.2567162526544857,21.0,0,0.29301258057669344,20.706987419423307,20.5,21.5
1214.0,20.406232157391074,20.730707418516385,-3.2558614551357588,21.0,0,0.2692925814836151,20.730707418516385,20.5,21.5
1215.0,20.40149973866857,20.583883012907002,-3.255007985854406,21.0,0,0.41611698709299816,20.583883012907002,20.5,21.5
1216.0,20.396768437123665,20.597723554852973,-3.2541558454603807,21.0,0,0.4022764451470273,20.597723554852973,20.5,21.5
1217.0,20.39203825226715,20.58363378148562,-3.2533050346026258,21.0,0,0.41636621851437994,20.58363378148562,20.5,21.5
1218.0,20.387309183609776,20.524513549603594,-3.252455553929069,21.0,0,0.47548645039640647,20.524513549603594,20.5,21.5
1219.0,20.382581230662268,20.577089150121754,-3.25160740408663,21.0,0,0.4229108498782459,20.577089150121754,20.5,21.5
1220.0,20.37785439293532,20.629978504803944,-3.250760585721208,21.0,0,0.3700214951960561,20.629978504803944,20.5,21.5
1221.0,20.37312866993959,20.6727383895426,-3.249915099477695,21.0,0,0.32726161045739843,20.6727383895426,20.5,21.5
1222.0,20.368404061185707,20.69055624178485,-3.2490709459999643,21.0,0,0.30944375821514924,20.69055624178485,20.5,21.5
1223.0,20.36368056618427,20.737156798697683,-3.2482281259308756,21.0,0,0.2628432013023172,20.737156798697683,20.5,21.5
1224.0,20.35895818444585,20.672163968784268,-3.247386639912273,21.0,0,0.3278360312157318,20.672163968784268,20.5,21.5
1225.0,20.35423691548098,20.664577871881416,-3.2465464885849844,21.0,0,0.33542212811858363,20.664577871881416,20.5,21.5
1226.0,20.349516758800164,20.467036493639696,-3.2457076725888223,21.0,1,0.5329635063603035,20.467036493639696,20.5,21.5
1227.0,20.349797713913887,20.495412470472246,-3.2448701925625816,21.0,1,0.504587529527754,20.495412470472246,20.5,21.5
1228.0,20.35007878033259,20.4397366529196,-3.244034049144039,21.0,1,0.5602633470804008,20.4397366529196,20.5,21.5
1229.0,20.350359957766695,20.40665392060233,-3.243199242969954,21.0,1,0.5933460793976693,20.40665392060233,20.5,21.5
1230.0,20.35064124592655,20.40464555902717,-3.2423657746760695,21.0,1,0.5953544409728302,20.40464555902717,20.5,21.5
1231.0,20.35092264452243,20.496659403539827,-3.241533644897106,21.0,1,0.5033405964601734,20.496659403539827,20.5,21.5
1232.0,20.351204153264547,20.512417603479406,-3.2407028542667673,21.0,1,0.4875823965205939,20.512417603479406,20.5,21.5
1233.0,20.35148577186304,20.544214563522047,-3.239873403417736,21.0,1,0.455785436477953,20.544214563522047,20.5,21.5
1234.0,20.351767500027982,20.573581890078408,-3.239045292981676,21.0,1,0.4264181099215918,20.573581890078408,20.5,21.5
1235.0,20.35204933746938,20.572194677348733,-3.2382185235892287,21.0,1,0.4278053226512668,20.572194677348733,20.5,21.5
1236.0,20.35233128389717,20.699696276443383,-3.237393095870016,21.0,1,0.30030372355661683,20.699696276443383,20.5,21.5
1237.0,20.352613339021215,20.659126374083975,-3.2365690104526355,21.0,1,0.340873625916025,20.659126374083975,20.5,21.5
1238.0,20.35289550255132,20.618714789101706,-3.2357462679646645,21.0,1,0.3812852108982945,20.618714789101706,20.5,21.5
1239.0,20.353177774197217,20.703418601188545,-3.2349248690326577,21.0,1,0.29658139881145473,20.703418601188545,20.5,21.5
1240.0,20.35346015366857,20.653457045281936,-3.234104814282146,21.0,1,0.34654295471806407,20.653457045281936,20.5,21.5
1241.0,20.35374264067498,20.536084028699044,-3.233286104337637,21.0,1,0.4639159713009562,20.536084028699044,20.5,21.5
1242.0,20.354025234925977,20.496643032955603,-3.232468739822613,21.0,1,0.5033569670443967,20.496643032955603,20.5,21.5
1243.0,20.35430793613103,20.518268206776185,-3.2316527213595334,21.0,1,0.48173179322381543,20.518268206776185,20.5,21.5
1244.0,20.35459074399953,20.450849479423873,-3.230838049569832,21.0,1,0.5491505205761271,20.450849479423873,20.5,21.5
1245.0,20.354873658240816,20.527251780941242,-3.2300247250739167,21.0,1,0.47274821905875797,20.527251780941242,20.5,21.5
1246.0,20.355156678564153,20.54742991372705,-3.229212748491168,21.0,1,0.45257008627294937,20.54742991372705,20.5,21.5
1247.0,20.355439804678742,20.49936768108309,-3.2284021204399433,21.0,1,0.5006323189169102,20.49936768108309,20.5,21.5
1248.0,20.355723036293718,20.592284591200006,-3.2275928415375708,21.0,1,0.40771540879999435,20.592284591200006,20.5,21.5
1249.0,20.356006373118152,20.588145468629037,-3.2267849124003503,21.0,1,0.4118545313709632,20.588145468629037,20.5,21.5
1250.0,20.35628981486105,20.538135228398755,-3.225978333643557,21.0,1,0.4618647716012454,20.538135228398755,20.5,21.5
1251.0,20.356573361231348,20.60433694334923,-3.2251731058814332,21.0,1,0.3956630566507684,20.60433694334923,20.5,21.5
1252.0,20.356857011937926,20.636938370102204,-3.2243692297271975,21.0,1,0.3630616298977962,20.636938370102204,20.5,21.5
1253.0,20.357140766689593,20.53575668088175,-3.2235667057930346,21.0,1,0.4642433191182498,20.53575668088175,20.5,21.5
1254.0,20.357424625195097,20.536980430668933,-3.2227655346901027,21.0,1,0.4630195693310668,20.536980430668933,20.5,21.5
1255.0,20.35770858716312,20.569105038596096,-3.221965717028527,21.0,1,0.4308949614039044,20.569105038596096,20.5,21.5
1256.0,20.357992652302283,20.59640499292154,-3.2211672534174047,21.0,1,0.4035950070784615,20.59640499292154,20.5,21.5
1257.0,20.358276820321137,20.681405323128264,-3.2203701444648,21.0,1,0.3185946768717365,20.681405323128264,20.5,21.5
1258.0,20.35856109092818,20.751415452653266,-3.2195743907777468,21.0,1,0.2485845473467343,20.751415452653266,20.5,21.5
1259.0,20.35884546383184,20.69098179971356,-3.2187799929622454,21.0,1,0.30901820028644167,20.69098179971356,20.5,21.5
1260.0,20.359129938740484,20.671763968432533,-3.2179869516232644,21.0,1,0.3282360315674673,20.671763968432533,20.5,21.5
1261.0,20.35941451536241,20.641831296596017,-3.2171952673647395,21.0,1,0.3581687034039831,20.641831296596017,20.5,21.5
1262.0,20.359699193405863,20.528572714302392,-3.2164049407895723,21.0,1,0.47142728569760806,20.528572714302392,20.5,21.5
1263.0,20.359983972579023,20.566512483593034,-3.2156159724996307,21.0,1,0.4334875164069665,20.566512483593034,20.5,21.5
1264.0,20.360268852590007,20.508391140257213,-3.214828363095749,21.0,1,0.49160885974278656,20.508391140257213,20.5,21.5
1265.0,20.36055383314687,20.515869420719856,-3.214042113177726,21.0,1,0.48413057928014425,20.515869420719856,20.5,21.5
1266.0,20.360838913957604,20.4303099427852,-3.213257223344325,21.0,1,0.5696900572147996,20.4303099427852,20.5,21.5
1267.0,20.361124094730144,20.518986936143722,-3.2124736941932737,21.0,1,0.4810130638562775,20.518986936143722,20.5,21.5
1268.0,20.36140937517236,20.471455778599697,-3.211691526321264,21.0,1,0.5285442214003027,20.471455778599697,20.5,21.5
1269.0,20.36169475499206,20.608324220344365,-3.21091072032395,21.0,1,0.3916757796556354,20.608324220344365,20.5,21.5
1270.0,20.361980233896997,20.53378036371397,-3.2101312767959502,21.0,1,0.4662196362860307,20.53378036371397,20.5,21.5
1271.0,20.36226581159486,20.649186374970988,-3.209353196330844,21.0,1,0.35081362502901214,20.649186374970988,20.5,21.5
1272.0,20.362551487793276,20.69067796865223,-3.2085764795211738,21.0,1,0.3093220313477687,20.69067796865223,20.5,21.5
1273.0,20.362837262199815,20.72056491595256,-3.2078011269584445,21.0,1,0.27943508404743866,20.72056491595256,20.5,21.5
1274.0,20.363123134521985,20.656678926767235,-3.2070271392331193,21.0,1,0.3433210732327652,20.656678926767235,20.5,21.5
1275.0,20.363409104467234,20.730227137691127,-3.2062545169346235,21.0,1,0.2697728623088729,20.730227137691127,20.5,21.5
1276.0,20.363695171742954,20.67096387261917,-3.2054832606513433,21.0,1,0.32903612738083154,20.67096387261917,20.5,21.5
1277.0,20.363981336056476,20.582734301892703,-3.204713370970623,21.0,1,0.41726569810729686,20.582734301892703,20.5,21.5
1278.0,20.36426759711507,20.599337828646206,-3.203944848478769,21.0,1,0.4006621713537939,20.599337828646206,20.5,21.5
1279.0,20.36455395462595,20.64888424814884,-3.2031776937610426,21.0,1,0.35111575185116095,20.64888424814884,20.5,21.5
1280.0,20.364840408296274,20.593234416298866,-3.2024119074016664,21.0,1,0.4067655837011337,20.593234416298866,20.5,21.5
1281.0,20.365126957833134,20.55035154026762,-3.201647489983819,21.0,1,0.44964845973238,20.55035154026762,20.5,21.5
1282.0,20.36541360294357,20.571387456355133,-3.200884442089639,21.0,1,0.4286125436448671,20.571387456355133,20.5,21.5
1283.0,20.365700343334563,20.606082843644344,-3.20012276430022,21.0,1,0.3939171563556556,20.606082843644344,20.5,21.5
1284.0,20.365987178713034,20.56927249197646,-3.1993624571956127,21.0,1,0.43072750802354065,20.56927249197646,20.5,21.5
1285.0,20.366274108785852,20.605479076270463,-3.1986035213548245,21.0,1,0.3945209237295373,20.605479076270463,20.5,21.5
1286.0,20.366561133259825,20.69325143405677,-3.197845957355817,21.0,1,0.30674856594323074,20.69325143405677,20.5,21.5
1287.0,20.366848251841702,20.72879930916061,-3.197089765775509,21.0,1,0.2712006908393896,20.72879930916061,20.5,21.5
1288.0,20.367135464238178,20.694852502124327,-3.196334947189772,21.0,1,0.30514749787567297,20.694852502124327,20.5,21.5
1289.0,20.36742277015589,20.603432553316473,-3.195581502173436,21.0,1,0.3965674466835267,20.603432553316473,20.5,21.5
1290.0,20.367710169301425,20.6619169305963,-3.1948294313002794,21.0,1,0.3380830694037016,20.6619169305963,20.5,21.5
1291.0,20.367997661381306,20.5602795718135,-3.1940787351430373,21.0,1,0.4397204281865008,20.5602795718135,20.5,21.5
1292.0,20.368285246102,20.52099044405828,-3.193329414273398,21.0,1,0.4790095559417189,20.52099044405828,20.5,21.5
1293.0,20.368572923169925,20.429438951512065,-3.192581469262003,21.0,1,0.5705610484879351,20.429438951512065,20.5,21.5
1294.0,20.368860692291438,20.50250833020815,-3.191834900678444,21.0,1,0.4974916697918488,20.50250833020815,20.5,21.5
1295.0,20.369148553172845,20.496188512657532,-3.1910897090912638,21.0,1,0.5038114873424675,20.496188512657532,20.5,21.5
1296.0,20.369436505520394,20.53449634470861,-3.190345895067961,21.0,1,0.46550365529138915,20.53449634470861,20.5,21.5
1297.0,20.369724549040278,20.4835657431203,-3.1896034591749807,21.0,1,0.5164342568796982,20.4835657431203,20.5,21.5
1298.0,20.370012683438635,20.51955221628101,-3.1888624019777208,21.0,1,0.48044778371899,20.51955221628101,20.5,21.5
1299.0,20.37030090842155,20.586110222316048,-3.1881227240405288,21.0,1,0.4138897776839521,20.586110222316048,20.5,21.5
1300.0,20.37058922369506,20.54245426936857,-3.1873844259267,21.0,1,0.45754573063143056,20.54245426936857,20.5,21.5
1301.0,20.370877628965136,20.57758233358736,-3.186647508198482,21.0,1,0.4224176664126382,20.57758233358736,20.5,21.5
1302.0,20.371166123937705,20.564627453711,-3.1859119714170703,21.0,1,0.435372546288999,20.564627453711,20.5,21.5
1303.0,20.371454708318634,20.536553988951685,-3.1851778161426063,21.0,1,0.4634460110483154,20.536553988951685,20.5,21.5
1304.0,20.37174338181374,20.50566560644642,-3.1844450429341826,21.0,1,0.49433439355357933,20.50566560644642,20.5,21.5
1305.0,20.37203214412879,20.574149436724582,-3.1837136523498373,21.0,1,0.4258505632754179,20.574149436724582,20.5,21.5
1306.0,20.372320994969495,20.56314252844339,-3.1829836449465567,21.0,1,0.4368574715566105,20.56314252844339,20.5,21.5
1307.0,20.372609934041513,20.67873872289098,-3.1822550212802723,21.0,1,0.32126127710901997,20.67873872289098,20.5,21.5
1308.0,20.37289896105045,20.672425153051716,-3.1815277819058627,21.0,1,0.3275748469482842,20.672425153051716,20.5,21.5
1309.0,20.373188075701858,20.65612943616197,-3.1808019273771535,21.0,1,0.3438705638380313,20.65612943616197,20.5,21.5
1310.0,20.37347727770124,20.550879311293937,-3.180077458246913,21.0,1,0.4491206887060635,20.550879311293937,20.5,21.5
1311.0,20.37376656675405,20.479339859992812,-3.1793543750668576,21.0,1,0.5206601400071875,20.479339859992812,20.5,21.5
1312.0,20.374055942565686,20.438764318269747,-3.178632678387646,21.0,1,0.5612356817302526,20.438764318269747,20.5,21.5
1313.0,20.374345404841495,20.45005059898686,-3.1779123687588804,21.0,1,0.5499494010131407,20.45005059898686,20.5,21.5
1314.0,20.374634953286776,20.535145136960278,-3.1771934467291096,21.0,1,0.46485486303972223,20.535145136960278,20.5,21.5
1315.0,20.374924587606774,20.728108510594602,-3.176475912845823,21.0,1,0.2718914894053981,20.728108510594602,20.5,21.5
1316.0,20.375214307506685,20.71849037661649,-3.175759767655454,21.0,1,0.28150962338350993,20.71849037661649,20.5,21.5
1317.0,20.37550411269165,20.662910329154748,-3.1750450117033786,21.0,1,0.337089670845252,20.662910329154748,20.5,21.5
1318.0,20.375794002866773,20.609287776114112,-3.174331645533915,21.0,1,0.3907122238858882,20.609287776114112,20.5,21.5
1319.0,20.376083977737093,20.480613065606637,-3.1736196696903205,21.0,1,0.5193869343933635,20.480613065606637,20.5,21.5
1320.0,20.376374037007608,20.23650019161132,-3.1729090847147985,21.0,1,0.7634998083886799,20.23650019161132,20.5,21.5
1321.0,20.376664180383262,20.314514417800687,-3.1721998911484883,21.0,1,0.6854855821993127,20.314514417800687,20.5,21.5
1322.0,20.376954407568956,20.413250400844188,-3.1714920895314727,21.0,1,0.5867495991558123,20.413250400844188,20.5,21.5
1323.0,20.377244718269537,20.39879637502155,-3.1707856804027728,21.0,1,0.6012036249784494,20.39879637502155,20.5,21.5
1324.0,20.377535112189804,20.496871397917822,-3.1700806643003503,21.0,1,0.5031286020821781,20.496871397917822,20.5,21.5
1325.0,20.377825589034504,20.530301528260658,-3.1693770417611056,21.0,1,0.469698471739342,20.530301528260658,20.5,21.5
1326.0,20.378116148508344,20.543153767791715,-3.1686748133208784,21.0,1,0.45684623220828513,20.543153767791715,20.5,21.5
1327.0,20.378406790315978,20.52733789260664,-3.1679739795144446,21.0,1,0.47266210739336145,20.52733789260664,20.5,21.5
1328.0,20.378697514162013,20.638495617822507,-3.167274540875521,21.0,1,0.36150438217749326,20.638495617822507,20.5,21.5
1329.0,20.378988319751006,20.54129098298983,-3.1665764979367594,21.0,1,0.45870901701017175,20.54129098298983,20.5,21.5
1330.0,20.37927920678747,20.641005743112824,-3.165879851229752,21.0,1,0.35899425688717557,20.641005743112824,20.5,21.5
1331.0,20.379570174975864,20.689942539425882,-3.1651846012850235,21.0,1,0.310057460574118,20.689942539425882,20.5,21.5
1332.0,20.379861224020612,20.551547562849358,-3.164490748632038,21.0,1,0.4484524371506424,20.551547562849358,20.5,21.5
1333.0,20.38015235362608,20.518911771088508,-3.1637982937991938,21.0,1,0.48108822891149217,20.518911771088508,20.5,21.5
1334.0,20.380443563496595,20.495306118764315,-3.1631072373138256,21.0,1,0.5046938812356849,20.495306118764315,20.5,21.5
1335.0,20.38073485333643,20.39058854391996,-3.162417579702204,21.0,1,0.6094114560800392,20.39058854391996,20.5,21.5
1336.0,20.381026222849822,20.387982266485587,-3.1617293214895312,21.0,1,0.6120177335144135,20.387982266485587,20.5,21.5
1337.0,20.381317671740955,20.501637362837698,-3.161042463199948,21.0,1,0.4983626371623018,20.501637362837698,20.5,21.5
1338.0,20.381609199713967,20.5818407509947,-3.1603570053565253,21.0,1,0.4181592490052992,20.5818407509947,20.5,21.5
1339.0,20.381900806472952,20.59877269237794,-3.159672948481269,21.0,1,0.4012273076220616,20.59877269237794,20.5,21.5
1340.0,20.382192491721963,20.659941762271952,-3.158990293095119,21.0,1,0.3400582377280479,20.659941762271952,20.5,21.5
1341.0,20.382484255165,20.596072513325442,-3.158309039717947,21.0,1,0.4039274866745579,20.596072513325442,20.5,21.5
1342.0,20.382776096506024,20.584931037561418,-3.157629188868558,21.0,1,0.41506896243858193,20.584931037561418,20.5,21.5
1343.0,20.38306801544895,20.49824958129152,-3.1569507410646853,21.0,1,0.5017504187084789,20.49824958129152,20.5,21.5
1344.0,20.383360011697647,20.63218295808384,-3.156273696822999,21.0,1,0.3678170419161617,20.63218295808384,20.5,21.5
1345.0,20.383652084955944,20.647440150131747,-3.1555980566590964,21.0,1,0.3525598498682534,20.647440150131747,20.5,21.5
1346.0,20.383944234927622,20.623047236205217,-3.1549238210875075,21.0,1,0.37695276379478315,20.623047236205217,20.5,21.5
1347.0,20.38423646131642,20.649054817496648,-3.1542509906216907,21.0,1,0.35094518250335227,20.649054817496648,20.5,21.5
1348.0,20.384528763826033,20.738085409213436,-3.153579565774038,21.0,1,0.26191459078656365,20.738085409213436,20.5,21.5
1349.0,20.384821142160114,20.71262521282451,-3.1529095470558666,21.0,1,0.2873747871754908,20.71262521282451,20.5,21.5
1350.0,20.385113596022272,20.685242126954382,-3.152240934977426,21.0,1,0.3147578730456182,20.685242126954382,20.5,21.5
1351.0,20.385406125116074,20.76487217126828,-3.151573730047893,21.0,1,0.23512782873172,20.76487217126828,20.5,21.5
1352.0,20.38569872914504,20.80113193125307,-3.1509079327753735,21.0,1,0.19886806874692908,20.80113193125307,20.5,21.5
1353.0,20.385991407812657,20.78112466496088,-3.1502435436669014,21.0,1,0.21887533503911882,20.78112466496088,20.5,21.5
1354.0,20.38628416082236,20.72243928271318,-3.1495805632284357,21.0,1,0.2775607172868213,20.72243928271318,20.5,21.5
1355.0,20.38657698787755,20.71270976502513,-3.1489189919648677,21.0,1,0.2872902349748685,20.71270976502513,20.5,21.5
1356.0,20.38686988868158,20.708584597831994,-3.1482588303800103,21.0,1,0.2914154021680062,20.708584597831994,20.5,21.5
1357.0,20.387162862937767,20.607343642583345,-3.147600078976607,21.0,1,0.39265635741665506,20.607343642583345,20.5,21.5
1358.0,20.387455910349384,20.611113093019366,-3.1469427382563255,21.0,1,0.388886906980634,20.611113093019366,20.5,21.5
1359.0,20.387749030619663,20.519224465193712,-3.1462868087197586,21.0,1,0.48077553480628765,20.519224465193712,20.5,21.5
1360.0,20.388042223451794,20.655100691047284,-3.145632290866425,21.0,1,0.3448993089527157,20.655100691047284,20.5,21.5
1361.0,20.388335488548933,20.59220213764429,-3.14497918519477,21.0,1,0.4077978623557108,20.59220213764429,20.5,21.5
1362.0,20.388628825614184,20.705598513825755,-3.1443274922021605,21.0,1,0.29440148617424455,20.705598513825755,20.5,21.5
1363.0,20.38892223435062,20.663373869387833,-3.1436772123848886,21.0,1,0.3366261306121672,20.663373869387833,20.5,21.5
1364.0,20.389215714461272,20.778911525931452,-3.1430283462381734,21.0,1,0.22108847406854792,20.778911525931452,20.5,21.5
1365.0,20.38950926564913,20.604446298106343,-3.142380894256151,21.0,1,0.39555370189365746,20.604446298106343,20.5,21.5
1366.0,20.38980288761715,20.591481202672476,-3.1417348569318877,21.0,1,0.40851879732752394,20.591481202672476,20.5,21.5
1367.0,20.390096580068242,20.54205341093472,-3.1410902347573675,21.0,1,0.45794658906527985,20.54205341093472,20.5,21.5
1368.0,20.390390342705278,20.536480451570874,-3.1404470282234973,21.0,1,0.4635195484291259,20.536480451570874,20.5,21.5
1369.0,20.39068417523109,20.591005529036032,-3.1398052378201076,21.0,1,0.4089944709639681,20.591005529036032,20.5,21.5
1370.0,20.39097807734848,20.640497279913678,-3.1391648640359513,21.0,1,0.3595027200863221,20.640497279913678,20.5,21.5
1371.0,20.3912720487602,20.71343003079304,-3.138525907358698,21.0,1,0.2865699692069583,20.71343003079304,20.5,21.5
1372.0,20.391566089168975,20.712326224788047,-3.137888368274943,21.0,1,0.28767377521195314,20.712326224788047,20.5,21.5
1373.0,20.391860198277488,20.698119824854256,-3.1372522472702,21.0,1,0.30188017514574383,20.698119824854256,20.5,21.5
1374.0,20.39215437578838,20.61953354117412,-3.136617544828902,21.0,1,0.3804664588258788,20.61953354117412,20.5,21.5
1375.0,20.392448621404256,20.704541103058347,-3.1359842614344036,21.0,1,0.2954588969416534,20.704541103058347,20.5,21.5
1376.0,20.392742934827687,20.688185986757677,-3.135352397568976,21.0,1,0.31181401324232283,20.688185986757677,20.5,21.5
1377.0,20.39303731576121,20.665418094164785,-3.134721953713812,21.0,1,0.33458190583521485,20.665418094164785,20.5,21.5
1378.0,20.393331763907312,20.68294696021208,-3.1340929303490217,21.0,1,0.3170530397879183,20.68294696021208,20.5,21.5
1379.0,20.393626278968462,20.62312716195442,-3.133465327953635,21.0,1,0.37687283804557836,20.62312716195442,20.5,21.5
1380.0,20.39392086064708,20.575070331420484,-3.1328391470055967,21.0,1,0.42492966857951586,20.575070331420484,20.5,21.5
1381.0,20.394215508645548,20.523158393567424,-3.1322143879817714,21.0,1,0.47684160643257556,20.523158393567424,20.5,21.5
1382.0,20.394510222666224,20.448794399979914,-3.1315910513579412,21.0,1,0.5512056000200865,20.448794399979914,20.5,21.5
1383.0,20.39480500241142,20.372197951413504,-3.130969137608803,21.0,1,0.6278020485864957,20.372197951413504,20.5,21.5
1384.0,20.395099847583417,20.43965055067705,-3.1303486472079713,21.0,1,0.5603494493229491,20.43965055067705,20.5,21.5
1385.0,20.395394757884457,20.515602065495465,-3.129729580627977,21.0,1,0.4843979345045355,20.515602065495465,20.5,21.5
1386.0,20.395689733016756,20.483422746996276,-3.129111938340266,21.0,1,0.5165772530037245,20.483422746996276,20.5,21.5
1387.0,20.395984772682485,20.53125264997064,-3.1284957208151987,21.0,1,0.46874735002936063,20.53125264997064,20.5,21.5
1388.0,20.396279876583787,20.531123070958085,-3.1278809285220532,21.0,1,0.46887692904191525,20.531123070958085,20.5,21.5
1389.0,20.396575044422764,20.50672364369847,-3.1272675619290204,21.0,1,0.49327635630152855,20.50672364369847,20.5,21.5
1390.0,20.396870275901495,20.403891620012825,-3.126655621503205,21.0,1,0.5961083799871751,20.403891620012825,20.5,21.5
1391.0,20.397165570722013,20.40394412780826,-3.1260451077106257,21.0,1,0.5960558721917408,20.40394412780826,20.5,21.5
1392.0,20.397460928586327,20.406160299972953,-3.125436021016217,21.0,1,0.593839700027047,20.406160299972953,20.5,21.5
1393.0,20.397756349196406,20.46259323934559,-3.1248283618838233,21.0,1,0.5374067606544095,20.46259323934559,20.5,21.5
1394.0,20.39805183225419,20.540165615460147,-3.1242221307762046,21.0,1,0.45983438453985315,20.540165615460147,20.5,21.5
1395.0,20.398347377461583,20.60848771238589,-3.1236173281550315,21.0,1,0.39151228761410906,20.60848771238589,20.5,21.5
1396.0,20.39864298452046,20.624762146301016,-3.1230139544808884,21.0,1,0.37523785369898377,20.624762146301016,20.5,21.5
1397.0,20.39893865313266,20.719724191184593,-3.122412010213269,21.0,1,0.28027580881540715,20.719724191184593,20.5,21.5
1398.0,20.399234382999992,20.784077034067458,-3.121811495810582,21.0,1,0.2159229659325419,20.784077034067458,20.5,21.5
1399.0,20.399530173824232,20.747970110630426,-3.121212411730143,21.0,1,0.2520298893695738,20.747970110630426,20.5,21.5
1400.0,20.39982602530712,20.61689245043966,-3.120614758428183,21.0,1,0.3831075495603393,20.61689245043966,20.5,21.5
1401.0,20.400121937150374,20.57353857542902,-3.12001853635984,21.0,1,0.4264614245709808,20.57353857542902,20.5,21.5
1402.0,20.400417909055673,20.54950786102796,-3.1194237459791623,21.0,1,0.45049213897204154,20.54950786102796,20.5,21.5
1403.0,20.400713940724664,20.477675390867695,-3.1188303877391093,21.0,1,0.5223246091323048,20.477675390867695,20.5,21.5
1404.0,20.40101003185897,20.507243176957207,-3.118238462091549,21.0,1,0.492756823042793,20.507243176957207,20.5,21.5
1405.0,20.40130618216018,20.514041343835864,-3.1176479694872583,21.0,1,0.48595865616413647,20.514041343835864,20.5,21.5
1406.0,20.40160239132985,20.55903632164463,-3.117058910375924,21.0,1,0.4409636783553701,20.55903632164463,20.5,21.5
1407.0,20.40189865906951,20.468406393615975,-3.1164712852061394,21.0,1,0.5315936063840248,20.468406393615975,20.5,21.5
1408.0,20.402194985080655,20.439192128480983,-3.1158850944254066,21.0,1,0.5608078715190175,20.439192128480983,20.5,21.5
1409.0,20.402491369064755,20.41070687851596,-3.115300338480136,21.0,1,0.5892931214840402,20.41070687851596,20.5,21.5
1410.0,20.402787810723247,20.430955244458467,-3.114717017815643,21.0,1,0.5690447555415332,20.430955244458467,20.5,21.5
1411.0,20.40308430975754,20.4455328796521,-3.1141351328761537,21.0,1,0.5544671203479012,20.4455328796521,20.5,21.5
1412.0,20.40338086586901,20.551591693760606,-3.1135546841047983,21.0,1,0.44840830623939354,20.551591693760606,20.5,21.5
1413.0,20.403677478759015,20.67800169830393,-3.1129756719436124,21.0,1,0.3219983016960697,20.67800169830393,20.5,21.5
1414.0,20.403974148128874,20.634021345982,-3.112398096833541,21.0,1,0.3659786540180008,20.634021345982,20.5,21.5
1415.0,20.40427087367988,20.67250328620516,-3.1118219592144314,21.0,1,0.32749671379484013,20.67250328620516,20.5,21.5
1416.0,20.4045676551133,20.79270771687957,-3.1112472595250376,21.0,1,0.2072922831204309,20.79270771687957,20.5,21.5
1417.0,20.404864492130372,20.74299288636336,-3.110673998203019,21.0,1,0.2570071136366394,20.74299288636336,20.5,21.5
1418.0,20.405161384432304,20.707484462583757,-3.110102175684938,21.0,1,0.2925155374162429,20.707484462583757,20.5,21.5
1419.0,20.40545833172028,20.745137771716696,-3.1095317924062638,21.0,1,0.2548622282833044,20.745137771716696,20.5,21.5
1420.0,20.405755333695453,20.787621618440873,-3.108962848801367,21.0,1,0.2123783815591267,20.787621618440873,20.5,21.5
1421.0,20.406052390058953,20.75051970903372,-3.1083953453035225,21.0,1,0.24948029096627877,20.75051970903372,20.5,21.5
1422.0,20.40634950051188,20.75358990770429,-3.107829282344909,21.0,1,0.24641009229571154,20.75358990770429,20.5,21.5
1423.0,20.406646664755307,20.707028179242126,-3.107264660356609,21.0,1,0.29297182075787376,20.707028179242126,20.5,21.5
1424.0,20.406943882490285,20.67791276717314,-3.106701479768607,21.0,1,0.3220872328268598,20.67791276717314,20.5,21.5
1425.0,20.407241153417832,20.6610760649546,-3.1061397410097893,21.0,1,0.3389239350454005,20.6610760649546,20.5,21.5
1426.0,20.407538477238948,20.663829502338096,-3.105579444507942,21.0,1,0.33617049766190377,20.663829502338096,20.5,21.5
1427.0,20.4078358536546,20.605516252584493,-3.105020590689758,21.0,1,0.3944837474155065,20.605516252584493,20.5,21.5
1428.0,20.408133282365732,20.61442140467758,-3.1044631799808284,21.0,1,0.38557859532242134,20.61442140467758,20.5,21.5
1429.0,20.408430763073262,20.68826766545152,-3.1039072128056455,21.0,1,0.3117323345484806,20.68826766545152,20.5,21.5
1430.0,20.408728295478088,20.5852701761332,-3.1033526895876014,21.0,1,0.4147298238668,20.5852701761332,20.5,21.5
1431.0,20.409025879281074,20.596543240748677,-3.102799610748991,21.0,1,0.4034567592513234,20.596543240748677,20.5,21.5
1432.0,20.40932351418307,20.733272836535697,-3.1022479767110074,21.0,1,0.2667271634643029,20.733272836535697,20.5,21.5
1433.0,20.40962119988489,20.693333655772648,-3.101697787893743,21.0,1,0.3066663442273523,20.693333655772648,20.5,21.5
1434.0,20.409918936087333,20.740132528643745,-3.101149044716193,21.0,1,0.2598674713562552,20.740132528643745,20.5,21.5
1435.0,20.41021672249117,20.821094725570156,-3.1006017475962455,21.0,1,0.1789052744298445,20.821094725570156,20.5,21.5
1436.0,20.410514558797153,20.76953847533609,-3.1000558969506953,21.0,1,0.2304615246639088,20.76953847533609,20.5,21.5
1437.0,20.410812444706004,20.68699320084455,-3.0995114931952283,21.0,1,0.31300679915544904,20.68699320084455,20.5,21.5
1438.0,20.411110379918423,20.69368280133882,-3.098968536744433,21.0,1,0.3063171986611799,20.69368280133882,20.5,21.5
1439.0,20.41140836413509,20.6964833268262,-3.098427028011793,21.0,1,0.3035166731737995,20.6964833268262,20.5,21.5
1440.0,20.411706397056662,20.86888283464875,-3.0978869674096927,21.0,1,0.13111716535124884,20.86888283464875,20.5,21.5
1441.0,20.412004478383768,20.821542592388248,-3.0973483553494106,21.0,1,0.17845740761175222,20.821542592388248,20.5,21.5
1442.0,20.412302607817022,20.826302267636006,-3.0968111922411232,21.0,1,0.1736977323639941,20.826302267636006,20.5,21.5
1443.0,20.41260078505701,20.852737865428182,-3.0962754784939044,21.0,1,0.14726213457181814,20.852737865428182,20.5,21.5
1444.0,20.4128990098043,20.773530965874997,-3.095741214515723,21.0,1,0.22646903412500308,20.773530965874997,20.5,21.5
1445.0,20.413197281759434,20.552665975498382,-3.0952084007134433,21.0,1,0.4473340245016182,20.552665975498382,20.5,21.5
1446.0,20.41349560062294,20.560359705588265,-3.0946770374928274,21.0,1,0.4396402944117348,20.560359705588265,20.5,21.5
1447.0,20.41379396609532,20.59578632036243,-3.094147125258531,21.0,1,0.4042136796375715,20.59578632036243,20.5,21.5
1448.0,20.414092377877047,20.54577653017742,-3.093618664414106,21.0,1,0.4542234698225798,20.54577653017742,20.5,21.5
1449.0,20.414390835668588,20.476329109642325,-3.093091655361997,21.0,1,0.5236708903576748,20.476329109642325,20.5,21.5
1450.0,20.41468933917038,20.57508697213166,-3.0925660985035464,21.0,1,0.42491302786833884,20.57508697213166,20.5,21.5
1451.0,20.414987888082845,20.59010596075255,-3.0920419942389863,21.0,1,0.40989403924745105,20.59010596075255,20.5,21.5
1452.0,20.41528648210638,20.580792601706577,-3.0915193429674463,21.0,1,0.41920739829342324,20.580792601706577,20.5,21.5
1453.0,20.415585120941365,20.572910068155064,-3.0909981450869477,21.0,1,0.42708993184493593,20.572910068155064,20.5,21.5
1454.0,20.41588380428816,20.581720700090692,-3.090478400994405,21.0,1,0.4182792999093081,20.581720700090692,20.5,21.5
1455.0,20.416182531847102,20.555905599810938,-3.0899601110856274,21.0,1,0.4440944001890621,20.555905599810938,20.5,21.5
1456.0,20.416481303318516,20.540175091394833,-3.089443275755313,21.0,1,0.45982490860516734,20.540175091394833,20.5,21.5
1457.0,20.416780118402702,20.555212560345126,-3.088927895397056,21.0,1,0.4447874396548741,20.555212560345126,20.5,21.5
1458.0,20.417078976799942,20.597826726585605,-3.08841397040334,21.0,1,0.40217327341439457,20.597826726585605,20.5,21.5
1459.0,20.4173778782105,20.554365628556585,-3.0879015011655415,21.0,1,0.4456343714434148,20.554365628556585,20.5,21.5
1460.0,20.417676822334627,20.61260501218738,-3.087390488073929,21.0,1,0.3873949878126197,20.61260501218738,20.5,21.5
1461.0,20.417975808872544,20.588652485949595,-3.08688093151766,21.0,1,0.41134751405040504,20.588652485949595,20.5,21.5
1462.0,20.418274837524468,20.487388639048547,-3.086372831884785,21.0,1,0.5126113609514533,20.487388639048547,20.5,21.5
1463.0,20.418573907990584,20.548073161322957,-3.0858661895622435,21.0,1,0.45192683867704275,20.548073161322957,20.5,21.5
1464.0,20.418873019971073,20.65124380148191,-3.0853610049358657,21.0,1,0.3487561985180889,20.65124380148191,20.5,21.5
1465.0,20.419172173166093,20.519644122182875,-3.0848572783903716,21.0,1,0.4803558778171251,20.519644122182875,20.5,21.5
1466.0,20.419471367275783,20.48244530279683,-3.0843550103093698,21.0,1,0.5175546972031704,20.48244530279683,20.5,21.5
1467.0,20.419770602000266,20.621321806445103,-3.0838542010753613,21.0,1,0.3786781935548973,20.621321806445103,20.5,21.5
1468.0,20.42006987703965,20.617182714959746,-3.0833548510697337,21.0,1,0.3828172850402538,20.617182714959746,20.5,21.5
1469.0,20.42036919209403,20.652235436895296,-3.0828569606727623,21.0,1,0.34776456310470394,20.652235436895296,20.5,21.5
1470.0,20.420668546863475,20.618690816747645,-3.082360530263614,21.0,1,0.3813091832523554,20.618690816747645,20.5,21.5
1471.0,20.420967941048048,20.72279721364175,-3.081865560220341,21.0,1,0.2772027863582487,20.72279721364175,20.5,21.5
1472.0,20.421267374347792,20.60421682223547,-3.081372050919885,21.0,1,0.39578317776453176,20.60421682223547,20.5,21.5
1473.0,20.42156684646274,20.662213788237278,-3.080880002738075,21.0,1,0.3377862117627224,20.662213788237278,20.5,21.5
1474.0,20.4218663570929,20.552770141956255,-3.080389416049626,21.0,1,0.4472298580437446,20.552770141956255,20.5,21.5
1475.0,20.42216590593827,20.735733346281073,-3.0799002912281424,21.0,1,0.2642666537189271,20.735733346281073,20.5,21.5
1476.0,20.422465492698837,20.639011060249807,-3.0794126286461143,21.0,1,0.3609889397501931,20.639011060249807,20.5,21.5
1477.0,20.42276511707457,20.619693247673133,-3.078926428674916,21.0,1,0.3803067523268666,20.619693247673133,20.5,21.5
1478.0,20.42306477876542,20.594083357016093,-3.0784416916848123,21.0,1,0.4059166429839074,20.594083357016093,20.5,21.5
1479.0,20.423364477471328,20.65768404259511,-3.0779584180449486,21.0,1,0.34231595740488885,20.65768404259511,20.5,21.5
1480.0,20.423664212892223,20.581345139082327,-3.077476608123362,21.0,1,0.41865486091767323,20.581345139082327,20.5,21.5
1481.0,20.42396398472802,20.601425793907687,-3.07699626228697,21.0,1,0.398574206092313,20.601425793907687,20.5,21.5
1482.0,20.424263792678616,20.677849846266078,-3.076517380901578,21.0,1,0.3221501537339222,20.677849846266078,20.5,21.5
1483.0,20.4245636364439,20.573255784200445,-3.0760399643318728,21.0,1,0.42674421579955535,20.573255784200445,20.5,21.5
1484.0,20.424863515723743,20.50925608062603,-3.0755640129414292,21.0,1,0.4907439193739691,20.50925608062603,20.5,21.5
1485.0,20.42516343021801,20.495261847217314,-3.0750895270927057,21.0,1,0.5047381527826857,20.495261847217314,20.5,21.5
1486.0,20.42546337962655,20.54855634467918,-3.0746165071470424,21.0,1,0.4514436553208192,20.54855634467918,20.5,21.5
1487.0,20.425763363649196,20.56775367277644,-3.074144953464666,21.0,1,0.4322463272235595,20.56775367277644,20.5,21.5
1488.0,20.426063381985774,20.745670185456255,-3.0736748664046836,21.0,1,0.2543298145437447,20.745670185456255,20.5,21.5
1489.0,20.426363434336096,20.79955873893045,-3.073206246325088,21.0,1,0.20044126106954963,20.79955873893045,20.5,21.5
1490.0,20.426663520399963,20.75030678178359,-3.0727390935827543,21.0,1,0.24969321821641088,20.75030678178359,20.5,21.5
1491.0,20.426963639877165,20.804453753782024,-3.072273408533438,21.0,1,0.195546246217976,20.804453753782024,20.5,21.5
1492.0,20.427263792467482,20.664027573671056,-3.07180919153178,21.0,1,0.33597242632894364,20.664027573671056,20.5,21.5
1493.0,20.427563977870683,20.50858011180396,-3.0713464429313007,21.0,1,0.49141988819604165,20.50858011180396,20.5,21.5
1494.0,20.427864195786523,20.488738863986445,-3.0708851630844034,21.0,1,0.5112611360135553,20.488738863986445,20.5,21.5
1495.0,20.42816444591475,20.53668577879331,-3.070425352342374,21.0,1,0.46331422120669075,20.53668577879331,20.5,21.5
1496.0,20.4284647279551,20.537063730850665,-3.069967011055377,21.0,1,0.46293626914933483,20.537063730850665,20.5,21.5
1497.0,20.428765041607296,20.702863756734295,-3.0695101395724596,21.0,1,0.29713624326570454,20.702863756734295,20.5,21.5
1498.0,20.42906538657106,20.746729788232564,-3.06905473824155,21.0,1,0.25327021176743614,20.746729788232564,20.5,21.5
1499.0,20.429365762546098,20.770354251925188,-3.068600807409455,21.0,1,0.22964574807481242,20.770354251925188,20.5,21.5
1500.0,20.429666169232107,20.80501706506448,6.931851652578136,21.0,1,0.19498293493552055,20.80501706506448,20.5,21.5
1501.0,20.431966606328775,20.718486095392755,6.932302641376657,21.0,1,0.28151390460724457,20.718486095392755,20.5,21.5
1502.0,20.434266673535785,20.68508084879576,6.932752158642659,21.0,1,0.31491915120423997,20.68508084879576,20.5,21.5
1503.0,20.436566370632807,20.62051517388963,6.933200204033815,21.0,1,0.37948482611037093,20.62051517388963,20.5,21.5
1504.0,20.438865697399486,20.638716630083913,6.933646777208919,21.0,1,0.36128336991608734,20.638716630083913,20.5,21.5
1505.0,20.44116465361545,20.609160127573325,6.934091877827886,21.0,1,0.3908398724266746,20.609160127573325,20.5,21.5
1506.0,20.44346323906029,20.685955266236288,6.934535505551754,21.0,1,0.314044733763712,20.685955266236288,20.5,21.5
1507.0,20.445761453513587,20.6281232539788,6.934977660042679,21.0,1,0.3718767460212007,20.6281232539788,20.5,21.5
1508.0,20.44805929675489,20.666133970489113,6.935418340963942,21.0,1,0.3338660295108866,20.666133970489113,20.5,21.5
1509.0,20.450356768563733,20.66431847999946,6.935857547979946,21.0,1,0.3356815200005414,20.66431847999946,20.5,21.5
1510.0,20.452653868719615,20.63720169175143,6.936295280756216,21.0,1,0.3627983082485713,20.63720169175143,20.5,21.5
1511.0,20.45495059700202,20.560034022063256,6.936731538959397,21.0,1,0.43996597793674397,20.560034022063256,20.5,21.5
1512.0,20.457246953190413,20.666505852631275,6.937166322257262,21.0,1,0.3334941473687252,20.666505852631275,20.5,21.5
1513.0,20.459542937064228,20.686413755494222,6.9375996303187035,21.0,1,0.3135862445057782,20.686413755494222,20.5,21.5
1514.0,20.461838548402877,20.598051612423536,6.938031462813739,21.0,1,0.40194838757646423,20.598051612423536,20.5,21.5
1515.0,20.46413378698576,20.64473686144429,6.938461819413509,21.0,1,0.3552631385557099,20.64473686144429,20.5,21.5
1516.0,20.466428652592246,20.71635625401959,6.938890699790278,21.0,1,0.28364374598040953,20.71635625401959,20.5,21.5
1517.0,20.468723145001686,20.621625108074767,6.939318103617435,21.0,1,0.3783748919252332,20.621625108074767,20.5,21.5
1518.0,20.47101726399341,20.572918141098768,6.939744030569494,21.0,1,0.4270818589012322,20.572918141098768,20.5,21.5
1519.0,20.473311009346727,20.67430684387166,6.940168480322091,21.0,1,0.3256931561283416,20.67430684387166,20.5,21.5
1520.0,20.47560438084092,20.61788343980656,6.940591452551993,21.0,1,0.38211656019344176,20.61788343980656,20.5,21.5
1521.0,20.477897378255264,20.61113884475545,6.941012946937085,21.0,1,0.38886115524454823,20.61113884475545,20.5,21.5
1522.0,20.480190001369,20.676048681502543,6.941432963156382,21.0,1,0.32395131849745695,20.676048681502543,20.5,21.5
1523.0,20.482482249961357,20.710565100906916,6.941851500890023,21.0,1,0.2894348990930844,20.710565100906916,20.5,21.5
1524.0,20.484774123811544,20.668686479796282,6.942268559819272,21.0,1,0.33131352020371807,20.668686479796282,20.5,21.5
1525.0,20.487065622698747,20.66638876641112,6.942684139626523,21.0,1,0.33361123358887923,20.66638876641112,20.5,21.5
1526.0,20.489356746402134,20.708108308420474,6.943098239995292,21.0,1,0.29189169157952577,20.708108308420474,20.5,21.5
1527.0,20.491647494700853,20.702895712574083,6.943510860610225,21.0,1,0.2971042874259169,20.702895712574083,20.5,21.5
1528.0,20.493937867374036,20.735588556130473,6.943922001157093,21.0,1,0.26441144386952686,20.735588556130473,20.5,21.5
1529.0,20.496227864200794,20.76041844113884,6.944331661322793,21.0,1,0.23958155886116117,20.76041844113884,20.5,21.5
1530.0,20.498517484960217,20.81104933395853,6.944739840795354,21.0,1,0.18895066604147104,20.81104933395853,20.5,21.5
1531.0,20.500806729431385,20.73606766440282,6.945146539263926,21.0,1,0.263932335597179,20.73606766440282,20.5,21.5
1532.0,20.50309559739335,20.712856729480322,6.9455517564187925,21.0,1,0.28714327051967814,20.712856729480322,20.5,21.5
1533.0,20.505384088625156,20.754014929031598,6.945955491951364,21.0,1,0.24598507096840194,20.754014929031598,20.5,21.5
1534.0,20.507672202905823,20.74827720172182,6.9463577455541765,21.0,1,0.25172279827818045,20.74827720172182,20.5,21.5
1535.0,20.50995994001435,20.75943988632783,6.946758516920897,21.0,1,0.24056011367217067,20.75943988632783,20.5,21.5
1536.0,20.512247299729733,20.79159259740141,6.94715780574632,21.0,1,0.20840740259858848,20.79159259740141,20.5,21.5
1537.0,20.514534281830937,20.770323457002057,6.947555611726371,21.0,1,0.22967654299794305,20.770323457002057,20.5,21.5
1538.0,20.516820886096916,20.69563182670159,6.947951934558104,21.0,1,0.3043681732984105,20.69563182670159,20.5,21.5
1539.0,20.519107112306607,20.611658238551648,6.948346773939699,21.0,1,0.388341761448352,20.611658238551648,20.5,21.5
1540.0,20.521392960238934,20.585178513076148,6.948740129570471,21.0,1,0.41482148692385223,20.585178513076148,20.5,21.5
1541.0,20.5236784296728,20.53032297014922,6.949132001150861,21.0,1,0.46967702985077864,20.53032297014922,20.5,21.5
1542.0,20.525963520387094,20.614690381291695,6.9495223883824435,21.0,1,0.3853096187083054,20.614690381291695,20.5,21.5
1543.0,20.528248232160692,20.677315219233954,6.94991129096792,21.0,1,0.32268478076604623,20.677315219233954,20.5,21.5
1544.0,20.530532564772454,20.820430791050534,6.950298708611126,21.0,1,0.17956920894946649,20.820430791050534,20.5,21.5
1545.0,20.532816518001223,20.914249215522787,6.950684641017025,21.0,1,0.08575078447721296,20.914249215522787,20.5,21.5
1546.0,20.535100091625825,20.89150817930879,6.951069087891713,21.0,1,0.10849182069121,20.89150817930879,20.5,21.5
1547.0,20.53738328542508,20.872645755939413,6.951452048942417,21.0,1,0.12735424406058726,20.872645755939413,20.5,21.5
1548.0,20.539666099177783,20.775741262971202,6.951833523877495,21.0,1,0.22425873702879784,20.775741262971202,20.5,21.5
1549.0,20.541948532662722,20.680800531112148,6.952213512406438,21.0,1,0.31919946888785233,20.680800531112148,20.5,21.5
1550.0,20.54423058565867,20.698718298920365,6.952592014239867,21.0,1,0.3012817010796347,20.698718298920365,20.5,21.5
1551.0,20.546512257944386,20.679718048468203,6.952969029089537,21.0,1,0.32028195153179695,20.679718048468203,20.5,21.5
1552.0,20.548793549298615,20.587126469201003,6.953344556668336,21.0,1,0.412873530798997,20.587126469201003,20.5,21.5
1553.0,20.55107445950009,20.649533489295173,6.9537185966902815,21.0,1,0.3504665107048268,20.649533489295173,20.5,21.5
1554.0,20.553354988327527,20.631710780086642,6.954091148870527,21.0,1,0.3682892199133576,20.631710780086642,20.5,21.5
1555.0,20.555635135559637,20.56367020558797,6.954462212925358,21.0,1,0.43632979441202835,20.56367020558797,20.5,21.5
1556.0,20.55791490097511,20.668410641508338,6.954831788572192,21.0,1,0.33158935849166227,20.668410641508338,20.5,21.5
1557.0,20.56019428435263,20.686279253394144,6.955199875529582,21.0,1,0.31372074660585625,20.686279253394144,20.5,21.5
1558.0,20.562473285470865,20.718710745289364,6.955566473517212,21.0,1,0.2812892547106358,20.718710745289364,20.5,21.5
1559.0,20.564751904108476,20.84392572806818,6.9559315822559045,21.0,1,0.15607427193182133,20.84392572806818,20.5,21.5
1560.0,20.567030140044107,20.80693904363611,6.956295201467611,21.0,1,0.1930609563638903,20.80693904363611,20.5,21.5
1561.0,20.56930799305639,20.80252806684359,6.956657330875421,21.0,1,0.19747193315641098,20.80252806684359,20.5,21.5
1562.0,20.571585462923956,20.829753558676828,6.957017970203557,21.0,1,0.17024644132317235,20.829753558676828,20.5,21.5
1563.0,20.57386254942541,20.799487249310808,6.957377119177376,21.0,1,0.2005127506891924,20.799487249310808,20.5,21.5
1564.0,20.57613925233936,20.79065893792934,6.95773477752337,21.0,1,0.20934106207065994,20.79065893792934,20.5,21.5
1565.0,20.578415571444395,20.734995418277418,6.958090944969168,21.0,1,0.26500458172258234,20.734995418277418,20.5,21.5
1566.0,20.580691506519102,20.760087987242677,6.9584456212435315,21.0,1,0.23991201275732266,20.760087987242677,20.5,21.5
1567.0,20.582967057342046,20.820242883725484,6.95879880607636,21.0,1,0.17975711627451574,20.820242883725484,20.5,21.5
1568.0,20.585242223691793,20.802770829942624,6.959150499198688,21.0,1,0.19722917005737628,20.802770829942624,20.5,21.5
1569.0,20.587517005346893,20.817524756100045,6.959500700342685,21.0,1,0.18247524389995462,20.817524756100045,20.5,21.5
1570.0,20.589791402085893,20.921456239482435,6.959849409241659,21.0,1,0.07854376051756518,20.921456239482435,20.5,21.5
1571.0,20.592065413687326,20.88148944591712,6.9601966256300525,21.0,1,0.11851055408288147,20.88148944591712,20.5,21.5
1572.0,20.594339039929714,20.800723931329188,6.960542349243443,21.0,1,0.19927606867081238,20.800723931329188,20.5,21.5
1573.0,20.59661228059158,20.815051092413547,6.960886579818551,21.0,1,0.18494890758645255,20.815051092413547,20.5,21.5
1574.0,20.598885135451425,20.693519241855967,6.961229317093226,21.0,1,0.3064807581440334,20.693519241855967,20.5,21.5
1575.0,20.601157604287753,20.68274578534543,6.961570560806461,21.0,1,0.3172542146545716,20.68274578534543,20.5,21.5
1576.0,20.603429686879057,20.69696904468604,6.961910310698383,21.0,1,0.30303095531396096,20.69696904468604,20.5,21.5
1577.0,20.605701383003822,20.738824233472975,6.962248566510258,21.0,1,0.2611757665270247,20.738824233472975,20.5,21.5
1578.0,20.607972692440523,20.72679263407953,6.96258532798449,21.0,1,0.2732073659204701,20.72679263407953,20.5,21.5
1579.0,20.610243614967633,20.838283030880262,6.96292059486462,21.0,1,0.16171696911973754,20.838283030880262,20.5,21.5
1580.0,20.612514150363612,20.901844122695575,6.9632543668953275,21.0,1,0.09815587730442488,20.901844122695575,20.5,21.5
1581.0,20.614784298406917,20.89227773956689,6.963586643822431,21.0,1,0.1077222604331105,20.89227773956689,20.5,21.5
1582.0,20.617054058876,20.959732863673814,6.9639174253928875,21.0,1,0.04026713632618595,20.959732863673814,20.5,21.5
1583.0,20.619323431549304,20.978571242756306,6.964246711354791,21.0,1,0.021428757243693752,20.978571242756306,20.5,21.5
1584.0,20.621592416205264,20.95585131916394,6.964574501457378,21.0,1,0.044148680836059384,20.95585131916394,20.5,21.5
1585.0,20.623861012622314,20.964292421032685,6.964900795451019,21.0,1,0.035707578967315357,20.964292421032685,20.5,21.5
1586.0,20.62612922057888,20.96929510517406,6.96522559308723,21.0,1,0.03070489482594141,20.96929510517406,20.5,21.5
1587.0,20.62839703985338,20.89172355467839,6.965548894118663,21.0,1,0.10827644532161074,20.89172355467839,20.5,21.5
1588.0,20.630664470224232,20.919387820099026,6.965870698299108,21.0,1,0.08061217990097447,20.919387820099026,20.5,21.5
1589.0,20.63293151146985,20.946957124997482,6.9661910053835,21.0,1,0.05304287500251803,20.946957124997482,20.5,21.5
1590.0,20.63519816336863,20.91272362282597,6.966509815127909,21.0,1,0.0872763771740317,20.91272362282597,20.5,21.5
1591.0,20.637464425698983,20.91938405407914,6.966827127289549,21.0,1,0.08061594592086152,20.91938405407914,20.5,21.5
1592.0,20.6397302982393,20.948560287493944,6.967142941626772,21.0,1,0.05143971250605617,20.948560287493944,20.5,21.5
1593.0,20.641995780767978,21.034041824462133,6.967457257899071,21.0,1,-0.03404182446213255,21.034041824462133,20.5,21.5
1594.0,20.644260873063406,20.983493400040622,6.967770075867083,21.0,1,0.016506599959377866,20.983493400040622,20.5,21.5
1595.0,20.646525574903965,20.907946242801962,6.9680813952925815,21.0,1,0.09205375719803754,20.907946242801962,20.5,21.5
1596.0,20.64878988606804,21.001208344526844,6.9683912159384835,21.0,1,-0.0012083445268444848,21.001208344526844,20.5,21.5
1597.0,20.651053806334016,21.08674662412805,6.968699537568848,21.0,1,-0.08674662412805034,21.08674662412805,20.5,21.5
1598.0,20.653317335480263,20.986406314502897,6.969006359948873,21.0,1,0.013593685497102825,20.986406314502897,20.5,21.5
1599.0,20.655580473285156,21.11196869496598,6.969311682844902,21.0,1,-0.11196869496598083,21.11196869496598,20.5,21.5
1600.0,20.657843219527066,21.18057519738946,6.969615506024416,21.0,1,-0.1805751973894587,21.18057519738946,20.5,21.5
1601.0,20.660105573984367,21.084757755883338,6.969917829256042,21.0,1,-0.08475775588333789,21.084757755883338,20.5,21.5
1602.0,20.662367536435422,21.08893770471264,6.970218652309548,21.0,1,-0.08893770471264162,21.08893770471264,20.5,21.5
1603.0,20.664629106658598,21.064943085321147,6.970517974955843,21.0,1,-0.06494308532114701,21.064943085321147,20.5,21.5
1604.0,20.666890284432256,20.960978415465856,6.97081579696698,21.0,1,0.03902158453414373,20.960978415465856,20.5,21.5
1605.0,20.669151069534763,20.87461766477877,6.971112118116156,21.0,1,0.12538233522122866,20.87461766477877,20.5,21.5
1606.0,20.67141146174448,20.85540246440982,6.971406938177707,21.0,1,0.1445975355901794,20.85540246440982,20.5,21.5
1607.0,20.673671460839767,20.765163521762656,6.971700256927117,21.0,1,0.23483647823734444,20.765163521762656,20.5,21.5
1608.0,20.675931066598984,20.714285375396305,6.97199207414101,21.0,1,0.28571462460369546,20.714285375396305,20.5,21.5
1609.0,20.678190278800493,20.704787652280814,6.972282389597154,21.0,1,0.29521234771918614,20.704787652280814,20.5,21.5
1610.0,20.680449097222652,20.778639656401072,6.972571203074462,21.0,1,0.22136034359892776,20.778639656401072,20.5,21.5
1611.0,20.682707521643824,20.90397162240749,6.972858514352991,21.0,1,0.0960283775925106,20.90397162240749,20.5,21.5
1612.0,20.684965551842367,20.829650931155303,6.973144323213939,21.0,1,0.17034906884469692,20.829650931155303,20.5,21.5
1613.0,20.687223187596643,20.90518506028419,6.973428629439651,21.0,1,0.09481493971581045,20.90518506028419,20.5,21.5
1614.0,20.689480428685012,20.837799637772413,6.973711432813614,21.0,1,0.16220036222758694,20.837799637772413,20.5,21.5
1615.0,20.69173727488584,20.825241640683025,6.973992733120464,21.0,1,0.17475835931697503,20.825241640683025,20.5,21.5
1616.0,20.693993725977485,20.618151764080213,6.974272530145976,21.0,1,0.38184823591978656,20.618151764080213,20.5,21.5
1617.0,20.69624978173832,20.749389296837688,6.974550823677073,21.0,1,0.2506107031623124,20.749389296837688,20.5,21.5
1618.0,20.698505441946708,20.79287761164885,6.974827613501823,21.0,1,0.2071223883511486,20.79287761164885,20.5,21.5
1619.0,20.70076070638102,20.870356318073593,6.975102899409437,21.0,1,0.12964368192640663,20.870356318073593,20.5,21.5
1620.0,20.703015574819624,20.890688857513545,6.9753766811902755,21.0,1,0.10931114248645457,20.890688857513545,20.5,21.5
1621.0,20.705270047040898,21.028516874378933,6.975648958635839,21.0,1,-0.028516874378933466,21.028516874378933,20.5,21.5
1622.0,20.707524122823216,21.05111782583328,6.975919731538778,21.0,1,-0.051117825833280506,21.05111782583328,20.5,21.5
1623.0,20.70977780194496,20.934122891849896,6.976188999692887,21.0,1,0.06587710815010439,20.934122891849896,20.5,21.5
1624.0,20.71203108418451,20.926569931845158,6.976456762893106,21.0,1,0.07343006815484188,20.926569931845158,20.5,21.5
1625.0,20.714283969320253,20.942886898956022,6.9767230209355215,21.0,1,0.05711310104397782,20.942886898956022,20.5,21.5
1626.0,20.716536457130577,20.979686099760848,6.976987773617367,21.0,1,0.02031390023915236,20.979686099760848,20.5,21.5
1627.0,20.718788547393874,20.969793090569645,6.977251020737022,21.0,1,0.030206909430354756,20.969793090569645,20.5,21.5
1628.0,20.72104023988854,21.069411256214885,6.977512762094012,21.0,1,-0.06941125621488453,21.069411256214885,20.5,21.5
1629.0,20.72329153439298,21.10976073584969,6.977772997489009,21.0,1,-0.10976073584969015,21.10976073584969,20.5,21.5
1630.0,20.7255424306856,21.046563623909954,6.978031726723834,21.0,1,-0.04656362390995383,21.046563623909954,20.5,21.5
1631.0,20.727792928544808,20.932693428843322,6.978288949601452,21.0,1,0.06730657115667782,20.932693428843322,20.5,21.5
1632.0,20.73004302774902,20.885660732748384,6.978544665925977,21.0,1,0.1143392672516157,20.885660732748384,20.5,21.5
1633.0,20.732292728076654,20.848128500610805,6.97879887550267,21.0,1,0.15187149938919475,20.848128500610805,20.5,21.5
1634.0,20.73454202930614,20.83076569388178,6.9790515781379385,21.0,1,0.16923430611822,20.83076569388178,20.5,21.5
1635.0,20.736790931215907,20.873998251995157,6.979302773639341,21.0,1,0.12600174800484254,20.873998251995157,20.5,21.5
1636.0,20.73903943358439,20.850464322296357,6.979552461815578,21.0,1,0.14953567770364273,20.850464322296357,20.5,21.5
1637.0,20.741287536190036,20.887294132528602,6.979800642476503,21.0,1,0.11270586747139788,20.887294132528602,20.5,21.5
1638.0,20.743535238811294,20.91868828105216,6.980047315433115,21.0,1,0.08131171894784117,20.91868828105216,20.5,21.5
1639.0,20.745782541226617,20.963070951235533,6.980292480497562,21.0,1,0.0369290487644669,20.963070951235533,20.5,21.5
1640.0,20.74802944321447,20.94298148440209,6.98053613748314,21.0,1,0.05701851559791038,20.94298148440209,20.5,21.5
1641.0,20.750275944553323,21.05290500707513,6.980778286204295,21.0,1,-0.05290500707512891,21.05290500707513,20.5,21.5
1642.0,20.752522045021653,21.032534633947286,6.981018926476618,21.0,1,-0.03253463394728584,21.032534633947286,20.5,21.5
1643.0,20.754767744397945,21.03935587395386,6.981258058116851,21.0,1,-0.03935587395385909,21.03935587395386,20.5,21.5
1644.0,20.757013042460688,20.98616875334764,6.981495680942887,21.0,1,0.013831246652358686,20.98616875334764,20.5,21.5
1645.0,20.759257938988384,20.99799312882189,6.981731794773765,21.0,1,0.002006871178110714,20.99799312882189,20.5,21.5
1646.0,20.761502433759542,20.988564470375422,6.981966399429672,21.0,1,0.011435529624577612,20.988564470375422,20.5,21.5
1647.0,20.763746526552676,20.99216450645838,6.982199494731949,21.0,1,0.007835493541620053,20.99216450645838,20.5,21.5
1648.0,20.765990217146314,21.031461410906537,6.982431080503083,21.0,1,-0.031461410906537424,21.031461410906537,20.5,21.5
1649.0,20.768233505318985,21.048733876878583,6.982661156566712,21.0,1,-0.04873387687858255,21.048733876878583,20.5,21.5
1650.0,20.770476390849236,21.116422159704154,6.982889722747621,21.0,1,-0.11642215970415393,21.116422159704154,20.5,21.5
1651.0,20.772718873515615,21.04753498051749,6.983116778871748,21.0,1,-0.047534980517490055,21.04753498051749,20.5,21.5
1652.0,20.774960953096684,21.02087516434819,6.9833423247661806,21.0,1,-0.020875164348190367,21.02087516434819,20.5,21.5
1653.0,20.77720262937102,21.048793985116596,6.983566360259156,21.0,1,-0.04879398511659616,21.048793985116596,20.5,21.5
1654.0,20.779443902117197,21.093805468507956,6.98378888518006,21.0,1,-0.09380546850795568,21.093805468507956,20.5,21.5
1655.0,20.78168477111381,20.96546474881476,6.98400989935943,21.0,1,0.0345352511852397,20.96546474881476,20.5,21.5
1656.0,20.78392523613946,21.039764726623556,6.984229402628955,21.0,1,-0.0397647266235559,21.039764726623556,20.5,21.5
1657.0,20.786165296972758,21.07334304860453,6.9844473948214745,21.0,1,-0.07334304860453145,21.07334304860453,20.5,21.5
1658.0,20.788404953392327,21.011734109024516,6.984663875770977,21.0,1,-0.011734109024516215,21.011734109024516,20.5,21.5
1659.0,20.790644205176804,21.01043418822655,6.984878845312603,21.0,1,-0.010434188226550845,21.01043418822655,20.5,21.5
1660.0,20.79288305210483,21.194393412555982,6.985092303282644,21.0,1,-0.19439341255598208,21.194393412555982,20.5,21.5
1661.0,20.795121493955065,21.074952413852905,6.985304249518542,21.0,1,-0.07495241385290541,21.074952413852905,20.5,21.5
1662.0,20.797359530506178,21.137892296629225,6.9855146838588915,21.0,1,-0.1378922966292251,21.137892296629225,20.5,21.5
1663.0,20.79959716153685,21.1831499872617,6.985723606143436,21.0,1,-0.18314998726170018,21.1831499872617,20.5,21.5
1664.0,20.80183438682577,21.106327265537338,6.985931016213074,21.0,1,-0.10632726553733818,21.106327265537338,20.5,21.5
1665.0,20.804071206151647,20.97422174251962,6.986136913909853,21.0,1,0.025778257480379096,20.97422174251962,20.5,21.5
1666.0,20.8063076192932,21.07074529088255,6.986341299076972,21.0,1,-0.07074529088254877,21.07074529088255,20.5,21.5
1667.0,20.808543626029156,21.055803328311338,6.986544171558784,21.0,1,-0.05580332831133816,21.055803328311338,20.5,21.5
1668.0,20.810779226138262,20.98995072599343,6.986745531200793,21.0,1,0.010049274006568965,20.98995072599343,20.5,21.5
1669.0,20.813014419399273,21.031056121638564,6.986945377849654,21.0,1,-0.03105612163856364,21.031056121638564,20.5,21.5
1670.0,20.815249205590963,21.015116297413506,6.987143711353175,21.0,1,-0.015116297413506175,21.015116297413506,20.5,21.5
1671.0,20.817483584492116,21.002002426755446,6.987340531560317,21.0,1,-0.0020024267554461517,21.002002426755446,20.5,21.5
1672.0,20.819717555881528,21.008186098128974,6.987535838321193,21.0,1,-0.00818609812897364,21.008186098128974,20.5,21.5
1673.0,20.821951119538017,21.045034008241416,6.987729631487067,21.0,1,-0.04503400824141579,21.045034008241416,20.5,21.5
1674.0,20.824184275240405,21.117007367232613,6.98792191091036,21.0,1,-0.11700736723261329,21.117007367232613,20.5,21.5
1675.0,20.82641702276754,21.217937557061163,6.988112676444639,21.0,1,-0.21793755706116258,21.217937557061163,20.5,21.5
1676.0,20.828649361898275,21.26728198271011,6.988301927944631,21.0,1,-0.2672819827101094,21.26728198271011,20.5,21.5
1677.0,20.830881292411483,21.24097591413081,6.9884896652662105,21.0,1,-0.24097591413081076,21.24097591413081,20.5,21.5
1678.0,20.833112814086054,21.209787000606383,6.9886758882664095,21.0,1,-0.2097870006063829,21.209787000606383,20.5,21.5
1679.0,20.83534392670089,21.118769941604885,6.988860596803409,21.0,1,-0.11876994160488508,21.118769941604885,20.5,21.5
1680.0,20.83757463003491,21.148806172601027,6.989043790736547,21.0,1,-0.14880617260102724,21.148806172601027,20.5,21.5
1681.0,20.839804923867053,21.04706959284999,6.989225469926312,21.0,1,-0.047069592849990016,21.04706959284999,20.5,21.5
1682.0,20.842034807976265,21.013841826989626,6.989405634234348,21.0,1,-0.013841826989626327,21.013841826989626,20.5,21.5
1683.0,20.844264282141516,21.011347465820744,6.9895842835234525,21.0,1,-0.011347465820744418,21.011347465820744,20.5,21.5
1684.0,20.84649334614179,21.08060869487199,6.989761417657577,21.0,1,-0.08060869487199085,21.08060869487199,20.5,21.5
1685.0,20.848721999756094,21.07468841187815,6.989937036501823,21.0,1,-0.07468841187814945,21.07468841187815,20.5,21.5
1686.0,20.850950242763442,21.165926967739615,6.990111139922453,21.0,1,-0.16592696773961535,21.165926967739615,20.5,21.5
1687.0,20.853178074942875,21.15151504174657,6.990283727786877,21.0,1,-0.1515150417465705,21.15151504174657,20.5,21.5
1688.0,20.855405496073445,21.28002348018941,6.990454799963662,21.0,1,-0.2800234801894099,21.28002348018941,20.5,21.5
1689.0,20.857632505934223,21.203267657080993,6.990624356322531,21.0,1,-0.2032676570809926,21.203267657080993,20.5,21.5
1690.0,20.859859104304302,21.09495702263135,6.990792396734357,21.0,1,-0.09495702263134831,21.09495702263135,20.5,21.5
1691.0,20.86208529096279,21.041297064334692,6.990958921071172,21.0,1,-0.04129706433469238,21.041297064334692,20.5,21.5
1692.0,20.86431106568881,20.976760129431963,6.99112392920616,21.0,1,0.023239870568037446,20.976760129431963,20.5,21.5
1693.0,20.86653642826151,20.862551156141826,6.991287421013659,21.0,1,0.13744884385817357,20.862551156141826,20.5,21.5
1694.0,20.86876137846006,20.930348321320288,6.991449396369164,21.0,1,0.06965167867971189,20.930348321320288,20.5,21.5
1695.0,20.870985916063642,21.028876144616568,6.991609855149323,21.0,1,-0.028876144616567956,21.028876144616568,20.5,21.5
1696.0,20.873210040851458,20.974811551807512,6.9917687972319404,21.0,1,0.025188448192487556,20.974811551807512,20.5,21.5
1697.0,20.875433752602735,21.02771218102931,6.991926222495975,21.0,1,-0.027712181029311722,21.02771218102931,20.5,21.5
1698.0,20.877657051096712,21.014109246398277,6.992082130821539,21.0,1,-0.014109246398277264,21.014109246398277,20.5,21.5
1699.0,20.87987993611266,21.03821848959239,6.992236522089903,21.0,1,-0.038218489592388494,21.03821848959239,20.5,21.5
1700.0,20.882102407429855,21.00098068550915,6.992389396183491,21.0,1,-0.0009806855091483158,21.00098068550915,20.5,21.5
1701.0,20.884324464827607,21.175741138982517,6.9925407529858825,21.0,1,-0.17574113898251653,21.175741138982517,20.5,21.5
1702.0,20.886546108085238,21.226712011585505,6.992690592381813,21.0,1,-0.22671201158550502,21.226712011585505,20.5,21.5
1703.0,20.8887673369821,21.314436251516316,6.992838914257173,21.0,1,-0.31443625151631593,21.314436251516316,20.5,21.5
1704.0,20.890988151297552,21.2304613967877,6.992985718499009,21.0,1,-0.2304613967876996,21.2304613967877,20.5,21.5
1705.0,20.893208550810993,21.147717221139988,6.993131004995523,21.0,1,-0.1477172211399882,21.147717221139988,20.5,21.5
1706.0,20.89542853530183,21.11871041735143,6.993274773636073,21.0,1,-0.11871041735142995,21.11871041735143,20.5,21.5
1707.0,20.897648104549496,21.09848445867246,6.9934170243111735,21.0,1,-0.09848445867245914,21.09848445867246,20.5,21.5
1708.0,20.899867258333447,21.031551660967008,6.9935577569124945,21.0,1,-0.03155166096700768,21.031551660967008,20.5,21.5
1709.0,20.902085996433165,21.046947274156672,6.993696971332861,21.0,1,-0.04694727415667188,21.046947274156672,20.5,21.5
1710.0,20.904304318628146,21.137156351611754,6.993834667466256,21.0,1,-0.137156351611754,21.137156351611754,20.5,21.5
1711.0,20.906522224697913,21.100707742394853,6.9939708452078175,21.0,1,-0.10070774239485303,21.100707742394853,20.5,21.5
1712.0,20.908739714422016,21.106863255427065,6.994105504453841,21.0,1,-0.10686325542706498,21.106863255427065,20.5,21.5
1713.0,20.910956787580023,21.147246719775257,6.994238645101776,21.0,1,-0.14724671977525716,21.147246719775257,20.5,21.5
1714.0,20.91317344395153,21.05260524603305,6.994370267050232,21.0,1,-0.052605246033049724,21.05260524603305,20.5,21.5
1715.0,20.91538968331615,21.007495872958895,6.994500370198971,21.0,1,-0.007495872958894978,21.007495872958895,20.5,21.5
1716.0,20.917605505453526,20.991263553620385,6.994628954448916,21.0,1,0.008736446379614904,20.991263553620385,20.5,21.5
1717.0,20.919820910143326,21.00394360925561,6.994756019702144,21.0,1,-0.00394360925561088,21.00394360925561,20.5,21.5
1718.0,20.922035897165237,21.01613889051029,6.994881565861888,21.0,1,-0.01613889051029105,21.01613889051029,20.5,21.5
1719.0,20.924250466298975,21.150545585770704,6.99500559283254,21.0,1,-0.1505455857707041,21.150545585770704,20.5,21.5
1720.0,20.92646461732428,21.16806181034368,6.995128100519649,21.0,1,-0.16806181034367995,21.16806181034368,20.5,21.5
1721.0,20.92867835002092,21.147692493764616,6.995249088829918,21.0,1,-0.14769249376461602,21.147692493764616,20.5,21.5
1722.0,20.930891664168684,21.09722152283747,6.995368557671211,21.0,1,-0.09722152283746865,21.09722152283747,20.5,21.5
1723.0,20.933104559547385,21.005586482793532,6.995486506952545,21.0,1,-0.005586482793532355,21.005586482793532,20.5,21.5
1724.0,20.935317035936865,21.020383306683804,6.9956029365841,21.0,1,-0.020383306683804392,21.020383306683804,20.5,21.5
1725.0,20.937529093116996,21.112501866683434,6.995717846477207,21.0,1,-0.11250186668343432,21.112501866683434,20.5,21.5
1726.0,20.93974073086767,21.07710529468735,6.995831236544358,21.0,1,-0.07710529468734961,21.07710529468735,20.5,21.5
1727.0,20.941951948968804,21.036734034396463,6.995943106699201,21.0,1,-0.0367340343964635,21.036734034396463,20.5,21.5
1728.0,20.944162747200348,21.048212513168224,6.996053456856544,21.0,1,-0.048212513168223836,21.048212513168224,20.5,21.5
1729.0,20.94637312534228,20.994683414624433,6.996162286932347,21.0,1,0.005316585375567229,20.994683414624433,20.5,21.5
1730.0,20.948583083174597,20.91167034191698,6.996269596843733,21.0,1,0.08832965808301907,20.91167034191698,20.5,21.5
1731.0,20.95079262047733,20.959334837966786,6.996375386508983,21.0,1,0.04066516203321413,20.959334837966786,20.5,21.5
1732.0,20.953001737030537,21.101482648566538,6.996479655847531,21.0,1,-0.1014826485665381,21.101482648566538,20.5,21.5
1733.0,20.9552104326143,21.147947244043593,6.996582404779971,21.0,1,-0.14794724404359272,21.147947244043593,20.5,21.5
1734.0,20.957418707008735,21.242326632617686,6.996683633228057,21.0,1,-0.2423266326176865,21.242326632617686,20.5,21.5
1735.0,20.95962655999398,21.300019008335905,6.996783341114698,21.0,1,-0.3000190083359051,21.300019008335905,20.5,21.5
1736.0,20.961833991350204,21.307829113079883,6.9968815283639625,21.0,1,-0.30782911307988314,21.307829113079883,20.5,21.5
1737.0,20.964041000857605,21.248817688071732,6.996978194901076,21.0,1,-0.24881768807173188,21.248817688071732,20.5,21.5
1738.0,20.966247588296415,21.19505304499868,6.997073340652424,21.0,1,-0.19505304499868004,21.19505304499868,20.5,21.5
1739.0,20.968453753446887,21.095857370496994,6.9971669655455475,21.0,1,-0.09585737049699361,21.095857370496994,20.5,21.5
1740.0,20.970659496089308,20.98752065793344,6.9972590695091474,21.0,1,0.012479342066558985,20.98752065793344,20.5,21.5
1741.0,20.97286481600399,20.953735953996997,6.997349652473083,21.0,1,0.046264046003003045,20.953735953996997,20.5,21.5
1742.0,20.975069712971283,20.933264276495983,6.997438714368372,21.0,1,0.06673572350401713,20.933264276495983,20.5,21.5
1743.0,20.977274186771563,20.933087010454525,6.997526255127189,21.0,1,0.0669129895454752,20.933087010454525,20.5,21.5
1744.0,20.979478237185234,20.84979331597046,6.997612274682868,21.0,1,0.1502066840295413,20.84979331597046,20.5,21.5
1745.0,20.981681863992733,20.931225924872393,6.997696772969901,21.0,1,0.06877407512760669,20.931225924872393,20.5,21.5
1746.0,20.98388506697453,21.046279636980863,6.99777974992394,21.0,1,-0.046279636980862904,21.046279636980863,20.5,21.5
1747.0,20.98608784591112,21.06459910655817,6.997861205481794,21.0,1,-0.0645991065581697,21.06459910655817,20.5,21.5
1748.0,20.988290200583034,21.085040192888894,6.997941139581429,21.0,1,-0.08504019288889353,21.085040192888894,20.5,21.5
1749.0,20.990492130770832,21.234234331141543,6.998019552161975,21.0,1,-0.23423433114154335,21.234234331141543,20.5,21.5
1750.0,20.99269363625511,21.24092050892491,6.998096443163716,21.0,1,-0.24092050892490846,21.24092050892491,20.5,21.5
1751.0,20.994894716816493,21.15569235153594,6.998171812528096,21.0,1,-0.15569235153594008,21.15569235153594,20.5,21.5
1752.0,20.997095372235634,21.106431684207866,6.998245660197717,21.0,1,-0.10643168420786608,21.106431684207866,20.5,21.5
1753.0,20.999295602293227,21.09359027587152,6.9983179861163425,21.0,1,-0.09359027587152013,21.09359027587152,20.5,21.5
1754.0,21.00149540676999,21.09199564134156,6.998388790228892,21.0,1,-0.09199564134155835,21.09199564134156,20.5,21.5
1755.0,21.003694785446683,21.127495089611937,6.998458072481446,21.0,1,-0.12749508961193712,21.127495089611937,20.5,21.5
1756.0,21.00589373810409,21.175702737129882,6.998525832821242,21.0,1,-0.17570273712988183,21.175702737129882,20.5,21.5
1757.0,21.008092264523032,21.256516629778965,6.998592071196679,21.0,1,-0.2565166297789645,21.256516629778965,20.5,21.5
1758.0,21.010290364484366,21.335215585505672,6.998656787557312,21.0,1,-0.3352155855056722,21.335215585505672,20.5,21.5
1759.0,21.012488037768982,21.214579021114858,6.998719981853858,21.0,1,-0.21457902111485794,21.214579021114858,20.5,21.5
1760.0,21.0146852841578,21.19030091450162,6.998781654038192,21.0,1,-0.1903009145016199,21.19030091450162,20.5,21.5
1761.0,21.016882103431776,21.22853248563833,6.998841804063346,21.0,1,-0.22853248563832906,21.22853248563833,20.5,21.5
1762.0,21.019078495371904,21.194716657756704,6.998900431883515,21.0,1,-0.19471665775670388,21.194716657756704,20.5,21.5
1763.0,21.021274459759205,21.17580621020398,6.99895753745405,21.0,1,-0.17580621020398013,21.17580621020398,20.5,21.5
1764.0,21.023469996374743,21.31000191231569,6.999013120731464,21.0,1,-0.3100019123156912,21.31000191231569,20.5,21.5
1765.0,21.025665104999614,21.34498861756213,6.999067181673426,21.0,1,-0.3449886175621302,21.34498861756213,20.5,21.5
1766.0,21.02785978541495,21.357733474724437,6.9991197202387685,21.0,1,-0.3577334747244372,21.357733474724437,20.5,21.5
1767.0,21.030054037401914,21.40340531678882,6.999170736387479,21.0,1,-0.4034053167888203,21.40340531678882,20.5,21.5
1768.0,21.032247860741712,21.402826198881616,6.9992202300807085,21.0,1,-0.4028261988816162,21.402826198881616,20.5,21.5
1769.0,21.03444125521558,21.44043092225075,6.999268201280764,21.0,1,-0.4404309222507514,21.44043092225075,20.5,21.5
1770.0,21.036634220604792,21.426611769493775,6.999314649951114,21.0,1,-0.4266117694937748,21.426611769493775,20.5,21.5
1771.0,21.03882675669066,21.366601161657634,6.999359576056387,21.0,1,-0.3666011616576341,21.366601161657634,20.5,21.5
1772.0,21.041018863254532,21.307647458364524,6.999402979562366,21.0,1,-0.30764745836452434,21.307647458364524,20.5,21.5
1773.0,21.043210540077794,21.274110456971176,6.999444860436001,21.0,1,-0.27411045697117586,21.274110456971176,20.5,21.5
1774.0,21.045401786941866,21.17463503732282,6.999485218645397,21.0,1,-0.17463503732281893,21.17463503732282,20.5,21.5
1775.0,21.047592603628207,21.15438464588797,6.999524054159818,21.0,1,-0.15438464588796919,21.15438464588797,20.5,21.5
1776.0,21.049782989918313,21.088782946358403,6.999561366949691,21.0,1,-0.08878294635840334,21.088782946358403,20.5,21.5
1777.0,21.051972945593718,21.22902261483015,6.999597156986599,21.0,1,-0.22902261483014996,21.22902261483015,20.5,21.5
1778.0,21.054162470435998,21.2931366733775,6.999631424243288,21.0,1,-0.29313667337750005,21.2931366733775,20.5,21.5
1779.0,21.05635156422676,21.432986395762732,6.999664168693662,21.0,1,-0.43298639576273246,21.432986395762732,20.5,21.5
1780.0,21.058540226747652,21.361128804551292,6.999695390312782,21.0,1,-0.36112880455129215,21.361128804551292,20.5,21.5
1781.0,21.060728457780364,21.427759043814493,6.9997250890768745,21.0,1,-0.42775904381449337,21.427759043814493,20.5,21.5
1782.0,21.06291625710662,21.346859702641005,6.999753264963321,21.0,1,-0.3468597026410052,21.346859702641005,20.5,21.5
1783.0,21.065103624508193,21.30486178810556,6.999779917950665,21.0,1,-0.3048617881055584,21.30486178810556,20.5,21.5
1784.0,21.06729055976688,21.267785154443796,6.999805048018608,21.0,1,-0.26778515444379636,21.267785154443796,20.5,21.5
1785.0,21.069477062664532,21.343727230187188,6.999828655148014,21.0,1,-0.34372723018718787,21.343727230187188,20.5,21.5
1786.0,21.07166313298303,21.400986200879004,6.9998507393209035,21.0,1,-0.4009862008790037,21.400986200879004,20.5,21.5
1787.0,21.0738487705043,21.436298650586718,6.99987130052046,21.0,1,-0.4362986505867177,21.436298650586718,20.5,21.5
1788.0,21.0760339750103,21.573332017840716,6.999890338731024,21.0,0,-0.5733320178407162,21.573332017840716,20.5,21.5
1789.0,21.073218746283043,21.51214285588833,6.9999078539380974,21.0,0,-0.5121428558883316,21.51214285588833,20.5,21.5
1790.0,21.070404084104574,21.43800741794903,6.999923846128342,21.0,0,-0.43800741794903075,21.43800741794903,20.5,21.5
1791.0,21.06758998805698,21.424900629942307,6.9999383152895795,21.0,0,-0.42490062994230726,21.424900629942307,20.5,21.5
1792.0,21.064776457722427,21.458116289715214,6.999951261410789,21.0,0,-0.458116289715214,21.458116289715214,20.5,21.5
1793.0,21.061963492683166,21.38391899757991,6.999962684482114,21.0,0,-0.38391899757991155,21.38391899757991,20.5,21.5
1794.0,21.059151092521525,21.319107874193353,6.999972584494854,21.0,0,-0.31910787419335307,21.319107874193353,20.5,21.5
1795.0,21.056339256819918,21.301935830296014,6.999980961441469,21.0,0,-0.30193583029601356,21.301935830296014,20.5,21.5
1796.0,21.05352798516084,21.362231136447765,6.999987815315581,21.0,0,-0.3622311364477646,21.362231136447765,20.5,21.5
1797.0,21.05071727712687,21.23202138646419,6.9999931461119695,21.0,0,-0.23202138646419002,21.23202138646419,20.5,21.5
1798.0,21.04790713230067,21.16613563304039,6.999996953826575,21.0,0,-0.16613563304039047,21.16613563304039,20.5,21.5
1799.0,21.045097550264973,21.186056614076556,6.999999238456499,21.0,0,-0.1860566140765556,21.186056614076556,20.5,21.5
1800.0,21.04228853060261,21.233588960326852,7.0,21.0,0,-0.23358896032685195,21.233588960326852,20.5,21.5
1801.0,21.03948007289649,21.170741652606782,6.999999238456499,21.0,0,-0.17074165260678242,21.170741652606782,20.5,21.5
1802.0,21.036672176729603,21.20898504217647,6.999996953826575,21.0,0,-0.20898504217646874,21.20898504217647,20.5,21.5
1803.0,21.033864841685023,21.283260069682008,6.9999931461119695,21.0,0,-0.283260069682008,21.283260069682008,20.5,21.5
1804.0,21.03105806734591,21.35701628525235,6.999987815315581,21.0,0,-0.3570162852523495,21.35701628525235,20.5,21.5
1805.0,21.028251853295505,21.358435259071726,6.999980961441469,21.0,0,-0.3584352590717259,21.358435259071726,20.5,21.5
1806.0,21.025446199117134,21.34454603523061,6.999972584494854,21.0,0,-0.34454603523061067,21.34454603523061,20.5,21.5
1807.0,21.02264110439421,21.415068978175974,6.999962684482114,21.0,0,-0.41506897817597377,21.415068978175974,20.5,21.5
1808.0,21.01983656871023,21.371154148749774,6.999951261410789,21.0,0,-0.37115414874977404,21.371154148749774,20.5,21.5
1809.0,21.017032591648768,21.275593774122544,6.9999383152895795,21.0,0,-0.2755937741225445,21.275593774122544,20.5,21.5
1810.0,21.014229172793495,21.162636985748055,6.999923846128342,21.0,0,-0.16263698574805474,21.162636985748055,20.5,21.5
1811.0,21.01142631172816,21.14018910987847,6.9999078539380974,21.0,0,-0.14018910987847022,21.14018910987847,20.5,21.5
1812.0,21.008624008036605,21.171810995698383,6.999890338731024,21.0,0,-0.1718109956983831,21.171810995698383,20.5,21.5
1813.0,21.005822261302743,21.26233637331441,6.999871300520461,21.0,0,-0.26233637331441173,21.26233637331441,20.5,21.5
1814.0,21.003021071110588,21.312408772032246,6.9998507393209035,21.0,0,-0.3124087720322457,21.312408772032246,20.5,21.5
1815.0,21.00022043704423,21.472099031289567,6.999828655148014,21.0,0,-0.47209903128956654,21.472099031289567,20.5,21.5
1816.0,20.99742035868785,21.415955625782154,6.999805048018608,21.0,0,-0.4159556257821535,21.415955625782154,20.5,21.5
1817.0,20.994620835625717,21.27758850339656,6.999779917950665,21.0,0,-0.2775885033965615,21.27758850339656,20.5,21.5
1818.0,20.991821867442184,21.130705294943205,6.999753264963321,21.0,0,-0.13070529494320482,21.130705294943205,20.5,21.5
1819.0,20.98902345372169,21.147628019652192,6.9997250890768745,21.0,0,-0.14762801965219197,21.147628019652192,20.5,21.5
1820.0,20.98622559404876,21.03559599917415,6.999695390312782,21.0,0,-0.035595999174148574,21.03559599917415,20.5,21.5
1821.0,20.983428288008014,21.098516568877397,6.999664168693662,21.0,0,-0.09851656887739679,21.098516568877397,20.5,21.5
1822.0,20.980631535184152,21.1260437696572,6.999631424243288,21.0,0,-0.1260437696572012,21.1260437696572,20.5,21.5
1823.0,20.977835335161963,21.16994341898166,6.999597156986599,21.0,0,-0.16994341898166,21.16994341898166,20.5,21.5
1824.0,20.975039687526326,21.208190189453976,6.999561366949691,21.0,0,-0.20819018945397616,21.208190189453976,20.5,21.5
1825.0,20.97224459186221,21.197619437270344,6.999524054159818,21.0,0,-0.19761943727034392,21.197619437270344,20.5,21.5
1826.0,20.96945004775467,21.23458044853163,6.999485218645397,21.0,0,-0.23458044853163074,21.23458044853163,20.5,21.5
1827.0,20.96665605478885,21.21205237997689,6.999444860436001,21.0,0,-0.21205237997688897,21.21205237997689,20.5,21.5
1828.0,20.963862612549978,21.15923331040996,6.999402979562366,21.0,0,-0.15923331040995947,21.15923331040996,20.5,21.5
1829.0,20.96106972062338,20.997582802905516,6.999359576056387,21.0,0,0.0024171970944841803,20.997582802905516,20.5,21.5
1830.0,20.958277378594467,21.10579931803569,6.999314649951114,21.0,0,-0.10579931803568954,21.10579931803569,20.5,21.5
1831.0,20.955485586048738,21.01943919927117,6.999268201280764,21.0,0,-0.01943919927116866,21.01943919927117,20.5,21.5
1832.0,20.952694342571785,21.015542861082356,6.9992202300807085,21.0,0,-0.015542861082355586,21.015542861082356,20.5,21.5
1833.0,20.949903647749288,20.972518293079926,6.999170736387479,21.0,0,0.027481706920074345,20.972518293079926,20.5,21.5
1834.0,20.947113501167017,21.1500026539204,6.9991197202387685,21.0,0,-0.15000265392039935,21.1500026539204,20.5,21.5
1835.0,20.944323902410833,21.148187111986086,6.999067181673426,21.0,0,-0.14818711198608625,21.148187111986086,20.5,21.5
1836.0,20.941534851066685,21.281332718294117,6.999013120731464,21.0,0,-0.28133271829411655,21.281332718294117,20.5,21.5
1837.0,20.938746346720617,21.323971849617045,6.99895753745405,21.0,0,-0.3239718496170454,21.323971849617045,20.5,21.5
1838.0,20.935958388958763,21.350859557701465,6.998900431883515,21.0,0,-0.35085955770146526,21.350859557701465,20.5,21.5
1839.0,20.933170977367347,21.254074459691566,6.998841804063346,21.0,0,-0.25407445969156583,21.254074459691566,20.5,21.5
1840.0,20.930384111532685,21.22027692387023,6.998781654038192,21.0,0,-0.22027692387023023,21.22027692387023,20.5,21.5
1841.0,20.927597791041187,21.066154898863537,6.998719981853858,21.0,0,-0.06615489886353743,21.066154898863537,20.5,21.5
1842.0,20.92481201547935,20.974632026470072,6.998656787557312,21.0,0,0.025367973529927923,20.974632026470072,20.5,21.5
1843.0,20.922026784433765,21.03841077727916,6.998592071196679,21.0,0,-0.03841077727916087,21.03841077727916,20.5,21.5
1844.0,20.919242097491118,21.037036551359165,6.998525832821242,21.0,0,-0.03703655135916506,21.037036551359165,20.5,21.5
1845.0,20.916457954238183,21.05814050040665,6.998458072481446,21.0,0,-0.058140500406651086,21.05814050040665,20.5,21.5
1846.0,20.913674354261833,21.140931560262317,6.998388790228892,21.0,0,-0.14093156026231668,21.140931560262317,20.5,21.5
1847.0,20.910891297149025,21.19560655409535,6.9983179861163425,21.0,0,-0.19560655409534888,21.19560655409535,20.5,21.5
1848.0,20.908108782486817,21.024913828023823,6.998245660197717,21.0,0,-0.02491382802382347,21.024913828023823,20.5,21.5
1849.0,20.90532680986236,21.025589043851962,6.998171812528096,21.0,0,-0.025589043851962145,21.025589043851962,20.5,21.5
1850.0,20.902545378862893,20.933429994675116,6.998096443163716,21.0,0,0.06657000532488411,20.933429994675116,20.5,21.5
1851.0,20.899764489075753,20.90752182823029,6.998019552161975,21.0,0,0.0924781717697094,20.90752182823029,20.5,21.5
1852.0,20.89698414008837,20.853968387720005,6.99794113958143,21.0,0,0.1460316122799945,20.853968387720005,20.5,21.5
1853.0,20.894204331488268,20.967480888809725,6.997861205481794,21.0,0,0.032519111190275396,20.967480888809725,20.5,21.5
1854.0,20.891425062863068,20.89448979139401,6.99777974992394,21.0,0,0.10551020860598825,20.89448979139401,20.5,21.5
1855.0,20.88864633380048,20.926762449998094,6.997696772969901,21.0,0,0.07323755000190602,20.926762449998094,20.5,21.5
1856.0,20.885868143888313,21.004476129077908,6.997612274682869,21.0,0,-0.004476129077907842,21.004476129077908,20.5,21.5
1857.0,20.883090492714473,20.989712984664628,6.997526255127189,21.0,0,0.010287015335372018,20.989712984664628,20.5,21.5
1858.0,20.880313379866955,21.00928421478813,6.997438714368372,21.0,0,-0.00928421478813135,21.00928421478813,20.5,21.5
1859.0,20.877536804933854,21.087122600649955,6.997349652473083,21.0,0,-0.08712260064995547,21.087122600649955,20.5,21.5
1860.0,20.87476076750336,21.14828116050448,6.9972590695091474,21.0,0,-0.1482811605044816,21.14828116050448,20.5,21.5
1861.0,20.871985267163762,21.069415178570946,6.9971669655455475,21.0,0,-0.06941517857094581,21.069415178570946,20.5,21.5
1862.0,20.869210303503436,21.19332855386199,6.997073340652424,21.0,0,-0.19332855386198844,21.19332855386199,20.5,21.5
1863.0,20.866435876110867,21.187768647590506,6.996978194901076,21.0,0,-0.18776864759050582,21.187768647590506,20.5,21.5
1864.0,20.863661984574623,21.115573301766652,6.9968815283639625,21.0,0,-0.11557330176665204,21.115573301766652,20.5,21.5
1865.0,20.86088862848338,21.036223091406256,6.996783341114698,21.0,0,-0.03622309140625646,21.036223091406256,20.5,21.5
1866.0,20.858115807425907,20.950125167819092,6.996683633228057,21.0,0,0.04987483218090816,20.950125167819092,20.5,21.5
1867.0,20.855343520991067,20.908715927191558,6.996582404779971,21.0,0,0.09128407280844186,20.908715927191558,20.5,21.5
1868.0,20.852571768767824,20.901349658286385,6.996479655847531,21.0,0,0.09865034171361486,20.901349658286385,20.5,21.5
1869.0,20.84980055034524,20.98053357061252,6.9963753865089835,21.0,0,0.019466429387481554,20.98053357061252,20.5,21.5
1870.0,20.84702986531247,20.994287211689528,6.996269596843734,21.0,0,0.00571278831047195,20.994287211689528,20.5,21.5
1871.0,20.84425971325878,21.135397308977005,6.996162286932347,21.0,0,-0.13539730897700508,21.135397308977005,20.5,21.5
1872.0,20.841490093773515,21.158709646858874,6.996053456856544,21.0,0,-0.158709646858874,21.158709646858874,20.5,21.5
1873.0,20.838721006446132,21.19528120186778,6.995943106699201,21.0,0,-0.19528120186777898,21.19528120186778,20.5,21.5
1874.0,20.835952450866184,21.209570537220237,6.995831236544358,21.0,0,-0.20957053722023744,21.209570537220237,20.5,21.5
1875.0,20.83318442662332,21.216230702767582,6.995717846477207,21.0,0,-0.21623070276758227,21.216230702767582,20.5,21.5
1876.0,20.83041693330729,21.133593694842386,6.9956029365841,21.0,0,-0.1335936948423857,21.133593694842386,20.5,21.5
1877.0,20.827649970507945,21.057909919557005,6.995486506952545,21.0,0,-0.057909919557005196,21.057909919557005,20.5,21.5
1878.0,20.824883537815236,20.960842664723565,6.995368557671211,21.0,0,0.03915733527643539,20.960842664723565,20.5,21.5
1879.0,20.822117634819207,20.93206397365621,6.995249088829918,21.0,0,0.0679360263437907,20.93206397365621,20.5,21.5
1880.0,20.81935226111001,20.93975285604521,6.995128100519649,21.0,0,0.060247143954789806,20.93975285604521,20.5,21.5
1881.0,20.81658741627789,21.01842754651937,6.99500559283254,21.0,0,-0.018427546519369287,21.01842754651937,20.5,21.5
1882.0,20.8138230999132,21.050777826622145,6.994881565861888,21.0,0,-0.05077782662214503,21.050777826622145,20.5,21.5
1883.0,20.81105931160639,21.123015731696135,6.994756019702144,21.0,0,-0.12301573169613533,21.123015731696135,20.5,21.5
1884.0,20.80829605094801,21.14738066836518,6.994628954448916,21.0,0,-0.14738066836518016,21.14738066836518,20.5,21.5
1885.0,20.80553331752871,21.175344723172948,6.994500370198971,21.0,0,-0.17534472317294814,21.175344723172948,20.5,21.5
1886.0,20.802771110939243,21.093455772425962,6.994370267050232,21.0,0,-0.09345577242596192,21.093455772425962,20.5,21.5
1887.0,20.800009430770466,20.9641576530501,6.994238645101776,21.0,0,0.03584234694989874,20.9641576530501,20.5,21.5
1888.0,20.79724827661333,20.98928737031643,6.994105504453841,21.0,0,0.010712629683570896,20.98928737031643,20.5,21.5
1889.0,20.7944876480589,20.826050211761213,6.9939708452078175,21.0,0,0.1739497882387866,20.826050211761213,20.5,21.5
1890.0,20.79172754469833,20.77636954826584,6.993834667466256,21.0,0,0.2236304517341594,20.77636954826584,20.5,21.5
1891.0,20.788967966122883,20.718645823257653,6.993696971332861,21.0,0,0.2813541767423473,20.718645823257653,20.5,21.5
1892.0,20.786208911923925,20.84489871671667,6.9935577569124945,21.0,0,0.1551012832833294,20.84489871671667,20.5,21.5
1893.0,20.783450381692923,20.732359420510647,6.9934170243111735,21.0,0,0.2676405794893526,20.732359420510647,20.5,21.5
1894.0,20.780692375021445,20.843462632203934,6.993274773636073,21.0,0,0.15653736779606575,20.843462632203934,20.5,21.5
1895.0,20.777934891501168,20.93178737963595,6.993131004995523,21.0,0,0.06821262036405074,20.93178737963595,20.5,21.5
1896.0,20.775177930723867,20.946853275180764,6.992985718499009,21.0,0,0.05314672481923566,20.946853275180764,20.5,21.5
1897.0,20.77242149228142,21.05353872016274,6.992838914257173,21.0,0,-0.05353872016274153,21.05353872016274,20.5,21.5
1898.0,20.769665575765817,21.254235537610178,6.992690592381813,21.0,0,-0.25423553761017814,21.254235537610178,20.5,21.5
1899.0,20.76691018076914,21.337439101281312,6.9925407529858825,21.0,0,-0.33743910128131205,21.337439101281312,20.5,21.5
1900.0,20.764155306883584,21.28136680299516,6.992389396183491,21.0,0,-0.2813668029951586,21.28136680299516,20.5,21.5
1901.0,20.761400953701443,21.272658985183675,6.992236522089903,21.0,0,-0.27265898518367493,21.272658985183675,20.5,21.5
1902.0,20.75864712081512,21.085890450910757,6.992082130821539,21.0,0,-0.08589045091075675,21.085890450910757,20.5,21.5
1903.0,20.75589380781712,21.078814237341923,6.991926222495975,21.0,0,-0.07881423734192339,21.078814237341923,20.5,21.5
1904.0,20.753141014300056,20.99795105060805,6.9917687972319404,21.0,0,0.0020489493919484403,20.99795105060805,20.5,21.5
1905.0,20.750388739856643,21.015224902993868,6.991609855149323,21.0,0,-0.015224902993868028,21.015224902993868,20.5,21.5
1906.0,20.7476369840797,21.04219436657901,6.991449396369164,21.0,0,-0.04219436657901099,21.04219436657901,20.5,21.5
1907.0,20.744885746562158,21.06961541266284,6.991287421013659,21.0,0,-0.06961541266284144,21.06961541266284,20.5,21.5
1908.0,20.74213502689705,21.055382216800258,6.99112392920616,21.0,0,-0.05538221680025757,21.055382216800258,20.5,21.5
1909.0,20.73938482467751,21.08278005688286,6.990958921071172,21.0,0,-0.08278005688286072,21.08278005688286,20.5,21.5
1910.0,20.73663513949679,21.007606799851203,6.990792396734358,21.0,0,-0.00760679985120305,21.007606799851203,20.5,21.5
1911.0,20.73388597094824,21.085268231519954,6.990624356322531,21.0,0,-0.08526823151995444,21.085268231519954,20.5,21.5
1912.0,20.731137318625315,21.07855925466398,6.990454799963662,21.0,0,-0.07855925466397906,21.07855925466398,20.5,21.5
1913.0,20.72838918212158,20.967833185779007,6.990283727786877,21.0,0,0.03216681422099299,20.967833185779007,20.5,21.5
1914.0,20.725641561030717,20.93366652586721,6.990111139922453,21.0,0,0.06633347413279012,20.93366652586721,20.5,21.5
1915.0,20.722894454946495,21.030312025206904,6.989937036501823,21.0,0,-0.03031202520690357,21.030312025206904,20.5,21.5
1916.0,20.720147863462806,20.944996994366548,6.989761417657577,21.0,0,0.05500300563345206,20.944996994366548,20.5,21.5
1917.0,20.717401786173646,20.98696749986864,6.9895842835234525,21.0,0,0.01303250013135937,20.98696749986864,20.5,21.5
1918.0,20.714656222673117,21.017244163290997,6.989405634234348,21.0,0,-0.01724416329099654,21.017244163290997,20.5,21.5
1919.0,20.71191117255543,20.989323125501233,6.989225469926312,21.0,0,0.010676874498766864,20.989323125501233,20.5,21.5
1920.0,20.709166635414903,20.957472014405248,6.989043790736547,21.0,0,0.04252798559475224,20.957472014405248,20.5,21.5
1921.0,20.706422610845966,21.01487683305367,6.988860596803409,21.0,0,-0.014876833053669714,21.01487683305367,20.5,21.5
1922.0,20.703679098443157,20.938323485458408,6.9886758882664095,21.0,0,0.06167651454159184,20.938323485458408,20.5,21.5
1923.0,20.700936097801122,20.927589207590255,6.988489665266211,21.0,0,0.07241079240974457,20.927589207590255,20.5,21.5
1924.0,20.698193608514615,20.883685031491588,6.988301927944631,21.0,0,0.11631496850841216,20.883685031491588,20.5,21.5
1925.0,20.6954516301785,20.828113506465233,6.988112676444639,21.0,0,0.17188649353476748,20.828113506465233,20.5,21.5
1926.0,20.692710162387755,20.783534048533838,6.98792191091036,21.0,0,0.2164659514661622,20.783534048533838,20.5,21.5
1927.0,20.68996920473746,20.8088344944022,6.987729631487068,21.0,0,0.19116550559780165,20.8088344944022,20.5,21.5
1928.0,20.687228756822808,20.731046013057995,6.987535838321193,21.0,0,0.26895398694200523,20.731046013057995,20.5,21.5
1929.0,20.684488818239107,20.7804839335795,6.987340531560317,21.0,0,0.2195160664204998,20.7804839335795,20.5,21.5
1930.0,20.68174938858177,20.83883329484438,6.987143711353175,21.0,0,0.16116670515561893,20.83883329484438,20.5,21.5
1931.0,20.679010467446325,20.888984615613712,6.986945377849654,21.0,0,0.11101538438628822,20.888984615613712,20.5,21.5
1932.0,20.676272054428406,20.945310069373797,6.986745531200793,21.0,0,0.05468993062620342,20.945310069373797,20.5,21.5
1933.0,20.67353414912376,20.96400897503342,6.986544171558784,21.0,0,0.03599102496658091,20.96400897503342,20.5,21.5
1934.0,20.670796751128247,20.985745545919016,6.986341299076972,21.0,0,0.014254454080983692,20.985745545919016,20.5,21.5
1935.0,20.668059860037836,20.929405709228416,6.986136913909853,21.0,0,0.07059429077158441,20.929405709228416,20.5,21.5
1936.0,20.66532347544861,20.837089450698272,6.985931016213074,21.0,0,0.16291054930172777,20.837089450698272,20.5,21.5
1937.0,20.66258759695676,20.82144034577926,6.985723606143436,21.0,0,0.1785596542207415,20.82144034577926,20.5,21.5
1938.0,20.6598522241586,20.919446182017406,6.9855146838588915,21.0,0,0.08055381798259376,20.919446182017406,20.5,21.5
1939.0,20.657117356650538,20.871176268685986,6.985304249518542,21.0,0,0.12882373131401437,20.871176268685986,20.5,21.5
1940.0,20.654382994029113,20.941531227877647,6.985092303282644,21.0,0,0.05846877212235313,20.941531227877647,20.5,21.5
1941.0,20.651649135890963,21.024168655249337,6.984878845312603,21.0,0,-0.02416865524933698,21.024168655249337,20.5,21.5
1942.0,20.648915781832848,21.14694492839419,6.984663875770977,21.0,0,-0.14694492839419127,21.14694492839419,20.5,21.5
1943.0,20.646182931451637,21.144223192206614,6.9844473948214745,21.0,0,-0.1442231922066135,21.144223192206614,20.5,21.5
1944.0,20.64345058434431,21.241962617655794,6.984229402628956,21.0,0,-0.24196261765579408,21.241962617655794,20.5,21.5
1945.0,20.640718740107967,21.161471964395737,6.98400989935943,21.0,0,-0.1614719643957372,21.161471964395737,20.5,21.5
1946.0,20.637987398339817,21.188379689782742,6.98378888518006,21.0,0,-0.18837968978274233,21.188379689782742,20.5,21.5
1947.0,20.635256558637185,21.056935761937208,6.983566360259156,21.0,0,-0.05693576193720773,21.056935761937208,20.5,21.5
1948.0,20.63252622059751,21.056067973985673,6.9833423247661806,21.0,0,-0.05606797398567309,21.056067973985673,20.5,21.5
1949.0,20.62979638381834,21.014195655137964,6.983116778871748,21.0,0,-0.01419565513796428,21.014195655137964,20.5,21.5
1950.0,20.627067047897352,20.97898958734849,6.982889722747621,21.0,0,0.021010412651509824,20.97898958734849,20.5,21.5
1951.0,20.62433821243232,20.870918963793542,6.982661156566712,21.0,0,0.1290810362064576,20.870918963793542,20.5,21.5
1952.0,20.621609877021147,20.887634932217725,6.982431080503083,21.0,0,0.11236506778227451,20.887634932217725,20.5,21.5
1953.0,20.618882041261845,20.838187089860153,6.982199494731949,21.0,0,0.16181291013984733,20.838187089860153,20.5,21.5
1954.0,20.61615470475254,20.81837465432832,6.981966399429672,21.0,0,0.1816253456716801,20.81837465432832,20.5,21.5
1955.0,20.613427867091474,20.908558354984365,6.981731794773765,21.0,0,0.09144164501563523,20.908558354984365,20.5,21.5
1956.0,20.610701527877012,20.9430630148996,6.981495680942887,21.0,0,0.056936985100399795,20.9430630148996,20.5,21.5
1957.0,20.607975686707626,20.96562612978704,6.981258058116851,21.0,0,0.0343738702129599,20.96562612978704,20.5,21.5
1958.0,20.605250343181908,20.865802345585696,6.981018926476618,21.0,0,0.13419765441430442,20.865802345585696,20.5,21.5
1959.0,20.602525496898565,20.817892439742238,6.980778286204295,21.0,0,0.1821075602577622,20.817892439742238,20.5,21.5
1960.0,20.599801147456425,20.721873360018606,6.98053613748314,21.0,0,0.2781266399813944,20.721873360018606,20.5,21.5
1961.0,20.59707729445443,20.687870673213986,6.980292480497562,21.0,0,0.3121293267860139,20.687870673213986,20.5,21.5
1962.0,20.594353937491636,20.618107848804947,6.980047315433115,21.0,0,0.3818921511950535,20.618107848804947,20.5,21.5
1963.0,20.591631076167225,20.671520282338435,6.979800642476503,21.0,0,0.3284797176615655,20.671520282338435,20.5,21.5
1964.0,20.58890871008049,20.685087600832553,6.979552461815578,21.0,0,0.3149123991674472,20.685087600832553,20.5,21.5
1965.0,20.586186838830837,20.662849083647576,6.979302773639341,21.0,0,0.33715091635242445,20.662849083647576,20.5,21.5
1966.0,20.5834654620178,20.68392598499457,6.979051578137939,21.0,0,0.3160740150054302,20.68392598499457,20.5,21.5
1967.0,20.580744579241024,20.74072189523768,6.97879887550267,21.0,0,0.2592781047623198,20.74072189523768,20.5,21.5
1968.0,20.578024190100276,20.787687403841318,6.978544665925977,21.0,0,0.21231259615868225,20.787687403841318,20.5,21.5
1969.0,20.57530429419544,20.87532307410371,6.978288949601452,21.0,0,0.12467692589628854,20.87532307410371,20.5,21.5
1970.0,20.57258489112652,20.957879839255508,6.978031726723834,21.0,0,0.0421201607444921,20.957879839255508,20.5,21.5
1971.0,20.569865980493642,20.963390066476617,6.9777729974890095,21.0,0,0.036609933523383376,20.963390066476617,20.5,21.5
1972.0,20.56714756189704,20.918634428260383,6.977512762094012,21.0,0,0.08136557173961734,20.918634428260383,20.5,21.5
1973.0,20.56442963493708,21.03093897966941,6.977251020737022,21.0,0,-0.030938979669411282,21.03093897966941,20.5,21.5
1974.0,20.56171219921424,20.918790028524633,6.976987773617367,21.0,0,0.08120997147536713,20.918790028524633,20.5,21.5
1975.0,20.558995254329123,20.90602958133811,6.9767230209355215,21.0,0,0.09397041866188971,20.90602958133811,20.5,21.5
1976.0,20.556278799882445,20.88222693917215,6.976456762893106,21.0,0,0.11777306082785088,20.88222693917215,20.5,21.5
1977.0,20.55356283547505,20.832525133892293,6.976188999692887,21.0,0,0.1674748661077068,20.832525133892293,20.5,21.5
1978.0,20.55084736070789,20.68425491303996,6.975919731538778,21.0,0,0.3157450869600389,20.68425491303996,20.5,21.5
1979.0,20.548132375182057,20.586327545303284,6.975648958635839,21.0,0,0.4136724546967159,20.586327545303284,20.5,21.5
1980.0,20.545417878498746,20.65254397912751,6.9753766811902755,21.0,0,0.34745602087248884,20.65254397912751,20.5,21.5
1981.0,20.542703870259285,20.67451763479191,6.975102899409437,21.0,0,0.3254823652080887,20.67451763479191,20.5,21.5
1982.0,20.539990350065114,20.658558997280625,6.974827613501823,21.0,0,0.3414410027193746,20.658558997280625,20.5,21.5
1983.0,20.537277317517802,20.754362848748038,6.974550823677073,21.0,0,0.2456371512519624,20.754362848748038,20.5,21.5
1984.0,20.534564772219035,20.8556784271228,6.974272530145976,21.0,0,0.1443215728771996,20.8556784271228,20.5,21.5
1985.0,20.531852713770622,20.761021885613378,6.973992733120464,21.0,0,0.2389781143866223,20.761021885613378,20.5,21.5
1986.0,20.529141141774492,20.733352585679008,6.973711432813614,21.0,0,0.2666474143209925,20.733352585679008,20.5,21.5
1987.0,20.526430055832698,20.720143189712342,6.973428629439651,21.0,0,0.27985681028765796,20.720143189712342,20.5,21.5
1988.0,20.52371945554742,20.547398025421664,6.973144323213939,21.0,0,0.45260197457833584,20.547398025421664,20.5,21.5
1989.0,20.52100934052095,20.576210688929766,6.972858514352991,21.0,0,0.42378931107023377,20.576210688929766,20.5,21.5
1990.0,20.518299710355716,20.635431796009087,6.972571203074462,21.0,0,0.3645682039909133,20.635431796009087,20.5,21.5
1991.0,20.51559056465426,20.71034467694543,6.972282389597154,21.0,0,0.2896553230545713,20.71034467694543,20.5,21.5
1992.0,20.51288190301925,20.78023358336265,6.97199207414101,21.0,0,0.21976641663734853,20.78023358336265,20.5,21.5
1993.0,20.510173725053473,20.81470479647737,6.971700256927117,21.0,0,0.18529520352263162,20.81470479647737,20.5,21.5
1994.0,20.507466030359847,20.770387522774065,6.971406938177707,21.0,0,0.2296124772259347,20.770387522774065,20.5,21.5
1995.0,20.50475881854141,20.676793560762313,6.971112118116156,21.0,0,0.323206439237687,20.676793560762313,20.5,21.5
1996.0,20.502052089201328,20.618624976992,6.97081579696698,21.0,0,0.3813750230080011,20.618624976992,20.5,21.5
1997.0,20.49934584194288,20.61998270209031,6.970517974955843,21.0,0,0.3800172979096885,20.61998270209031,20.5,21.5
1998.0,20.49664007636948,20.67785116030625,6.970218652309548,21.0,0,0.3221488396937495,20.67785116030625,20.5,21.5
1999.0,20.49393479208467,20.681550465977814,6.969917829256042,21.0,0,0.3184495340221858,20.681550465977814,20.5,21.5
2000.0,20.491229988692105,20.713511008308245,6.969615506024416,21.0,0,0.2864889916917548,20.713511008308245,20.5,21.5
2001.0,20.48852566579557,20.716904039706062,6.969311682844902,21.0,0,0.283095960293938,20.716904039706062,20.5,21.5
2002.0,20.485821822998982,20.76250888532836,6.969006359948873,21.0,0,0.2374911146716414,20.76250888532836,20.5,21.5
2003.0,20.483118459906372,20.66148355755253,6.968699537568848,21.0,0,0.3385164424474709,20.66148355755253,20.5,21.5
2004.0,20.480415576121903,20.652788346033695,6.9683912159384835,21.0,0,0.3472116539663048,20.652788346033695,20.5,21.5
2005.0,20.477713171249867,20.594570104674418,6.9680813952925815,21.0,0,0.4054298953255824,20.594570104674418,20.5,21.5
2006.0,20.475011244894677,20.618239285897964,6.967770075867083,21.0,0,0.38176071410203605,20.618239285897964,20.5,21.5
2007.0,20.472309796660873,20.601882865394867,6.967457257899071,21.0,0,0.3981171346051333,20.601882865394867,20.5,21.5
2008.0,20.46960882615312,20.684219966472984,6.967142941626772,21.0,0,0.315780033527016,20.684219966472984,20.5,21.5
2009.0,20.466908332976214,20.773817083262518,6.966827127289549,21.0,0,0.22618291673748203,20.773817083262518,20.5,21.5
2010.0,20.464208316735075,20.780302508500466,6.9665098151279095,21.0,0,0.21969749149953444,20.780302508500466,20.5,21.5
2011.0,20.461508777034755,20.701277362868698,6.9661910053835,21.0,0,0.2987226371313021,20.701277362868698,20.5,21.5
2012.0,20.458809713480424,20.60940270849256,6.965870698299108,21.0,0,0.39059729150744005,20.60940270849256,20.5,21.5
2013.0,20.45611112567739,20.573391641352657,6.965548894118663,21.0,0,0.4266083586473428,20.573391641352657,20.5,21.5
2014.0,20.453413013231078,20.45655985122296,6.96522559308723,21.0,1,0.5434401487770408,20.45655985122296,20.5,21.5
2015.0,20.455715375747047,20.529438186607525,6.964900795451019,21.0,1,0.47056181339247516,20.529438186607525,20.5,21.5
2016.0,20.45801721283099,20.545417359429674,6.964574501457378,21.0,1,0.45458264057032594,20.545417359429674,20.5,21.5
2017.0,20.460318524288713,20.582019776800887,6.964246711354791,21.0,1,0.41798022319911254,20.582019776800887,20.5,21.5
2018.0,20.462619309926126,20.636236861754362,6.9639174253928875,21.0,1,0.36376313824563766,20.636236861754362,20.5,21.5
2019.0,20.46491956954922,20.69806263462721,6.963586643822431,21.0,1,0.30193736537279037,20.69806263462721,20.5,21.5
2020.0,20.467219302964075,20.72419824349946,6.9632543668953275,21.0,1,0.27580175650054173,20.72419824349946,20.5,21.5
2021.0,20.46951850997686,20.775741465818534,6.96292059486462,21.0,1,0.22425853418146602,20.775741465818534,20.5,21.5
2022.0,20.47181719039384,20.753452929962627,6.96258532798449,21.0,1,0.24654707003737286,20.753452929962627,20.5,21.5
2023.0,20.474115344021357,20.674851971422317,6.962248566510258,21.0,1,0.3251480285776829,20.674851971422317,20.5,21.5
2024.0,20.476412970665855,20.660550343808474,6.961910310698383,21.0,1,0.3394496561915261,20.660550343808474,20.5,21.5
2025.0,20.47871007013386,20.603029265181373,6.961570560806461,21.0,1,0.3969707348186269,20.603029265181373,20.5,21.5
2026.0,20.481006642231996,20.551805896096234,6.961229317093226,21.0,1,0.44819410390376646,20.551805896096234,20.5,21.5
2027.0,20.48330268676697,20.654673450458233,6.960886579818551,21.0,1,0.3453265495417668,20.654673450458233,20.5,21.5
2028.0,20.485598203545578,20.679783027867547,6.960542349243443,21.0,1,0.32021697213245304,20.679783027867547,20.5,21.5
2029.0,20.487893192374717,20.69978266939135,6.9601966256300525,21.0,1,0.30021733060864975,20.69978266939135,20.5,21.5
2030.0,20.49018765306137,20.615601829160813,6.959849409241659,21.0,1,0.38439817083918726,20.615601829160813,20.5,21.5
2031.0,20.492481585412605,20.667480061117793,6.959500700342685,21.0,1,0.3325199388822071,20.667480061117793,20.5,21.5
2032.0,20.49477498923559,20.609561544230395,6.959150499198688,21.0,1,0.3904384557696048,20.609561544230395,20.5,21.5
2033.0,20.497067864337584,20.647750088459564,6.95879880607636,21.0,1,0.3522499115404365,20.647750088459564,20.5,21.5
2034.0,20.499360210525932,20.637238315306696,6.9584456212435315,21.0,1,0.3627616846933037,20.637238315306696,20.5,21.5
2035.0,20.501652027608074,20.70018322130171,6.958090944969168,21.0,1,0.2998167786982897,20.70018322130171,20.5,21.5
2036.0,20.503943315391545,20.746846923724974,6.95773477752337,21.0,1,0.2531530762750265,20.746846923724974,20.5,21.5
2037.0,20.50623407368397,20.81813858483589,6.957377119177376,21.0,1,0.1818614151641107,20.81813858483589,20.5,21.5
2038.0,20.50852430229307,20.81429746764056,6.957017970203557,21.0,1,0.18570253235943923,20.81429746764056,20.5,21.5
2039.0,20.51081400102665,20.844857568836385,6.956657330875421,21.0,1,0.1551424311636147,20.844857568836385,20.5,21.5
2040.0,20.51310316969262,20.837423465676366,6.956295201467611,21.0,1,0.16257653432363384,20.837423465676366,20.5,21.5
2041.0,20.515391808098975,20.785780847867706,6.9559315822559045,21.0,1,0.21421915213229425,20.785780847867706,20.5,21.5
2042.0,20.517679916053808,20.805366432616843,6.955566473517212,21.0,1,0.19463356738315696,20.805366432616843,20.5,21.5
2043.0,20.5199674933653,20.80756709863034,6.955199875529582,21.0,1,0.19243290136965996,20.80756709863034,20.5,21.5
2044.0,20.522254539841732,20.752241430764776,6.954831788572192,21.0,1,0.24775856923522355,20.752241430764776,20.5,21.5
2045.0,20.52454105529148,20.809057310043414,6.954462212925358,21.0,1,0.1909426899565858,20.809057310043414,20.5,21.5
2046.0,20.526827039523006,20.783747388210834,6.9540911488705275,21.0,1,0.21625261178916588,20.783747388210834,20.5,21.5
2047.0,20.529112492344876,20.65292317207964,6.9537185966902815,21.0,1,0.3470768279203611,20.65292317207964,20.5,21.5
2048.0,20.531397413565745,20.64501889511219,6.953344556668336,21.0,1,0.3549811048878091,20.64501889511219,20.5,21.5
2049.0,20.533681802994366,20.83518422586444,6.952969029089537,21.0,1,0.16481577413555826,20.83518422586444,20.5,21.5
2050.0,20.535965660439583,20.821726163015004,6.952592014239867,21.0,1,0.17827383698499588,20.821726163015004,20.5,21.5
2051.0,20.538248985710343,20.80630100912908,6.952213512406438,21.0,1,0.1936989908709208,20.80630100912908,20.5,21.5
2052.0,20.540531778615684,20.88717268255848,6.951833523877495,21.0,1,0.1128273174415213,20.88717268255848,20.5,21.5
2053.0,20.542814038964735,20.87789960939916,6.951452048942417,21.0,1,0.12210039060083844,20.87789960939916,20.5,21.5
2054.0,20.54509576656673,20.701863360185392,6.951069087891713,21.0,1,0.2981366398146079,20.701863360185392,20.5,21.5
2055.0,20.547376961230995,20.658943238974523,6.950684641017025,21.0,1,0.34105676102547733,20.658943238974523,20.5,21.5
2056.0,20.54965762276695,20.65139817922045,6.950298708611126,21.0,1,0.3486018207795496,20.65139817922045,20.5,21.5
2057.0,20.55193775098412,20.613752839613518,6.949911290967921,21.0,1,0.3862471603864819,20.613752839613518,20.5,21.5
2058.0,20.554217345692116,20.617641075425475,6.9495223883824435,21.0,1,0.38235892457452536,20.617641075425475,20.5,21.5
2059.0,20.556496406700653,20.66820039973686,6.949132001150861,21.0,1,0.3317996002631389,20.66820039973686,20.5,21.5
2060.0,20.558774933819542,20.68095224357987,6.948740129570471,21.0,1,0.3190477564201295,20.68095224357987,20.5,21.5
2061.0,20.561052926858693,20.57397774695057,6.948346773939699,21.0,1,0.42602225304943175,20.57397774695057,20.5,21.5
2062.0,20.56333038562811,20.60296011905675,6.947951934558104,21.0,1,0.39703988094325027,20.60296011905675,20.5,21.5
2063.0,20.565607309937896,20.60722281397125,6.947555611726371,21.0,1,0.39277718602874856,20.60722281397125,20.5,21.5
2064.0,20.567883699598255,20.651075674910036,6.94715780574632,21.0,1,0.34892432508996407,20.651075674910036,20.5,21.5
2065.0,20.570159554419483,20.660098460082573,6.946758516920897,21.0,1,0.33990153991742744,20.660098460082573,20.5,21.5
2066.0,20.572434874211982,20.799308042727525,6.9463577455541765,21.0,1,0.20069195727247546,20.799308042727525,20.5,21.5
2067.0,20.57470965878625,20.766001831092417,6.945955491951364,21.0,1,0.23399816890758274,20.766001831092417,20.5,21.5
2068.0,20.576983907952883,20.8100385936311,6.945551756418793,21.0,1,0.18996140636890146,20.8100385936311,20.5,21.5
2069.0,20.579257621522576,20.75835576183785,6.945146539263926,21.0,1,0.24164423816214864,20.75835576183785,20.5,21.5
2070.0,20.581530799306123,20.837766673384174,6.944739840795354,21.0,1,0.16223332661582646,20.837766673384174,20.5,21.5
2071.0,20.58380344111442,20.7753152223428,6.944331661322793,21.0,1,0.22468477765719896,20.7753152223428,20.5,21.5
2072.0,20.58607554675846,20.740550651620573,6.943922001157093,21.0,1,0.2594493483794267,20.740550651620573,20.5,21.5
2073.0,20.58834711604934,20.759928841499466,6.943510860610225,21.0,1,0.24007115850053395,20.759928841499466,20.5,21.5
2074.0,20.590618148798253,20.777477332284164,6.943098239995292,21.0,1,0.22252266771583606,20.777477332284164,20.5,21.5
2075.0,20.592888644816494,20.75722633561354,6.942684139626523,21.0,1,0.24277366438645842,20.75722633561354,20.5,21.5
2076.0,20.595158603915454,20.78473545806697,6.942268559819272,21.0,1,0.21526454193303124,20.78473545806697,20.5,21.5
2077.0,20.597428025906634,20.83739632085099,6.941851500890023,21.0,1,0.16260367914901153,20.83739632085099,20.5,21.5
2078.0,20.59969691060163,20.856085964991568,6.941432963156382,21.0,1,0.14391403500843225,20.856085964991568,20.5,21.5
2079.0,20.60196525781214,20.846352612312227,6.941012946937085,21.0,1,0.15364738768777286,20.846352612312227,20.5,21.5
2080.0,20.604233067349963,20.80027793976731,6.940591452551993,21.0,1,0.19972206023269123,20.80027793976731,20.5,21.5
2081.0,20.606500339027004,20.834860361371746,6.940168480322092,21.0,1,0.1651396386282542,20.834860361371746,20.5,21.5
2082.0,20.60876707265526,20.857675018068647,6.939744030569494,21.0,1,0.14232498193135257,20.857675018068647,20.5,21.5
2083.0,20.611033268046846,20.82214992811808,6.939318103617435,21.0,1,0.17785007188192026,20.82214992811808,20.5,21.5
2084.0,20.61329892501396,20.8466212897297,6.938890699790278,21.0,1,0.15337871027029948,20.8466212897297,20.5,21.5
2085.0,20.615564043368916,20.868798832465494,6.938461819413509,21.0,1,0.13120116753450617,20.868798832465494,20.5,21.5
2086.0,20.617828622924126,20.932150754412643,6.938031462813739,21.0,1,0.06784924558735739,20.932150754412643,20.5,21.5
2087.0,20.620092663492105,20.901341098200994,6.9375996303187035,21.0,1,0.0986589017990056,20.901341098200994,20.5,21.5
2088.0,20.62235616488547,20.848559927721716,6.937166322257262,21.0,1,0.15144007227828382,20.848559927721716,20.5,21.5
2089.0,20.624619126916944,20.832490932133304,6.936731538959397,21.0,1,0.16750906786669617,20.832490932133304,20.5,21.5
2090.0,20.626881549399354,20.858830295900354,6.936295280756216,21.0,1,0.1411697040996458,20.858830295900354,20.5,21.5
2091.0,20.629143432145625,20.77544149182071,6.935857547979946,21.0,1,0.2245585081792889,20.77544149182071,20.5,21.5
2092.0,20.631404774968793,20.791891888471376,6.935418340963943,21.0,1,0.20810811152862385,20.791891888471376,20.5,21.5
2093.0,20.63366557768199,20.805434288438544,6.934977660042679,21.0,1,0.19456571156145586,20.805434288438544,20.5,21.5
2094.0,20.635925840098462,20.82467525512052,6.934535505551754,21.0,1,0.1753247448794788,20.82467525512052,20.5,21.5
2095.0,20.638185562031552,20.792966905920867,6.934091877827886,21.0,1,0.20703309407913295,20.792966905920867,20.5,21.5
2096.0,20.64044474329471,20.7985606888463,6.933646777208919,21.0,1,0.20143931115369895,20.7985606888463,20.5,21.5
2097.0,20.642703383701495,20.824519964344013,6.933200204033815,21.0,1,0.1754800356559869,20.824519964344013,20.5,21.5
2098.0,20.64496148306556,20.865408246573146,6.932752158642659,21.0,1,0.1345917534268537,20.865408246573146,20.5,21.5
2099.0,20.647219041200678,20.79748806263153,6.932302641376657,21.0,1,0.20251193736847029,20.79748806263153,20.5,21.5
2100.0,20.64947605792071,20.856166091696462,6.931851652578136,21.0,1,0.14383390830353804,20.856166091696462,20.5,21.5
2101.0,20.65173253303964,20.759530366346063,6.931399192590545,21.0,1,0.24046963365393736,20.759530366346063,20.5,21.5
2102.0,20.65398846637155,20.633037250487863,6.93094526175845,21.0,1,0.3669627495121368,20.633037250487863,20.5,21.5
2103.0,20.65624385773063,20.574035983888244,6.9304898604275404,21.0,1,0.42596401611175594,20.574035983888244,20.5,21.5
2104.0,20.65849870693117,20.56611534274378,6.930032988944623,21.0,1,0.4338846572562183,20.56611534274378,20.5,21.5
2105.0,20.660753013787573,20.432716239301573,6.929574647657626,21.0,1,0.5672837606984267,20.432716239301573,20.5,21.5
2106.0,20.663006778114347,20.60762031416157,6.929114836915597,21.0,1,0.3923796858384314,20.60762031416157,20.5,21.5
2107.0,20.665259999726107,20.712231307298424,6.928653557068699,21.0,1,0.2877686927015759,20.712231307298424,20.5,21.5
2108.0,20.667512678437575,20.774186491978412,6.92819080846822,21.0,1,0.22581350802158795,20.774186491978412,20.5,21.5
2109.0,20.66976481406358,20.84092569857723,6.927726591466562,21.0,1,0.1590743014227698,20.84092569857723,20.5,21.5
2110.0,20.67201640641906,21.00568705996765,6.927260906417246,21.0,1,-0.005687059967648622,21.00568705996765,20.5,21.5
2111.0,20.67426745531906,20.904337958825106,6.926793753674912,21.0,1,0.09566204117489363,20.904337958825106,20.5,21.5
2112.0,20.67651796057873,20.94583725900433,6.926325133595316,21.0,1,0.054162740995671754,20.94583725900433,20.5,21.5
2113.0,20.678767922013336,20.881775852774208,6.925855046535334,21.0,1,0.11822414722579211,20.881775852774208,20.5,21.5
2114.0,20.68101733943824,20.82777831773894,6.925383492852958,21.0,1,0.1722216822610605,20.82777831773894,20.5,21.5
2115.0,20.683266212668926,20.725596592603388,6.924910472907294,21.0,1,0.27440340739661195,20.725596592603388,20.5,21.5
2116.0,20.685514541520973,20.76717522780298,6.924435987058571,21.0,1,0.23282477219702002,20.76717522780298,20.5,21.5
2117.0,20.68776232581008,20.822453288081448,6.923960035668127,21.0,1,0.1775467119185521,20.822453288081448,20.5,21.5
2118.0,20.690009565352053,20.856107283795133,6.923482619098422,21.0,1,0.1438927162048671,20.856107283795133,20.5,21.5
2119.0,20.692256259962804,20.891632365545767,6.92300373771303,21.0,1,0.10836763445423259,20.891632365545767,20.5,21.5
2120.0,20.694502409458355,20.916619597089827,6.922523391876638,21.0,1,0.08338040291017279,20.916619597089827,20.5,21.5
2121.0,20.69674801365484,20.945994066187332,6.922041581955051,21.0,1,0.05400593381266816,20.945994066187332,20.5,21.5
2122.0,20.698993072368502,20.909043977353754,6.921558308315188,21.0,1,0.09095602264624603,20.909043977353754,20.5,21.5
2123.0,20.70123758541569,20.903337897942414,6.921073571325084,21.0,1,0.09666210205758574,20.903337897942414,20.5,21.5
2124.0,20.70348155261287,20.919704032555615,6.920587371353886,21.0,1,0.0802959674443855,20.919704032555615,20.5,21.5
2125.0,20.70572497377662,20.93982924357931,6.920099708771858,21.0,1,0.06017075642068903,20.93982924357931,20.5,21.5
2126.0,20.707967848723616,20.938158301734013,6.919610583950374,21.0,1,0.06184169826598662,20.938158301734013,20.5,21.5
2127.0,20.71021017727066,20.949508653659922,6.919119997261925,21.0,1,0.05049134634007757,20.949508653659922,20.5,21.5
2128.0,20.71245195923466,20.965741851455498,6.918627949080115,21.0,1,0.034258148544502376,20.965741851455498,20.5,21.5
2129.0,20.714693194432627,20.89469935138875,6.918134439779659,21.0,1,0.10530064861125155,20.89469935138875,20.5,21.5
2130.0,20.716933882681698,20.914806998899017,6.917639469736386,21.0,1,0.08519300110098271,20.914806998899017,20.5,21.5
2131.0,20.71917402379911,20.849726375959186,6.917143039327238,21.0,1,0.150273624040814,20.849726375959186,20.5,21.5
2132.0,20.721413617602213,20.70671478504578,6.916645148930266,21.0,1,0.29328521495422066,20.70671478504578,20.5,21.5
2133.0,20.723652663908478,20.70511629971976,6.916145798924639,21.0,1,0.29488370028024136,20.70511629971976,20.5,21.5
2134.0,20.725891162535483,20.73124894165544,6.91564498969063,21.0,1,0.26875105834455937,20.73124894165544,20.5,21.5
2135.0,20.728129113300913,20.824806092759196,6.915142721609629,21.0,1,0.17519390724080353,20.824806092759196,20.5,21.5
2136.0,20.730366516022574,20.88887353980822,6.914638995064134,21.0,1,0.1111264601917803,20.88887353980822,20.5,21.5
2137.0,20.732603370518383,21.039207734734152,6.9141338104377565,21.0,1,-0.039207734734151956,21.039207734734152,20.5,21.5
2138.0,20.734839676606367,21.05431576466679,6.913627168115215,21.0,1,-0.054315764666789335,21.05431576466679,20.5,21.5
2139.0,20.737075434104668,21.061050368237854,6.91311906848234,21.0,1,-0.06105036823785426,21.061050368237854,20.5,21.5
2140.0,20.739310642831544,21.0043409029591,6.912609511926071,21.0,1,-0.00434090295910039,21.0043409029591,20.5,21.5
2141.0,20.741545302605363,21.065989307082255,6.9120984988344585,21.0,1,-0.06598930708225481,21.065989307082255,20.5,21.5
2142.0,20.74377941324461,20.97436614901724,6.91158602959666,21.0,1,0.02563385098276072,20.97436614901724,20.5,21.5
2143.0,20.74601297456788,20.964252728140988,6.911072104602945,21.0,1,0.035747271859012386,20.964252728140988,20.5,21.5
2144.0,20.748245986393886,21.022345738357075,6.910556724244687,21.0,1,-0.02234573835707465,21.022345738357075,20.5,21.5
2145.0,20.750478448541458,21.007324784970095,6.9100398889143735,21.0,1,-0.007324784970094811,21.007324784970095,20.5,21.5
2146.0,20.752710360829532,20.942618411259314,6.909521599005595,21.0,1,0.057381588740685885,20.942618411259314,20.5,21.5
2147.0,20.754941723077167,21.088611923015197,6.909001854913052,21.0,1,-0.08861192301519694,21.088611923015197,20.5,21.5
2148.0,20.757172535103535,21.022763117296982,6.908480657032554,21.0,1,-0.022763117296982216,21.022763117296982,20.5,21.5
2149.0,20.759402796727922,21.022830430664413,6.907958005761014,21.0,1,-0.02283043066441337,21.022830430664413,20.5,21.5
2150.0,20.76163250776973,20.95891114932845,6.907433901496454,21.0,1,0.04108885067154944,20.95891114932845,20.5,21.5
2151.0,20.763861668048474,21.021336199791257,6.906908344638002,21.0,1,-0.021336199791257116,21.021336199791257,20.5,21.5
2152.0,20.766090277383793,20.856067173019774,6.906381335585894,21.0,1,0.14393282698022603,20.856067173019774,20.5,21.5
2153.0,20.76831833559543,20.884522245577426,6.905852874741469,21.0,1,0.11547775442257446,20.884522245577426,20.5,21.5
2154.0,20.77054584250326,20.876438228020824,6.905322962507173,21.0,1,0.12356177197917617,20.876438228020824,20.5,21.5
2155.0,20.77277279792726,20.966016825834327,6.904791599286557,21.0,1,0.03398317416567309,20.966016825834327,20.5,21.5
2156.0,20.774999201687532,21.005995615964288,6.904258785484277,21.0,1,-0.0059956159642879925,21.005995615964288,20.5,21.5
2157.0,20.77722505360429,21.107603219413456,6.903724521506096,21.0,1,-0.10760321941345552,21.107603219413456,20.5,21.5
2158.0,20.77945035349787,21.20675531218444,6.903188807758877,21.0,1,-0.2067553121844412,21.20675531218444,20.5,21.5
2159.0,20.781675101188725,21.208572121448285,6.9026516446505894,21.0,1,-0.20857212144828452,21.208572121448285,20.5,21.5
2160.0,20.783899296497417,21.17687101812364,6.902113032590307,21.0,1,-0.17687101812364148,21.17687101812364,20.5,21.5
2161.0,20.786122939244635,21.079117410360464,6.901572971988207,21.0,1,-0.07911741036046394,21.079117410360464,20.5,21.5
2162.0,20.788346029251183,20.991972688888463,6.901031463255567,21.0,1,0.008027311111536761,20.991972688888463,20.5,21.5
2163.0,20.790568566337985,20.907283478094637,6.900488506804772,21.0,1,0.09271652190536273,20.907283478094637,20.5,21.5
2164.0,20.792790550326078,20.872466902203023,6.899944103049306,21.0,1,0.1275330977969773,20.872466902203023,20.5,21.5
2165.0,20.795011981036623,20.852689063588166,6.8993982524037545,21.0,1,0.14731093641183435,20.852689063588166,20.5,21.5
2166.0,20.797232858290897,20.831523046933427,6.898850955283808,21.0,1,0.1684769530665733,20.831523046933427,20.5,21.5
2167.0,20.799453181910295,20.8451980985874,6.898302212106257,21.0,1,0.15480190141260053,20.8451980985874,20.5,21.5
2168.0,20.801672951716334,20.834890417980738,6.8977520232889935,21.0,1,0.1651095820192623,20.834890417980738,20.5,21.5
2169.0,20.80389216753065,20.83703483386326,6.89720038925101,21.0,1,0.16296516613673973,20.83703483386326,20.5,21.5
2170.0,20.806110829174994,20.886853551622604,6.896647310412399,21.0,1,0.11314644837739607,20.886853551622604,20.5,21.5
2171.0,20.80832893647124,20.981121019886082,6.896092787194355,21.0,1,0.018878980113917976,20.981121019886082,20.5,21.5
2172.0,20.810546489241386,21.089542495304414,6.895536820019172,21.0,1,-0.08954249530441416,21.089542495304414,20.5,21.5
2173.0,20.812763487307542,21.194338417520974,6.894979409310242,21.0,1,-0.19433841752097436,21.194338417520974,20.5,21.5
2174.0,20.814979930491944,21.267294784978947,6.894420555492058,21.0,1,-0.2672947849789473,21.267294784978947,20.5,21.5
2175.0,20.817195818616945,21.213244602867825,6.893860258990212,21.0,1,-0.21324460286782454,21.213244602867825,20.5,21.5
2176.0,20.81941115150502,21.14718789339173,6.893298520231393,21.0,1,-0.147187893391731,21.14718789339173,20.5,21.5
2177.0,20.821625928978765,21.12107411725533,6.892735339643391,21.0,1,-0.12107411725532913,21.12107411725533,20.5,21.5
2178.0,20.8238401508609,21.024888306690237,6.892170717655091,21.0,1,-0.02488830669023656,21.024888306690237,20.5,21.5
2179.0,20.82605381697426,21.033358937958383,6.8916046546964775,21.0,1,-0.03335893795838274,21.033358937958383,20.5,21.5
2180.0,20.828266927141804,21.039304740458128,6.891037151198634,21.0,1,-0.03930474045812815,21.039304740458128,20.5,21.5
2181.0,20.830479481186615,21.009723087586426,6.890468207593736,21.0,1,-0.00972308758642626,21.009723087586426,20.5,21.5
2182.0,20.832691478931896,20.977133630599532,6.889897824315062,21.0,1,0.022866369400468045,20.977133630599532,20.5,21.5
2183.0,20.83490292020097,20.99206332481821,6.889326001796981,21.0,1,0.007936675181788644,20.99206332481821,20.5,21.5
2184.0,20.83711380481729,20.984558791068903,6.888752740474962,21.0,1,0.01544120893109735,20.984558791068903,20.5,21.5
2185.0,20.83932413260442,21.008934947731344,6.888178040785569,21.0,1,-0.008934947731344067,21.008934947731344,20.5,21.5
2186.0,20.841533903386058,20.96376868515431,6.887601903166459,21.0,1,0.036231314845689866,20.96376868515431,20.5,21.5
2187.0,20.843743116986015,20.967612070092365,6.887024328056388,21.0,1,0.03238792990763528,20.967612070092365,20.5,21.5
2188.0,20.84595177322823,21.01911148094085,6.886445315895202,21.0,1,-0.019111480940850356,21.01911148094085,20.5,21.5
2189.0,20.848159871936762,21.005488599535106,6.885864867123846,21.0,1,-0.00548859953510572,21.005488599535106,20.5,21.5
2190.0,20.8503674129358,20.936694509560844,6.885282982184357,21.0,1,0.06330549043915568,20.936694509560844,20.5,21.5
2191.0,20.85257439604965,21.03788805774962,6.884699661519864,21.0,1,-0.03788805774961901,21.03788805774962,20.5,21.5
2192.0,20.854780821102743,20.995225339534628,6.884114905574593,21.0,1,0.004774660465372449,20.995225339534628,20.5,21.5
2193.0,20.856986687919637,20.968688531078357,6.883528714793861,21.0,1,0.03131146892164338,20.968688531078357,20.5,21.5
2194.0,20.859191996325013,20.93279954813811,6.882941089624076,21.0,1,0.06720045186188983,20.93279954813811,20.5,21.5
2195.0,20.861396746143672,20.967841843831632,6.882352030512742,21.0,1,0.032158156168367924,20.967841843831632,20.5,21.5
2196.0,20.863600937200545,20.98715834570499,6.881761537908451,21.0,1,0.012841654295009164,20.98715834570499,20.5,21.5
2197.0,20.865804569320687,21.00763066122445,6.881169612260891,21.0,1,-0.007630661224450108,21.00763066122445,20.5,21.5
2198.0,20.868007642329275,21.04107049916106,6.880576254020838,21.0,1,-0.04107049916105865,21.04107049916106,20.5,21.5
2199.0,20.870210156051613,21.09447624125529,6.87998146364016,21.0,1,-0.09447624125528975,21.09447624125529,20.5,21.5
2200.0,20.87241211031313,21.124383625281574,6.879385241571817,21.0,1,-0.12438362528157398,21.124383625281574,20.5,21.5
2201.0,20.874613504939383,21.09852829558781,6.878787588269857,21.0,1,-0.0985282955878084,21.09852829558781,20.5,21.5
2202.0,20.87681433975605,21.052512661770717,6.878188504189419,21.0,1,-0.05251266177071656,21.052512661770717,20.5,21.5
2203.0,20.879014614588936,21.13014012721943,6.877587989786731,21.0,1,-0.13014012721943047,21.13014012721943,20.5,21.5
2204.0,20.881214329263976,21.129746394163206,6.8769860455191125,21.0,1,-0.129746394163206,21.129746394163206,20.5,21.5
2205.0,20.883413483607228,21.14440277605255,6.8763826718449685,21.0,1,-0.14440277605255147,21.14440277605255,20.5,21.5
2206.0,20.885612077444875,21.211404455480942,6.875777869223795,21.0,1,-0.21140445548094178,21.211404455480942,20.5,21.5
2207.0,20.88781011060323,21.310584211943887,6.875171638116177,21.0,1,-0.31058421194388686,21.310584211943887,20.5,21.5
2208.0,20.890007582908733,21.300021333553257,6.874563978983783,21.0,1,-0.3000213335532571,21.300021333553257,20.5,21.5
2209.0,20.892204494187947,21.353476552090466,6.873954892289374,21.0,1,-0.35347655209046636,21.353476552090466,20.5,21.5
2210.0,20.89440084426757,21.377147437784835,6.873344378496795,21.0,1,-0.37714743778483495,21.377147437784835,20.5,21.5
2211.0,20.896596632974415,21.37571243241538,6.8727324380709796,21.0,1,-0.37571243241538,21.37571243241538,20.5,21.5
2212.0,20.898791860135436,21.330324759755676,6.872119071477947,21.0,1,-0.3303247597556762,21.330324759755676,20.5,21.5
2213.0,20.900986525577704,21.20459485540308,6.871504279184801,21.0,1,-0.2045948554030801,21.20459485540308,20.5,21.5
2214.0,20.903180629128425,21.124542771598342,6.870888061659734,21.0,1,-0.12454277159834248,21.124542771598342,20.5,21.5
2215.0,20.90537417061493,21.029050084165856,6.870270419372023,21.0,1,-0.029050084165856305,21.029050084165856,20.5,21.5
2216.0,20.907567149864683,20.990644038384517,6.869651352792029,21.0,1,0.009355961615483466,20.990644038384517,20.5,21.5
2217.0,20.90975956670527,21.009032148583948,6.869030862391197,21.0,1,-0.009032148583948185,21.009032148583948,20.5,21.5
2218.0,20.911951420964407,21.11228096488632,6.86840894864206,21.0,1,-0.11228096488632033,21.11228096488632,20.5,21.5
2219.0,20.914142712469943,21.136978312944397,6.867785612018229,21.0,1,-0.13697831294439666,21.136978312944397,20.5,21.5
2220.0,20.91633344104985,21.2315950517301,6.867160852994403,21.0,1,-0.23159505173009975,21.2315950517301,20.5,21.5
2221.0,20.91852360653224,21.26096038738397,6.866534672046365,21.0,1,-0.260960387383971,21.26096038738397,20.5,21.5
2222.0,20.920713208745344,21.23663075885231,6.865907069650978,21.0,1,-0.23663075885231066,21.23663075885231,20.5,21.5
2223.0,20.922902247517523,21.04430580052995,6.865278046286188,21.0,1,-0.044305800529951256,21.04430580052995,20.5,21.5
2224.0,20.92509072267728,21.018991843549742,6.864647602431024,21.0,1,-0.018991843549741816,21.018991843549742,20.5,21.5
2225.0,20.92727863405323,20.98857985682686,6.864015738565597,21.0,1,0.011420143173140218,20.98857985682686,20.5,21.5
2226.0,20.929465981474134,20.907575459709715,6.863382455171098,21.0,1,0.0924245402902848,20.907575459709715,20.5,21.5
2227.0,20.931652764768874,20.903943254947244,6.8627477527298,21.0,1,0.0960567450527563,20.903943254947244,20.5,21.5
2228.0,20.933838983766467,21.057384033760776,6.862111631725057,21.0,1,-0.057384033760776276,21.057384033760776,20.5,21.5
2229.0,20.936024638296058,21.0766874589286,6.861474092641302,21.0,1,-0.07668745892859974,21.0766874589286,20.5,21.5
2230.0,20.938209728186926,21.084842702704435,6.860835135964049,21.0,1,-0.08484270270443517,21.084842702704435,20.5,21.5
2231.0,20.940394253268483,20.99695815450432,6.860194762179892,21.0,1,0.0030418454956802066,20.99695815450432,20.5,21.5
2232.0,20.942578213370265,20.89017590566549,6.859552971776503,21.0,1,0.10982409433450968,20.89017590566549,20.5,21.5
2233.0,20.944761608321947,20.749308774818296,6.8589097652426325,21.0,1,0.25069122518170417,20.749308774818296,20.5,21.5
2234.0,20.94694443795333,20.753014742141605,6.858265143068112,21.0,1,0.24698525785839465,20.753014742141605,20.5,21.5
2235.0,20.949126702094354,20.83558337029408,6.857619105743849,21.0,1,0.16441662970591864,20.83558337029408,20.5,21.5
2236.0,20.951308400575083,20.973650628671823,6.856971653761827,21.0,1,0.02634937132817683,20.973650628671823,20.5,21.5
2237.0,20.95348953322572,21.141962149687696,6.856322787615111,21.0,1,-0.14196214968769638,21.141962149687696,20.5,21.5
2238.0,20.9556700998766,21.330399363170674,6.8556725077978395,21.0,1,-0.33039936317067387,21.330399363170674,20.5,21.5
2239.0,20.957850100358183,21.30920108348389,6.85502081480523,21.0,1,-0.30920108348389164,21.30920108348389,20.5,21.5
2240.0,20.96002953450107,21.2844458262192,6.854367709133575,21.0,1,-0.28444582621920134,21.2844458262192,20.5,21.5
2241.0,20.962208402136,21.318843215824657,6.853713191280241,21.0,1,-0.318843215824657,21.318843215824657,20.5,21.5
2242.0,20.96438670309383,21.317331802415822,6.8530572617436745,21.0,1,-0.31733180241582204,21.317331802415822,20.5,21.5
2243.0,20.96656443720556,21.193259917685275,6.852399921023393,21.0,1,-0.19325991768527473,21.193259917685275,20.5,21.5
2244.0,20.968741604302323,21.275491378690813,6.85174116961999,21.0,1,-0.27549137869081264,21.275491378690813,20.5,21.5
2245.0,20.970918204215387,21.211433940630517,6.851081008035133,21.0,1,-0.21143394063051701,21.211433940630517,20.5,21.5
2246.0,20.973094236776152,21.190665766774266,6.850419436771564,21.0,1,-0.1906657667742664,21.190665766774266,20.5,21.5
2247.0,20.975269701816153,21.225150928256095,6.8497564563330995,21.0,1,-0.22515092825609528,21.225150928256095,20.5,21.5
2248.0,20.977444599167058,21.278992307766696,6.8490920672246265,21.0,1,-0.27899230776669626,21.278992307766696,20.5,21.5
2249.0,20.97961892866067,21.223014764039082,6.848426269952107,21.0,1,-0.22301476403908183,21.223014764039082,20.5,21.5
2250.0,20.98179269012893,21.197179700199666,6.847759065022574,21.0,1,-0.19717970019966558,21.197179700199666,20.5,21.5
2251.0,20.983965883403908,21.113813154596418,6.847090452944133,21.0,1,-0.11381315459641783,21.113813154596418,20.5,21.5
2252.0,20.986138508317815,21.10079563177669,6.846420434225962,21.0,1,-0.10079563177669115,21.10079563177669,20.5,21.5
2253.0,20.988310564702996,21.128678547699245,6.845749009378308,21.0,1,-0.12867854769924492,21.128678547699245,20.5,21.5
2254.0,20.99048205239193,21.039750186633935,6.8450761789124925,21.0,1,-0.0397501866339347,21.039750186633935,20.5,21.5
2255.0,20.992652971217233,21.02150098708028,6.844401943340904,21.0,1,-0.021500987080280254,21.02150098708028,20.5,21.5
2256.0,20.99482332101166,21.124656262793298,6.843726303177001,21.0,1,-0.12465626279329811,21.124656262793298,20.5,21.5
2257.0,20.99699310160809,21.030872363117407,6.843049258935315,21.0,1,-0.03087236311740682,21.030872363117407,20.5,21.5
2258.0,20.999162312839555,21.054449638758427,6.842370811131443,21.0,1,-0.054449638758427454,21.054449638758427,20.5,21.5
2259.0,21.001330954539213,21.192752512138174,6.841690960282053,21.0,1,-0.19275251213817413,21.192752512138174,20.5,21.5
2260.0,21.00349902654036,21.179175660811616,6.841009706904881,21.0,1,-0.17917566081161596,21.179175660811616,20.5,21.5
2261.0,21.005666528676432,21.180769670924157,6.840327051518731,21.0,1,-0.18076967092415686,21.180769670924157,20.5,21.5
2262.0,21.007833460781,21.224310501549873,6.839642994643476,21.0,1,-0.22431050154987275,21.224310501549873,20.5,21.5
2263.0,21.009999822687774,21.184463390754484,6.838957536800052,21.0,1,-0.18446339075448392,21.184463390754484,20.5,21.5
2264.0,21.012165614230597,21.111618633673217,6.838270678510469,21.0,1,-0.111618633673217,21.111618633673217,20.5,21.5
2265.0,21.014330835243452,21.165343504425728,6.837582420297797,21.0,1,-0.16534350442572787,21.165343504425728,20.5,21.5
2266.0,21.016495485560462,21.144318529707757,6.836892762686174,21.0,1,-0.14431852970775694,21.144318529707757,20.5,21.5
2267.0,21.018659565015888,21.21062112225959,6.836201706200806,21.0,1,-0.21062112225958884,21.21062112225959,20.5,21.5
2268.0,21.020823073444124,21.167097497555694,6.835509251367963,21.0,1,-0.16709749755569447,21.167097497555694,20.5,21.5
2269.0,21.02298601067971,21.148313415998352,6.8348153987149765,21.0,1,-0.14831341599835213,21.148313415998352,20.5,21.5
2270.0,21.025148376557315,21.194944668259105,6.834120148770248,21.0,1,-0.1949446682591045,21.194944668259105,20.5,21.5
2271.0,21.027310170911758,21.190018333012535,6.833423502063241,21.0,1,-0.19001833301253512,21.190018333012535,20.5,21.5
2272.0,21.02947139357799,21.18047573675493,6.832725459124479,21.0,1,-0.18047573675492856,21.18047573675493,20.5,21.5
2273.0,21.0316320443911,21.25266131041965,6.832026020485555,21.0,1,-0.2526613104196507,21.25266131041965,20.5,21.5
2274.0,21.033792123186316,21.35049869491322,6.8313251866791225,21.0,1,-0.3504986949132203,21.35049869491322,20.5,21.5
2275.0,21.035951629799015,21.284316183711336,6.830622958238894,21.0,1,-0.2843161837113364,21.284316183711336,20.5,21.5
2276.0,21.038110564064702,21.3376452280989,6.82991933569965,21.0,1,-0.33764522809889996,21.3376452280989,20.5,21.5
2277.0,21.040268925819028,21.353624625310296,6.829214319597227,21.0,1,-0.3536246253102959,21.353624625310296,20.5,21.5
2278.0,21.042426714897783,21.292864072355194,6.828507910468527,21.0,1,-0.2928640723551936,21.292864072355194,20.5,21.5
2279.0,21.0445839311369,21.29016664324169,6.827800108851512,21.0,1,-0.2901666432416903,21.29016664324169,20.5,21.5
2280.0,21.046740574372443,21.316809590979904,6.8270909152852015,21.0,1,-0.31680959097990424,21.316809590979904,20.5,21.5
2281.0,21.048896644440624,21.297933355346476,6.8263803303096795,21.0,1,-0.29793335534647625,21.297933355346476,20.5,21.5
2282.0,21.0510521411778,21.29132084979359,6.825668354466085,21.0,1,-0.2913208497935891,21.29132084979359,20.5,21.5
2283.0,21.053207064420455,21.377791885308756,6.824954988296621,21.0,1,-0.3777918853087563,21.377791885308756,20.5,21.5
2284.0,21.05536141400523,21.430990009745365,6.824240232344546,21.0,1,-0.43099000974536494,21.430990009745365,20.5,21.5
2285.0,21.057515189768896,21.479375479123846,6.823524087154177,21.0,1,-0.4793754791238456,21.479375479123846,20.5,21.5
2286.0,21.059668391548374,21.48608831253851,6.82280655327089,21.0,1,-0.48608831253850937,21.48608831253851,20.5,21.5
2287.0,21.06182101918072,21.590276757264125,6.82208763124112,21.0,0,-0.5902767572641245,21.590276757264125,20.5,21.5
2288.0,21.058973072503132,21.534824775725134,6.821367321612354,21.0,0,-0.5348247757251343,21.534824775725134,20.5,21.5
2289.0,21.056125551352956,21.337230762304653,6.820645624933142,21.0,0,-0.3372307623046531,21.337230762304653,20.5,21.5
2290.0,21.05327845536767,21.22201815511319,6.819922541753087,21.0,0,-0.22201815511319012,21.22201815511319,20.5,21.5
2291.0,21.050431784184948,21.240234702456725,6.8191980726228465,21.0,0,-0.24023470245672485,21.240234702456725,20.5,21.5
2292.0,21.047585537442636,21.05227414628878,6.818472218094137,21.0,0,-0.0522741462887808,21.05227414628878,20.5,21.5
2293.0,21.044739714778768,21.075358577672596,6.817744978719729,21.0,0,-0.07535857767259557,21.075358577672596,20.5,21.5
2294.0,21.041894315831556,21.114062521862234,6.817016355053443,21.0,0,-0.11406252186223398,21.114062521862234,20.5,21.5
2295.0,21.0390493402394,21.261748188572987,6.816286347650163,21.0,0,-0.2617481885729873,21.261748188572987,20.5,21.5
2296.0,21.036204787640884,21.24496124360355,6.815554957065817,21.0,0,-0.24496124360355154,21.24496124360355,20.5,21.5
2297.0,21.03336065767477,21.203517816830423,6.814822183857394,21.0,0,-0.20351781683042347,21.203517816830423,20.5,21.5
2298.0,21.030516949980008,21.137562617591463,6.81408802858293,21.0,0,-0.13756261759146327,21.137562617591463,20.5,21.5
2299.0,21.027673664195728,21.231498555449935,6.813352491801518,21.0,0,-0.23149855544993514,21.231498555449935,20.5,21.5
2300.0,21.02483079996125,21.152610048787846,6.8126155740733,21.0,0,-0.1526100487878459,21.152610048787846,20.5,21.5
2301.0,21.021988356916072,21.13368321067434,6.811877275959472,21.0,0,-0.13368321067434152,21.13368321067434,20.5,21.5
2302.0,21.01914633469988,21.194289398090255,6.811137598022279,21.0,0,-0.19428939809025536,21.194289398090255,20.5,21.5
2303.0,21.016304732952545,21.262885494294814,6.810396540825019,21.0,0,-0.2628854942948138,21.262885494294814,20.5,21.5
2304.0,21.013463551314118,21.2683659989114,6.809654104932039,21.0,0,-0.2683659989113991,21.2683659989114,20.5,21.5
2305.0,21.01062278942484,21.261458577425216,6.808910290908736,21.0,0,-0.2614585774252163,21.261458577425216,20.5,21.5
2306.0,21.007782446925138,21.208066245586615,6.808165099321557,21.0,0,-0.20806624558661468,21.208066245586615,20.5,21.5
2307.0,21.004942523455618,21.2586839682285,6.807418530737998,21.0,0,-0.2586839682284996,21.2586839682285,20.5,21.5
2308.0,21.002103018657074,21.311764572122776,6.806670585726602,21.0,0,-0.311764572122776,21.311764572122776,20.5,21.5
2309.0,20.99926393217049,21.261485230389063,6.805921264856963,21.0,0,-0.2614852303890629,21.261485230389063,20.5,21.5
2310.0,20.996425263637025,21.31682648910423,6.8051705686997215,21.0,0,-0.31682648910422984,21.31682648910423,20.5,21.5
2311.0,20.99358701269804,21.339171189997085,6.804418497826565,21.0,0,-0.33917118999708507,21.339171189997085,20.5,21.5
2312.0,20.990749178995067,21.3485956164914,6.803665052810228,21.0,0,-0.34859561649140147,21.3485956164914,20.5,21.5
2313.0,20.98791176216983,21.16345616650978,6.802910234224491,21.0,0,-0.16345616650977846,21.16345616650978,20.5,21.5
2314.0,20.98507476186424,21.243294967302344,6.802154042644183,21.0,0,-0.24329496730234368,21.243294967302344,20.5,21.5
2315.0,20.982238177720397,21.189713960651925,6.8013964786451755,21.0,0,-0.18971396065192536,21.189713960651925,20.5,21.5
2316.0,20.979402009380582,21.21226608329104,6.800637542804387,21.0,0,-0.21226608329104124,21.21226608329104,20.5,21.5
2317.0,20.976566256487267,21.111589657067093,6.79987723569978,21.0,0,-0.11158965706709267,21.111589657067093,20.5,21.5
2318.0,20.97373091868311,21.197017942953334,6.799115557910361,21.0,0,-0.19701794295333386,21.197017942953334,20.5,21.5
2319.0,20.970895995610956,21.15352985058366,6.798352510016181,21.0,0,-0.1535298505836593,21.15352985058366,20.5,21.5
2320.0,20.968061486913836,21.140813217622245,6.7975880925983345,21.0,0,-0.1408132176222452,21.140813217622245,20.5,21.5
2321.0,20.965227392234972,21.185034677299463,6.7968223062389574,21.0,0,-0.18503467729946266,21.185034677299463,20.5,21.5
2322.0,20.96239371121777,21.203821816417705,6.796055151521231,21.0,0,-0.20382181641770458,21.203821816417705,20.5,21.5
2323.0,20.959560443505833,21.267245926792402,6.795286629029377,21.0,0,-0.2672459267924019,21.267245926792402,20.5,21.5
2324.0,20.956727588742936,21.238638613059578,6.794516739348657,21.0,0,-0.23863861305957812,21.238638613059578,20.5,21.5
2325.0,20.953895146573057,21.291890851626498,6.7937454830653765,21.0,0,-0.29189085162649775,21.291890851626498,20.5,21.5
2326.0,20.951063116640356,21.161002357412322,6.792972860766881,21.0,0,-0.16100235741232183,21.161002357412322,20.5,21.5
2327.0,20.94823149858918,21.167835831349134,6.7921988730415555,21.0,0,-0.1678358313491337,21.167835831349134,20.5,21.5
2328.0,20.945400292064072,21.11060254317227,6.791423520478826,21.0,0,-0.11060254317226992,21.11060254317227,20.5,21.5
2329.0,20.942569496709755,21.044960246853417,6.790646803669156,21.0,0,-0.044960246853417374,21.044960246853417,20.5,21.5
2330.0,20.939739112171146,21.05428577409834,6.78986872320405,21.0,0,-0.054285774098339346,21.05428577409834,20.5,21.5
2331.0,20.936909138093352,21.136617049515312,6.78908927967605,21.0,0,-0.13661704951531206,21.136617049515312,20.5,21.5
2332.0,20.934079574121668,21.16762356084001,6.788308473678736,21.0,0,-0.16762356084000984,21.16762356084001,20.5,21.5
2333.0,20.93125041990158,21.172025593956217,6.787526305806726,21.0,0,-0.1720255939562172,21.172025593956217,20.5,21.5
2334.0,20.928421675078763,21.14556245747596,6.786742776655675,21.0,0,-0.14556245747596108,21.14556245747596,20.5,21.5
2335.0,20.925593339299077,21.05907400414718,6.785957886822274,21.0,0,-0.059074004147181114,21.05907400414718,20.5,21.5
2336.0,20.92276541220858,21.06783290796408,6.785171636904251,21.0,0,-0.06783290796407826,21.06783290796408,20.5,21.5
2337.0,20.91993789345352,21.12095288958485,6.784384027500369,21.0,0,-0.12095288958484929,21.12095288958485,20.5,21.5
2338.0,20.91711078268033,21.12324970108896,6.783595059210429,21.0,0,-0.12324970108895883,21.12324970108896,20.5,21.5
2339.0,20.914284079535634,21.163009195449007,6.782804732635261,21.0,0,-0.16300919544900694,21.163009195449007,20.5,21.5
2340.0,20.911457783666254,21.198004031142023,6.782013048376736,21.0,0,-0.19800403114202325,21.198004031142023,20.5,21.5
2341.0,20.908631894719196,21.197959984661715,6.781220007037755,21.0,0,-0.19795998466171483,21.197959984661715,20.5,21.5
2342.0,20.90580641234166,21.082071202739375,6.780425609222253,21.0,0,-0.08207120273937463,21.082071202739375,20.5,21.5
2343.0,20.90298133618104,21.12375719673135,6.7796298555352,21.0,0,-0.12375719673135066,21.12375719673135,20.5,21.5
2344.0,20.90015666588491,21.077049270951072,6.778832746582595,21.0,0,-0.07704927095107195,21.077049270951072,20.5,21.5
2345.0,20.89733240110105,21.120072320306363,6.778034282971473,21.0,0,-0.12007232030636317,21.120072320306363,20.5,21.5
2346.0,20.894508541477425,21.083369266342924,6.777234465309897,21.0,0,-0.08336926634292396,21.083369266342924,20.5,21.5
2347.0,20.891685086662193,21.152831286694884,6.776433294206965,21.0,0,-0.15283128669488377,21.152831286694884,20.5,21.5
2348.0,20.888862036303703,21.062080465059843,6.7756307702728025,21.0,0,-0.06208046505984299,21.062080465059843,20.5,21.5
2349.0,20.886039390050495,21.17375515216121,6.774826894118567,21.0,0,-0.17375515216120974,21.17375515216121,20.5,21.5
2350.0,20.88321714755131,21.164086964609112,6.774021666356443,21.0,0,-0.16408696460911187,21.164086964609112,20.5,21.5
2351.0,20.88039530845507,21.13042139696962,6.77321508759965,21.0,0,-0.13042139696961996,21.13042139696962,20.5,21.5
2352.0,20.8775738724109,21.126869155953283,6.772407158462429,21.0,0,-0.1268691559532833,21.126869155953283,20.5,21.5
2353.0,20.87475283906811,21.08978415954746,6.771597879560057,21.0,0,-0.08978415954745955,21.08978415954746,20.5,21.5
2354.0,20.871932208076206,21.056257539733327,6.770787251508832,21.0,0,-0.05625753973332692,21.056257539733327,20.5,21.5
2355.0,20.86911197908489,21.022011607597776,6.769975274926084,21.0,0,-0.02201160759777565,21.022011607597776,20.5,21.5
2356.0,20.86629215174406,20.93513454079236,6.769161950430168,21.0,0,0.06486545920763831,20.93513454079236,20.5,21.5
2357.0,20.863472725703797,20.914647150997645,6.768347278640467,21.0,0,0.08535284900235496,20.914647150997645,20.5,21.5
2358.0,20.860653700614385,20.8991020301577,6.767531260177387,21.0,0,0.10089796984230048,20.8991020301577,20.5,21.5
2359.0,20.8578350761263,20.88840589106667,6.766713895662363,21.0,0,0.11159410893332833,20.88840589106667,20.5,21.5
2360.0,20.855016851890205,20.85032407802763,6.765895185717854,21.0,0,0.14967592197237067,20.85032407802763,20.5,21.5
2361.0,20.85219902755697,21.02047559533927,6.765075130967342,21.0,0,-0.02047559533927057,21.02047559533927,20.5,21.5
2362.0,20.84938160277765,21.019655835097897,6.7642537320353355,21.0,0,-0.019655835097896812,21.019655835097897,20.5,21.5
2363.0,20.8465645772035,21.180595767140318,6.7634309895473645,21.0,0,-0.18059576714031778,21.180595767140318,20.5,21.5
2364.0,20.84374795048597,21.229007827814655,6.762606904129985,21.0,0,-0.22900782781465523,21.229007827814655,20.5,21.5
2365.0,20.840931722276697,21.31039939454765,6.761781476410771,21.0,0,-0.31039939454765175,21.31039939454765,20.5,21.5
2366.0,20.838115892227524,21.230745565502513,6.760954707018324,21.0,0,-0.23074556550251302,21.230745565502513,20.5,21.5
2367.0,20.83530045999048,21.179452496134196,6.760126596582264,21.0,0,-0.17945249613419634,21.179452496134196,20.5,21.5
2368.0,20.8324854252178,21.083919215852493,6.759297145733233,21.0,0,-0.08391921585249307,21.083919215852493,20.5,21.5
2369.0,20.829670787561902,21.05956871547515,6.758466355102895,21.0,0,-0.059568715475151635,21.05956871547515,20.5,21.5
2370.0,20.826856546675412,21.09046417800337,6.7576342253239305,21.0,0,-0.09046417800336926,21.09046417800337,20.5,21.5
2371.0,20.82404270221114,21.091328353774067,6.756800757030046,21.0,0,-0.09132835377406678,21.091328353774067,20.5,21.5
2372.0,20.821229253822104,21.117633992118716,6.755965950855961,21.0,0,-0.11763399211871572,21.117633992118716,20.5,21.5
2373.0,20.81841620116151,21.158272016168432,6.755129807437418,21.0,0,-0.15827201616843212,21.158272016168432,20.5,21.5
2374.0,20.815603543882766,21.102625611024884,6.754292327411178,21.0,0,-0.10262561102488377,21.102625611024884,20.5,21.5
2375.0,20.81279128163947,21.128346828424686,6.753453511415016,21.0,0,-0.1283468284246858,21.128346828424686,20.5,21.5
2376.0,20.809979414085426,21.09370297067059,6.752613360087727,21.0,0,-0.09370297067059141,21.09370297067059,20.5,21.5
2377.0,20.807167940874628,21.167100905677955,6.751771874069124,21.0,0,-0.16710090567795532,21.167100905677955,20.5,21.5
2378.0,20.804356861661265,21.111881196221525,6.750929054000036,21.0,0,-0.1118811962215247,21.111881196221525,20.5,21.5
2379.0,20.801546176099734,21.13056755571824,6.750084900522305,21.0,0,-0.1305675557182404,21.13056755571824,20.5,21.5
2380.0,20.798735883844618,20.996436184193886,6.749239414278792,21.0,0,0.003563815806113979,20.996436184193886,20.5,21.5
2381.0,20.795925984550706,21.072551018042123,6.748392595913371,21.0,0,-0.07255101804212316,21.072551018042123,20.5,21.5
2382.0,20.793116477872978,21.01138195923085,6.747544446070931,21.0,0,-0.011381959230849503,21.01138195923085,20.5,21.5
2383.0,20.790307363466617,20.99238927992146,6.746694965397375,21.0,0,0.007610720078538691,20.99238927992146,20.5,21.5
2384.0,20.787498640987003,20.92924539805501,6.74584415453962,21.0,0,0.07075460194499072,20.92924539805501,20.5,21.5
2385.0,20.784690310089715,20.964059637506665,6.744992014145594,21.0,0,0.03594036249333499,20.964059637506665,20.5,21.5
2386.0,20.781882370430527,20.989736935946283,6.744138544864241,21.0,0,0.01026306405371713,20.989736935946283,20.5,21.5
2387.0,20.779074821665414,20.99125705353533,6.743283747345514,21.0,0,0.008742946464671775,20.99125705353533,20.5,21.5
2388.0,20.77626766345055,21.0102390258511,6.742427622240379,21.0,0,-0.01023902585109937,21.0102390258511,20.5,21.5
2389.0,20.77346089544231,21.066306421758178,6.741570170200812,21.0,0,-0.06630642175817769,21.066306421758178,20.5,21.5
2390.0,20.77065451729726,20.962176152150384,6.740711391879799,21.0,0,0.03782384784961579,20.962176152150384,20.5,21.5
2391.0,20.767848528672175,20.899739026735993,6.739851287931339,21.0,0,0.10026097326400674,20.899739026735993,20.5,21.5
2392.0,20.765042929224027,20.780461776644923,6.738989859010438,21.0,0,0.21953822335507667,20.780461776644923,20.5,21.5
2393.0,20.762237718609985,20.817665848931743,6.738127105773111,21.0,0,0.18233415106825746,20.817665848931743,20.5,21.5
2394.0,20.759432896487418,20.796687358169585,6.737263028876383,21.0,0,0.20331264183041498,20.796687358169585,20.5,21.5
2395.0,20.756628462513895,20.84654864855691,6.736397628978285,21.0,0,0.1534513514430884,20.84654864855691,20.5,21.5
2396.0,20.75382441634719,20.80351896071309,6.735530906737857,21.0,0,0.1964810392869083,20.80351896071309,20.5,21.5
2397.0,20.751020757645268,20.894058724410694,6.734662862815146,21.0,0,0.10594127558930566,20.894058724410694,20.5,21.5
2398.0,20.748217486066302,20.95491388039516,6.733793497871206,21.0,0,0.045086119604839325,20.95491388039516,20.5,21.5
2399.0,20.745414601268664,20.989038914399533,6.732922812568095,21.0,0,0.010961085600467158,20.989038914399533,20.5,21.5
2400.0,20.742612102910922,21.057006118061715,6.732050807568878,21.0,0,-0.05700611806171452,21.057006118061715,20.5,21.5
2401.0,20.739809990651853,21.115830595682635,6.731177483537624,21.0,0,-0.11583059568263465,21.115830595682635,20.5,21.5
2402.0,20.73700826415043,21.092560839708664,6.730302841139409,21.0,0,-0.09256083970866413,21.092560839708664,20.5,21.5
2403.0,20.734206923065827,20.979462532167666,6.72942688104031,21.0,0,0.02053746783233379,20.979462532167666,20.5,21.5
2404.0,20.731405967057423,20.806789555251925,6.7285496039074095,21.0,0,0.19321044474807536,20.806789555251925,20.5,21.5
2405.0,20.728605395784793,20.741353219446527,6.727671010408791,21.0,0,0.2586467805534731,20.741353219446527,20.5,21.5
2406.0,20.72580520890772,20.739423066621953,6.726791101213544,21.0,0,0.2605769333780472,20.739423066621953,20.5,21.5
2407.0,20.72300540608618,20.77745537517036,6.7259098769917545,21.0,0,0.22254462482964144,20.77745537517036,20.5,21.5
2408.0,20.72020598698036,20.837482728088577,6.725027338414515,21.0,0,0.1625172719114225,20.837482728088577,20.5,21.5
2409.0,20.71740695125065,21.02506847308127,6.724143486153917,21.0,0,-0.02506847308126936,21.02506847308127,20.5,21.5
2410.0,20.71460829855763,21.02102407423947,6.723258320883052,21.0,0,-0.02102407423947028,21.02102407423947,20.5,21.5
2411.0,20.711810028562095,20.912920245647484,6.722371843276012,21.0,0,0.08707975435251569,20.912920245647484,20.5,21.5
2412.0,20.709012140925037,20.89098182912564,6.721484054007887,21.0,0,0.10901817087436072,20.89098182912564,20.5,21.5
2413.0,20.706214635307653,20.88368816905817,6.72059495375477,21.0,0,0.11631183094182873,20.88368816905817,20.5,21.5
2414.0,20.70341751137134,20.832613867610455,6.719704543193747,21.0,0,0.16738613238954514,20.832613867610455,20.5,21.5
2415.0,20.700620768777707,20.84266346219801,6.718812823002906,21.0,0,0.15733653780198864,20.84266346219801,20.5,21.5
2416.0,20.697824407188552,20.936698596117072,6.717919793861329,21.0,0,0.06330140388292804,20.936698596117072,20.5,21.5
2417.0,20.695028426265885,20.972379976284007,6.7170254564490985,21.0,0,0.02762002371599337,20.972379976284007,20.5,21.5
2418.0,20.692232825671923,20.923096792757136,6.7161298114472885,21.0,0,0.07690320724286437,20.923096792757136,20.5,21.5
2419.0,20.689437605069077,20.935927864319662,6.715232859537975,21.0,0,0.06407213568033754,20.935927864319662,20.5,21.5
2420.0,20.68664276411997,20.92688150047261,6.714334601404225,21.0,0,0.07311849952738925,20.92688150047261,20.5,21.5
2421.0,20.683848302487426,20.88516773188116,6.7134350377300995,21.0,0,0.11483226811883895,20.88516773188116,20.5,21.5
2422.0,20.681054219834476,20.84547756555873,6.712534169200657,21.0,0,0.15452243444126879,20.84547756555873,20.5,21.5
2423.0,20.67826051582435,20.873430463980686,6.711631996501946,21.0,0,0.1265695360193142,20.873430463980686,20.5,21.5
2424.0,20.675467190120482,20.891721593246917,6.710728520321013,21.0,0,0.10827840675308309,20.891721593246917,20.5,21.5
2425.0,20.672674242386524,20.875619530178177,6.709823741345893,21.0,0,0.12438046982182271,20.875619530178177,20.5,21.5
2426.0,20.669881672286316,20.910022518343176,6.708917660265614,21.0,0,0.08997748165682395,20.910022518343176,20.5,21.5
2427.0,20.667089479483913,20.899472786347225,6.708010277770199,21.0,0,0.10052721365277506,20.899472786347225,20.5,21.5
2428.0,20.66429766364357,20.9191790549093,6.707101594550655,21.0,0,0.08082094509070004,20.9191790549093,20.5,21.5
2429.0,20.66150622442975,20.858558995960692,6.706191611298986,21.0,0,0.14144100403930793,20.858558995960692,20.5,21.5
2430.0,20.658715161507125,20.86978281180011,6.705280328708184,21.0,0,0.13021718819988948,20.86978281180011,20.5,21.5
2431.0,20.655924474540566,20.83260525851201,6.704367747472231,21.0,0,0.16739474148798905,20.83260525851201,20.5,21.5
2432.0,20.65313416319515,20.83725314129546,6.703453868286095,21.0,0,0.16274685870454064,20.83725314129546,20.5,21.5
2433.0,20.65034422713617,20.853255549603954,6.702538691845737,21.0,0,0.14674445039604578,20.853255549603954,20.5,21.5
2434.0,20.647554666029112,20.887282363887593,6.701622218848103,21.0,0,0.11271763611240715,20.887282363887593,20.5,21.5
2435.0,20.644765479539675,20.88816481102213,6.700704449991126,21.0,0,0.11183518897787081,20.88816481102213,20.5,21.5
2436.0,20.641976667333765,20.92364040252752,6.699785385973728,21.0,0,0.07635959747247867,20.92364040252752,20.5,21.5
2437.0,20.639188229077494,20.89189326957952,6.698865027495816,21.0,0,0.1081067304204808,20.89189326957952,20.5,21.5
2438.0,20.636400164437177,20.8062823454407,6.6979433752582835,21.0,0,0.19371765455930046,20.8062823454407,20.5,21.5
2439.0,20.633612473079342,20.75894844094209,6.697020429963008,21.0,0,0.24105155905791165,20.75894844094209,20.5,21.5
2440.0,20.63082515467072,20.642563718291434,6.696096192312853,21.0,0,0.3574362817085657,20.642563718291434,20.5,21.5
2441.0,20.628038208878248,20.631432838602628,6.695170663011664,21.0,0,0.36856716139737244,20.631432838602628,20.5,21.5
2442.0,20.625251635369075,20.629409206314598,6.6942438427642745,21.0,0,0.3705907936854018,20.629409206314598,20.5,21.5
2443.0,20.622465433810554,20.683354066253287,6.6933157322764965,21.0,0,0.3166459337467131,20.683354066253287,20.5,21.5
2444.0,20.619679603870246,20.71776915114422,6.692386332255128,21.0,0,0.28223084885577876,20.71776915114422,20.5,21.5
2445.0,20.616894145215923,20.806833919810575,6.691455643407947,21.0,0,0.1931660801894246,20.806833919810575,20.5,21.5
2446.0,20.614109057515563,20.852224827584717,6.690523666443712,21.0,0,0.14777517241528315,20.852224827584717,20.5,21.5
2447.0,20.61132434043735,20.911728203293087,6.689590402072167,21.0,0,0.08827179670691265,20.911728203293087,20.5,21.5
2448.0,20.608539993649675,20.882642996547265,6.688655851004031,21.0,0,0.11735700345273514,20.882642996547265,20.5,21.5
2449.0,20.605756016821147,20.91355248473697,6.687720013951005,21.0,0,0.08644751526302841,20.91355248473697,20.5,21.5
2450.0,20.602972409620573,20.927960295345287,6.686782891625771,21.0,0,0.07203970465471343,20.927960295345287,20.5,21.5
2451.0,20.600189171716973,20.917713877913727,6.685844484741988,21.0,0,0.0822861220862734,20.917713877913727,20.5,21.5
2452.0,20.59740630277958,20.870683864702535,6.684904794014295,21.0,0,0.129316135297465,20.870683864702535,20.5,21.5
2453.0,20.594623802477827,21.013304114720235,6.683963820158305,21.0,0,-0.01330411472023485,21.013304114720235,20.5,21.5
2454.0,20.59184167048136,21.02631494532006,6.6830215638906125,21.0,0,-0.026314945320059735,21.02631494532006,20.5,21.5
2455.0,20.589059906460044,20.981277490472394,6.682078025928785,21.0,0,0.018722509527606235,20.981277490472394,20.5,21.5
2456.0,20.586278510083936,20.97489179986361,6.681133206991369,21.0,0,0.02510820013639048,20.97489179986361,20.5,21.5
2457.0,20.58349748102332,21.045333957662525,6.6801871077978845,21.0,0,-0.04533395766252468,21.045333957662525,20.5,21.5
2458.0,20.580716818948673,20.870665612461362,6.679239729068827,21.0,0,0.12933438753863769,20.870665612461362,20.5,21.5
2459.0,20.577936523530695,20.771197534901237,6.678291071525666,21.0,0,0.228802465098763,20.771197534901237,20.5,21.5
2460.0,20.575156594440294,20.848156836376862,6.677341135890849,21.0,0,0.15184316362313766,20.848156836376862,20.5,21.5
2461.0,20.572377031348584,20.813989555433032,6.676389922887788,21.0,0,0.1860104445669677,20.813989555433032,20.5,21.5
2462.0,20.569597833926892,20.770276841793336,6.6754374332408775,21.0,0,0.22972315820666367,20.770276841793336,20.5,21.5
2463.0,20.566819001846756,20.791502170935527,6.674483667675478,21.0,0,0.20849782906447345,20.791502170935527,20.5,21.5
2464.0,20.564040534779924,20.769211475219556,6.673528626917923,21.0,0,0.23078852478044354,20.769211475219556,20.5,21.5
2465.0,20.56126243239835,20.660018104450057,6.672572311695519,21.0,0,0.3399818955499434,20.660018104450057,20.5,21.5
2466.0,20.55848469437421,20.61532993018043,6.671614722736541,21.0,0,0.3846700698195704,20.61532993018043,20.5,21.5
2467.0,20.555707320379884,20.59519588305007,6.670655860770234,21.0,0,0.40480411694992924,20.59519588305007,20.5,21.5
2468.0,20.552930310087962,20.713956158185113,6.669695726526814,21.0,0,0.2860438418148874,20.713956158185113,20.5,21.5
2469.0,20.55015366317125,20.669617028816983,6.668734320737463,21.0,0,0.33038297118301685,20.669617028816983,20.5,21.5
2470.0,20.547377379302766,20.777190591477197,6.667771644134336,21.0,0,0.22280940852280295,20.777190591477197,20.5,21.5
2471.0,20.544601458155732,20.795846964645374,6.666807697450553,21.0,0,0.2041530353546257,20.795846964645374,20.5,21.5
2472.0,20.54182589940359,20.824874974871925,6.665842481420199,21.0,0,0.17512502512807515,20.824874974871925,20.5,21.5
2473.0,20.539050702719994,20.693132936315422,6.6648759967783295,21.0,0,0.30686706368457806,20.693132936315422,20.5,21.5
2474.0,20.536275867778805,20.79774489554352,6.663908244260965,21.0,0,0.20225510445647998,20.79774489554352,20.5,21.5
2475.0,20.533501394254102,20.720029504395026,6.66293922460509,21.0,0,0.27997049560497445,20.720029504395026,20.5,21.5
2476.0,20.530727281820173,20.74396837379333,6.6619689385486565,21.0,0,0.25603162620667064,20.74396837379333,20.5,21.5
2477.0,20.527953530151517,20.706992732439005,6.660997386830578,21.0,0,0.29300726756099493,20.706992732439005,20.5,21.5
2478.0,20.525180138922853,20.76150733574306,6.6600245701907355,21.0,0,0.23849266425693827,20.76150733574306,20.5,21.5
2479.0,20.522407107809105,20.72963168005415,6.659050489369968,21.0,0,0.27036831994584887,20.72963168005415,20.5,21.5
2480.0,20.51963443648542,20.877935769331227,6.658075145110083,21.0,0,0.12206423066877292,20.877935769331227,20.5,21.5
2481.0,20.516862124627142,20.83827356753408,6.657098538153847,21.0,0,0.1617264324659189,20.83827356753408,20.5,21.5
2482.0,20.514090171909846,20.85988794525976,6.656120669244989,21.0,0,0.14011205474023924,20.85988794525976,20.5,21.5
2483.0,20.511318578009313,20.91658946300229,6.655141539128198,21.0,0,0.08341053699771095,20.91658946300229,20.5,21.5
2484.0,20.508547342601535,21.043886903203582,6.654161148549123,21.0,0,-0.043886903203581795,21.043886903203582,20.5,21.5
2485.0,20.505776465362725,20.910585243125684,6.653179498254377,21.0,0,0.08941475687431577,20.910585243125684,20.5,21.5
2486.0,20.503005945969303,20.96159270563692,6.6521965889915275,21.0,0,0.0384072943630791,20.96159270563692,20.5,21.5
2487.0,20.500235784097907,20.892318068779453,6.651212421509103,21.0,0,0.10768193122054726,20.892318068779453,20.5,21.5
2488.0,20.49746597942539,20.75381680164623,6.65022699655659,21.0,0,0.24618319835376923,20.75381680164623,20.5,21.5
2489.0,20.494696531628815,20.66727883558205,6.649240314884433,21.0,0,0.33272116441795063,20.66727883558205,20.5,21.5
2490.0,20.491927440385467,20.699643997195352,6.648252377244032,21.0,0,0.3003560028046479,20.699643997195352,20.5,21.5
2491.0,20.489158705372837,20.70559792529156,6.647263184387744,21.0,0,0.29440207470844015,20.70559792529156,20.5,21.5
2492.0,20.48639032626864,20.67473490475474,6.646272737068884,21.0,0,0.3252650952452605,20.67473490475474,20.5,21.5
2493.0,20.4836223027508,20.6799299230302,6.64528103604172,21.0,0,0.32007007696979883,20.6799299230302,20.5,21.5
2494.0,20.480854634497458,20.656201549904495,6.644288082061475,21.0,0,0.34379845009550536,20.656201549904495,20.5,21.5
2495.0,20.478087321186973,20.540733193599017,6.643293875884328,21.0,0,0.45926680640098283,20.540733193599017,20.5,21.5
2496.0,20.47532036249791,20.4666491570313,6.6422984182674085,21.0,1,0.5333508429687015,20.4666491570313,20.5,21.5
2497.0,20.477553758109064,20.480351833862958,6.641301709968801,21.0,1,0.519648166137042,20.480351833862958,20.5,21.5
2498.0,20.479786507699437,20.531923120141514,6.640303751747544,21.0,1,0.46807687985848645,20.531923120141514,20.5,21.5
2499.0,20.482018611148245,20.560454496752193,6.639304544363625,21.0,1,0.43954550324780683,20.560454496752193,20.5,21.5
2500.0,20.484250068334887,20.601185114009386,6.638304088577984,21.0,1,0.398814885990614,20.601185114009386,20.5,21.5
2501.0,20.486480879138934,20.63052733586189,6.637302385152511,21.0,1,0.36947266413811164,20.63052733586189,20.5,21.5
2502.0,20.488711043440137,20.75550230689888,6.636299434850047,21.0,1,0.24449769310112046,20.75550230689888,20.5,21.5
2503.0,20.490940561118418,20.72707576108143,6.635295238434383,21.0,1,0.27292423891857,20.72707576108143,20.5,21.5
2504.0,20.493169432053882,20.699776412016227,6.634289796670258,21.0,1,0.3002235879837727,20.699776412016227,20.5,21.5
2505.0,20.495397656126805,20.72066156480268,6.633283110323358,21.0,1,0.27933843519732093,20.72066156480268,20.5,21.5
2506.0,20.497625233217644,20.67725491125527,6.63227518016032,21.0,1,0.3227450887447283,20.67725491125527,20.5,21.5
2507.0,20.49985216320703,20.654104701908498,6.631266006948728,21.0,1,0.3458952980915022,20.654104701908498,20.5,21.5
2508.0,20.50207844597578,20.573831783508563,6.630255591457108,21.0,1,0.4261682164914369,20.573831783508563,20.5,21.5
2509.0,20.504304081404875,20.645069784072454,6.629243934454938,21.0,1,0.3549302159275456,20.645069784072454,20.5,21.5
2510.0,20.506529069375485,20.679226693125578,6.628231036712639,21.0,1,0.32077330687442185,20.679226693125578,20.5,21.5
2511.0,20.508753409768953,20.709790418149865,6.627216899001574,21.0,1,0.2902095818501351,20.709790418149865,20.5,21.5
2512.0,20.5109771024668,20.613741496138033,6.626201522094055,21.0,1,0.38625850386196703,20.613741496138033,20.5,21.5
2513.0,20.513200147350727,20.681216226551108,6.6251849067633355,21.0,1,0.3187837734488923,20.681216226551108,20.5,21.5
2514.0,20.51542254430261,20.60146392269869,6.624167053783612,21.0,1,0.39853607730130847,20.60146392269869,20.5,21.5
2515.0,20.517644293204505,20.591234176412804,6.623147963930025,21.0,1,0.4087658235871956,20.591234176412804,20.5,21.5
2516.0,20.51986539393865,20.624918656690816,6.622127637978653,21.0,1,0.3750813433091835,20.624918656690816,20.5,21.5
2517.0,20.52208584638746,20.60446982776447,6.621106076706521,21.0,1,0.39553017223553155,20.60446982776447,20.5,21.5
2518.0,20.524305650433522,20.619487234918005,6.620083280891592,21.0,1,0.3805127650819955,20.619487234918005,20.5,21.5
2519.0,20.526524805959614,20.71857222039147,6.619059251312769,21.0,1,0.2814277796085314,20.71857222039147,20.5,21.5
2520.0,20.528743312848686,20.759640781950612,6.618033988749895,21.0,1,0.2403592180493881,20.759640781950612,20.5,21.5
2521.0,20.530961170983865,20.769064402869652,6.617007493983753,21.0,1,0.2309355971303475,20.769064402869652,20.5,21.5
2522.0,20.533178380248465,20.923647977892013,6.615979767796061,21.0,1,0.07635202210798653,20.923647977892013,20.5,21.5
2523.0,20.535394940525975,20.97267709000285,6.61495081096948,21.0,1,0.02732290999714948,20.97267709000285,20.5,21.5
2524.0,20.537610851700062,20.94434086370932,6.613920624287604,21.0,1,0.055659136290678646,20.94434086370932,20.5,21.5
2525.0,20.53982611365458,20.90203043028833,6.612889208534965,21.0,1,0.09796956971166892,20.90203043028833,20.5,21.5
2526.0,20.542040726273555,20.82475373718605,6.611856564497032,21.0,1,0.17524626281394973,20.82475373718605,20.5,21.5
2527.0,20.5442546894412,20.783608778861836,6.610822692960206,21.0,1,0.21639122113816356,20.783608778861836,20.5,21.5
2528.0,20.546468003041902,20.717564595756887,6.609787594711828,21.0,1,0.2824354042431132,20.717564595756887,20.5,21.5
2529.0,20.548680666960237,20.63292665102851,6.60875127054017,21.0,1,0.36707334897149124,20.63292665102851,20.5,21.5
2530.0,20.550892681080953,20.714669519500593,6.607713721234434,21.0,1,0.28533048049940746,20.714669519500593,20.5,21.5
2531.0,20.553104045288983,20.772350094164228,6.606674947584764,21.0,1,0.22764990583577216,20.772350094164228,20.5,21.5
2532.0,20.555314759469443,20.72258125663731,6.605634950382229,21.0,1,0.27741874336269134,20.72258125663731,20.5,21.5
2533.0,20.557524823507624,20.686681283278194,6.6045937304188325,21.0,1,0.3133187167218061,20.686681283278194,20.5,21.5
2534.0,20.559734237289007,20.7300173066729,6.603551288487509,21.0,1,0.26998269332710123,20.7300173066729,20.5,21.5
2535.0,20.561943000699248,20.705098769999694,6.602507625382121,21.0,1,0.2949012300003062,20.705098769999694,20.5,21.5
2536.0,20.564151113624185,20.730825368168382,6.601462741897468,21.0,1,0.2691746318316177,20.730825368168382,20.5,21.5
2537.0,20.566358575949838,20.813684366199357,6.6004166388292695,21.0,1,0.18631563380064264,20.813684366199357,20.5,21.5
2538.0,20.568565387562415,20.902917937982778,6.599369316974181,21.0,1,0.09708206201722192,20.902917937982778,20.5,21.5
2539.0,20.570771548348297,20.99325553406957,6.598320777129784,21.0,1,0.006744465930431431,20.99325553406957,20.5,21.5
2540.0,20.572977058194052,20.8868168773897,6.5972710200945865,21.0,1,0.11318312261030172,20.8868168773897,20.5,21.5
2541.0,20.57518191698643,20.9628920046067,6.596220046668023,21.0,1,0.03710799539329912,20.9628920046067,20.5,21.5
2542.0,20.577386124612367,20.950790936687937,6.595167857650457,21.0,1,0.04920906331206254,20.950790936687937,20.5,21.5
2543.0,20.579589680958975,20.950547920552943,6.594114453843176,21.0,1,0.04945207944705743,20.950547920552943,20.5,21.5
2544.0,20.58179258591355,20.915373400118558,6.5930598360483925,21.0,1,0.08462659988144239,20.915373400118558,20.5,21.5
2545.0,20.583994839363577,21.170714589595804,6.592004005069244,21.0,1,-0.17071458959580355,21.170714589595804,20.5,21.5
2546.0,20.58619644119672,21.011543811286298,6.5909469617097916,21.0,1,-0.011543811286298222,21.011543811286298,20.5,21.5
2547.0,20.588397391300823,20.865316164517996,6.589888706775021,21.0,1,0.13468383548200435,20.865316164517996,20.5,21.5
2548.0,20.590597689563918,20.866363900758202,6.588829241070837,21.0,1,0.13363609924179798,20.866363900758202,20.5,21.5
2549.0,20.59279733587422,20.831845485581347,6.587768565404069,21.0,1,0.16815451441865292,20.831845485581347,20.5,21.5
2550.0,20.594996330120125,20.643456864918857,6.58670668058247,21.0,1,0.356543135081143,20.643456864918857,20.5,21.5
2551.0,20.597194672190216,20.67334569102707,6.58564358741471,21.0,1,0.32665430897293035,20.67334569102707,20.5,21.5
2552.0,20.599392361973262,20.695253086078786,6.584579286710381,21.0,1,0.304746913921214,20.695253086078786,20.5,21.5
2553.0,20.60158939935821,20.678062411787803,6.583513779279995,21.0,1,0.3219375882121973,20.678062411787803,20.5,21.5
2554.0,20.603785784234194,20.66878536239502,6.58244706593498,21.0,1,0.3312146376049796,20.66878536239502,20.5,21.5
2555.0,20.605981516490534,20.68503312475035,6.581379147487687,21.0,1,0.31496687524964884,20.68503312475035,20.5,21.5
2556.0,20.608176596016733,20.70417866214151,6.580310024751381,21.0,1,0.2958213378584915,20.70417866214151,20.5,21.5
2557.0,20.61037102270248,20.954536173362175,6.5792396985402455,21.0,1,0.04546382663782467,20.954536173362175,20.5,21.5
2558.0,20.61256479643765,20.970451402725843,6.5781681696693814,21.0,1,0.029548597274157373,20.970451402725843,20.5,21.5
2559.0,20.614757917112296,21.073914536241965,6.577095438954804,21.0,1,-0.07391453624196487,21.073914536241965,20.5,21.5
2560.0,20.616950384616665,21.107077699013303,6.576021507213444,21.0,1,-0.10707769901330266,21.107077699013303,20.5,21.5
2561.0,20.619142198841185,21.084330181936018,6.574946375263147,21.0,1,-0.08433018193601782,21.084330181936018,20.5,21.5
2562.0,20.62133335967647,20.879506838533995,6.573870043922675,21.0,1,0.12049316146600475,20.879506838533995,20.5,21.5
2563.0,20.62352386701332,20.91071206665911,6.572792514011699,21.0,1,0.08928793334089136,20.91071206665911,20.5,21.5
2564.0,20.62571372074272,20.775502067156506,6.571713786350804,21.0,1,0.2244979328434944,20.775502067156506,20.5,21.5
2565.0,20.62790292075584,20.758814771507577,6.570633861761491,21.0,1,0.24118522849242297,20.758814771507577,20.5,21.5
2566.0,20.63009146694404,20.82184672387209,6.569552741066166,21.0,1,0.17815327612791165,20.82184672387209,20.5,21.5
2567.0,20.632279359198865,20.86995332887045,6.568470425088153,21.0,1,0.13004667112954849,20.86995332887045,20.5,21.5
2568.0,20.634466597412043,20.840138861501593,6.56738691465168,21.0,1,0.15986113849840677,20.840138861501593,20.5,21.5
2569.0,20.63665318147549,20.87281208974334,6.566302210581888,21.0,1,0.12718791025665865,20.87281208974334,20.5,21.5
2570.0,20.638839111281314,20.934791073893614,6.565216313704828,21.0,1,0.0652089261063864,20.934791073893614,20.5,21.5
2571.0,20.6410243867218,20.935216378960778,6.564129224847456,21.0,1,0.06478362103922208,20.935216378960778,20.5,21.5
2572.0,20.643209007689425,20.969926628692676,6.5630409448376374,21.0,1,0.030073371307324237,20.969926628692676,20.5,21.5
2573.0,20.645392974076856,21.022911548982044,6.561951474504146,21.0,1,-0.022911548982044394,21.022911548982044,20.5,21.5
2574.0,20.647576285776942,21.050596917680384,6.560860814676659,21.0,1,-0.05059691768038377,21.050596917680384,20.5,21.5
2575.0,20.649758942682723,20.991499798588496,6.559768966185763,21.0,1,0.008500201411504094,20.991499798588496,20.5,21.5
2576.0,20.651940944687425,20.940928045166633,6.5586759298629485,21.0,1,0.05907195483336736,20.940928045166633,20.5,21.5
2577.0,20.65412229168446,20.94011305581564,6.557581706540608,21.0,1,0.05988694418435969,20.94011305581564,20.5,21.5
2578.0,20.65630298356743,20.947066753448127,6.556486297052042,21.0,1,0.05293324655187348,20.947066753448127,20.5,21.5
2579.0,20.658483020230126,20.881787686195025,6.555389702231452,21.0,1,0.11821231380497466,20.881787686195025,20.5,21.5
2580.0,20.660662401566526,20.906344052569544,6.554291922913942,21.0,1,0.09365594743045591,20.906344052569544,20.5,21.5
2581.0,20.662841127470795,20.919359820087983,6.55319295993552,21.0,1,0.08064017991201666,20.919359820087983,20.5,21.5
2582.0,20.66501919783729,20.9429466742189,6.552092814133092,21.0,1,0.05705332578110145,20.9429466742189,20.5,21.5
2583.0,20.66719661256055,20.87509125674081,6.5509914863444685,21.0,1,0.12490874325919066,20.87509125674081,20.5,21.5
2584.0,20.669373371535304,20.88815031607551,6.54988897740836,21.0,1,0.1118496839244898,20.88815031607551,20.5,21.5
2585.0,20.67154947465648,20.882833217890592,6.548785288164371,21.0,1,0.11716678210940756,20.882833217890592,20.5,21.5
2586.0,20.673724921819183,20.955040005376087,6.5476804194530125,21.0,1,0.044959994623912536,20.955040005376087,20.5,21.5
2587.0,20.67589971291871,20.950350112261056,6.546574372115688,21.0,1,0.04964988773894419,20.950350112261056,20.5,21.5
2588.0,20.67807384785055,20.94588650388298,6.545467146994702,21.0,1,0.054113496117018656,20.94588650388298,20.5,21.5
2589.0,20.680247326510376,20.934375584272896,6.544358744933254,21.0,1,0.06562441572710398,20.934375584272896,20.5,21.5
2590.0,20.682420148794062,20.88980956073166,6.543249166775441,21.0,1,0.11019043926834016,20.88980956073166,20.5,21.5
2591.0,20.68459231459766,20.89080802941857,6.542138413366253,21.0,1,0.10919197058143126,20.89080802941857,20.5,21.5
2592.0,20.68676382381741,20.812122267176886,6.541026485551578,21.0,1,0.18787773282311448,20.812122267176886,20.5,21.5
2593.0,20.68893467634976,20.83505615689751,6.539913384178199,21.0,1,0.16494384310248833,20.83505615689751,20.5,21.5
2594.0,20.691104872091326,20.881079401972823,6.53879911009379,21.0,1,0.11892059802717725,20.881079401972823,20.5,21.5
2595.0,20.693274410938926,20.947299395531864,6.537683664146919,21.0,1,0.05270060446813574,20.947299395531864,20.5,21.5
2596.0,20.69544329278957,20.896413451574418,6.536567047187047,21.0,1,0.10358654842558224,20.896413451574418,20.5,21.5
2597.0,20.697611517540448,20.932531405803974,6.535449260064525,21.0,1,0.06746859419602558,20.932531405803974,20.5,21.5
2598.0,20.699779085088952,20.925390376660477,6.5343303036305995,21.0,1,0.07460962333952281,20.925390376660477,20.5,21.5
2599.0,20.70194599533266,20.932609995502784,6.533210178737401,21.0,1,0.06739000449721644,20.932609995502784,20.5,21.5
2600.0,20.70411224816934,20.96847196247412,6.532088886237956,21.0,1,0.03152803752588085,20.96847196247412,20.5,21.5
2601.0,20.706277843496956,20.99621151943399,6.5309664269861765,21.0,1,0.0037884805660084453,20.99621151943399,20.5,21.5
2602.0,20.708442781213655,20.917176178824885,6.529842801836864,21.0,1,0.08282382117511489,20.917176178824885,20.5,21.5
2603.0,20.71060706121778,20.95389807370058,6.528718011645708,21.0,1,0.046101926299421336,20.95389807370058,20.5,21.5
2604.0,20.712770683407864,20.940921552893432,6.527592057269285,21.0,1,0.05907844710656818,20.940921552893432,20.5,21.5
2605.0,20.71493364768264,20.842055750523464,6.526464939565058,21.0,1,0.15794424947653596,20.842055750523464,20.5,21.5
2606.0,20.717095953941016,20.86667366622843,6.525336659391377,21.0,1,0.13332633377157066,20.86667366622843,20.5,21.5
2607.0,20.719257602082106,20.930466391769034,6.524207217607476,21.0,1,0.06953360823096588,20.930466391769034,20.5,21.5
2608.0,20.72141859200521,20.907103019742486,6.5230766150734745,21.0,1,0.09289698025751392,20.907103019742486,20.5,21.5
2609.0,20.723578923609825,20.95228512328927,6.521944852650374,21.0,1,0.0477148767107316,20.95228512328927,20.5,21.5
2610.0,20.725738596795633,21.00122438232752,6.520811931200062,21.0,1,-0.0012243823275213117,21.00122438232752,20.5,21.5
2611.0,20.727897611462513,20.98040319910792,6.519677851585308,21.0,1,0.01959680089208149,20.98040319910792,20.5,21.5
2612.0,20.730055967510538,20.953965730195222,6.518542614669761,21.0,1,0.046034269804778205,20.953965730195222,20.5,21.5
2613.0,20.732213664839968,20.969201464599276,6.517406221317957,21.0,1,0.030798535400723637,20.969201464599276,20.5,21.5
2614.0,20.734370703351264,20.969267953752926,6.516268672395305,21.0,1,0.030732046247074152,20.969267953752926,20.5,21.5
2615.0,20.736527082945074,20.982067106468037,6.515129968768099,21.0,1,0.017932893531963146,20.982067106468037,20.5,21.5
2616.0,20.738682803522238,20.960449430974823,6.513990111303513,21.0,1,0.039550569025177396,20.960449430974823,20.5,21.5
2617.0,20.740837864983796,21.007136324932464,6.512849100869596,21.0,1,-0.007136324932464078,21.007136324932464,20.5,21.5
2618.0,20.742992267230974,20.907046642310128,6.51170693833528,21.0,1,0.09295335768987201,20.907046642310128,20.5,21.5
2619.0,20.745146010165197,20.869407448598192,6.510563624570367,21.0,1,0.1305925514018078,20.869407448598192,20.5,21.5
2620.0,20.747299093688078,20.89228412573081,6.509419160445544,21.0,1,0.10771587426918927,20.89228412573081,20.5,21.5
2621.0,20.74945151770143,20.88512763538801,6.508273546832369,21.0,1,0.11487236461199046,20.88512763538801,20.5,21.5
2622.0,20.751603282107258,20.82086750079695,6.507126784603276,21.0,1,0.17913249920304963,20.82086750079695,20.5,21.5
2623.0,20.753754386807756,20.850413297500946,6.505978874631575,21.0,1,0.14958670249905381,20.850413297500946,20.5,21.5
2624.0,20.755904831705323,20.879147968712537,6.50482981779145,21.0,1,0.12085203128746258,20.879147968712537,20.5,21.5
2625.0,20.75805461670254,20.873023439201553,6.503679614957955,21.0,1,0.12697656079844677,20.873023439201553,20.5,21.5
2626.0,20.760203741702192,20.919609925490004,6.502528267007023,21.0,1,0.08039007450999591,20.919609925490004,20.5,21.5
2627.0,20.762352206607254,20.948977353469004,6.501375774815453,21.0,1,0.05102264653099553,20.948977353469004,20.5,21.5
2628.0,20.764500011320894,21.05851600493445,6.500222139260918,21.0,1,-0.058516004934450194,21.05851600493445,20.5,21.5
2629.0,20.766647155746483,20.90783867989801,6.499067361221965,21.0,1,0.09216132010199019,20.90783867989801,20.5,21.5
2630.0,20.768793639787578,20.979753029867037,6.497911441578005,21.0,1,0.020246970132962616,20.979753029867037,20.5,21.5
2631.0,20.770939463347936,20.995446290139927,6.49675438120932,21.0,1,0.00455370986007253,20.995446290139927,20.5,21.5
2632.0,20.77308462633151,21.06848741215789,6.4955961809970635,21.0,1,-0.06848741215788934,21.06848741215789,20.5,21.5
2633.0,20.775229128642444,21.108149160963947,6.494436841823256,21.0,1,-0.10814916096394711,21.108149160963947,20.5,21.5
2634.0,20.77737297018508,21.250805325329914,6.493276364570782,21.0,1,-0.25080532532991384,21.250805325329914,20.5,21.5
2635.0,20.77951615086396,21.063861215696456,6.492114750123399,21.0,1,-0.06386121569645553,21.063861215696456,20.5,21.5
2636.0,20.78165867058381,20.973723491328194,6.490951999365724,21.0,1,0.026276508671806198,20.973723491328194,20.5,21.5
2637.0,20.783800529249564,21.004756156508826,6.489788113183245,21.0,1,-0.004756156508825882,21.004756156508826,20.5,21.5
2638.0,20.78594172676635,20.952245186840525,6.4886230924623085,21.0,1,0.04775481315947516,20.952245186840525,20.5,21.5
2639.0,20.788082263039488,20.836243983875224,6.48745693809013,21.0,1,0.16375601612477553,20.836243983875224,20.5,21.5
2640.0,20.7902221379745,20.94231244852426,6.486289650954789,21.0,1,0.05768755147574112,20.94231244852426,20.5,21.5
2641.0,20.792361351477094,21.09516811242485,6.4851212319452225,21.0,1,-0.0951681124248509,21.09516811242485,20.5,21.5
2642.0,20.794499903453186,21.066873119288278,6.483951681951233,21.0,1,-0.0668731192882781,21.066873119288278,20.5,21.5
2643.0,20.796637793808884,21.04968363159754,6.482781001863485,21.0,1,-0.049683631597538636,21.04968363159754,20.5,21.5
2644.0,20.798775022450496,21.181163700100644,6.4816091925735,21.0,1,-0.18116370010064387,21.181163700100644,20.5,21.5
2645.0,20.80091158928452,21.203978862889887,6.480436254973664,21.0,1,-0.20397886288988687,21.203978862889887,20.5,21.5
2646.0,20.803047494217658,21.104352278406093,6.47926218995722,21.0,1,-0.10435227840609329,21.104352278406093,20.5,21.5
2647.0,20.805182737156805,21.091290164803247,6.478086998418268,21.0,1,-0.09129016480324736,21.091290164803247,20.5,21.5
2648.0,20.80731731800906,21.075073838699225,6.476910681251768,21.0,1,-0.07507383869922535,21.075073838699225,20.5,21.5
2649.0,20.809451236681706,21.059138623631274,6.475733239353537,21.0,1,-0.059138623631273646,21.059138623631274,20.5,21.5
2650.0,20.81158449308224,21.030550417720466,6.474554673620248,21.0,1,-0.030550417720466072,21.030550417720466,20.5,21.5
2651.0,20.81371708711835,21.00076044704334,6.473374984949431,21.0,1,-0.0007604470433406618,21.00076044704334,20.5,21.5
2652.0,20.815849018697914,21.005010237405592,6.472194174239469,21.0,1,-0.005010237405592477,21.005010237405592,20.5,21.5
2653.0,20.81798028772902,21.01821327573522,6.471012242389601,21.0,1,-0.01821327573522069,21.01821327573522,20.5,21.5
2654.0,20.820110894119953,21.00000443306945,6.4698291902999205,21.0,1,-4.433069449305549e-06,21.00000443306945,20.5,21.5
2655.0,20.822240837779187,20.927666924804782,6.468645018871371,21.0,1,0.07233307519521759,20.927666924804782,20.5,21.5
2656.0,20.824370118615406,21.05727609072256,6.4674597290057525,21.0,1,-0.057276090722560014,21.05727609072256,20.5,21.5
2657.0,20.826498736537484,20.99583045183433,6.4662733216057156,21.0,1,0.004169548165670278,20.99583045183433,20.5,21.5
2658.0,20.8286266914545,20.94310410336396,6.4650857975747575,21.0,1,0.05689589663603911,20.94310410336396,20.5,21.5
2659.0,20.830753983275724,20.935240164042057,6.463897157817232,21.0,1,0.06475983595794332,20.935240164042057,20.5,21.5
2660.0,20.832880611910632,21.031221054249176,6.462707403238341,21.0,1,-0.031221054249176206,21.031221054249176,20.5,21.5
2661.0,20.835006577268896,20.999639601816376,6.461516534744132,21.0,1,0.0003603981836235448,20.999639601816376,20.5,21.5
2662.0,20.83713187926039,21.05395495812177,6.460324553241505,21.0,1,-0.05395495812177131,21.05395495812177,20.5,21.5
2663.0,20.839256517795185,21.041451777582566,6.459131459638204,21.0,1,-0.041451777582565796,21.041451777582566,20.5,21.5
2664.0,20.841380492783554,21.085285316607944,6.4579372548428235,21.0,1,-0.08528531660794414,21.085285316607944,20.5,21.5
2665.0,20.843503804135967,21.086145325080576,6.4567419397648,21.0,1,-0.08614532508057593,21.086145325080576,20.5,21.5
2666.0,20.845626451763092,20.982476887410424,6.455545515314421,21.0,1,0.017523112589575618,20.982476887410424,20.5,21.5
2667.0,20.847748435575802,20.900635306203693,6.454347982402814,21.0,1,0.09936469379630708,20.900635306203693,20.5,21.5
2668.0,20.849869755485166,20.915974635187915,6.453149341941952,21.0,1,0.084025364812085,20.915974635187915,20.5,21.5
2669.0,20.851990411402458,20.872348100323325,6.451949594844653,21.0,1,0.12765189967667467,20.872348100323325,20.5,21.5
2670.0,20.854110403239147,20.97573935029149,6.450748742024576,21.0,1,0.024260649708509163,20.97573935029149,20.5,21.5
2671.0,20.856229730906904,21.102513833669228,6.4495467843962215,21.0,1,-0.10251383366922795,21.102513833669228,20.5,21.5
2672.0,20.858348394317602,21.145462592955834,6.4483437228749345,21.0,1,-0.14546259295583397,21.145462592955834,20.5,21.5
2673.0,20.860466393383312,21.259171324719,6.447139558376899,21.0,1,-0.2591713247189986,21.259171324719,20.5,21.5
2674.0,20.86258372801631,21.212535952269626,6.445934291819137,21.0,1,-0.21253595226962574,21.212535952269626,20.5,21.5
2675.0,20.86470039812907,21.04393549048497,6.444727924119511,21.0,1,-0.043935490484969364,21.04393549048497,20.5,21.5
2676.0,20.866816403634267,20.975468864488157,6.443520456196724,21.0,1,0.02453113551184316,20.975468864488157,20.5,21.5
2677.0,20.86893174444478,20.994785087315545,6.442311888970316,21.0,1,0.005214912684454731,20.994785087315545,20.5,21.5
2678.0,20.871046420473686,21.00119654511241,6.4411022233606605,21.0,1,-0.0011965451124105186,21.00119654511241,20.5,21.5
2679.0,20.873160431634265,21.08953882894952,6.439891460288974,21.0,1,-0.08953882894952159,21.08953882894952,20.5,21.5
2680.0,20.875273777839997,21.21930053948459,6.438679600677303,21.0,1,-0.21930053948458905,21.21930053948459,20.5,21.5
2681.0,20.877386459004565,21.183325180889312,6.437466645448531,21.0,1,-0.18332518088931238,21.183325180889312,20.5,21.5
2682.0,20.879498475041853,21.233527941958055,6.436252595526378,21.0,1,-0.23352794195805515,21.233527941958055,20.5,21.5
2683.0,20.88160982586595,21.23845084522091,6.435037451835394,21.0,1,-0.23845084522091042,21.23845084522091,20.5,21.5
2684.0,20.883720511391143,21.178409566204465,6.4338212153009655,21.0,1,-0.1784095662044649,21.178409566204465,20.5,21.5
2685.0,20.885830531531926,21.0741736770959,6.432603886849309,21.0,1,-0.07417367709589939,21.0741736770959,20.5,21.5
2686.0,20.88793988620299,21.15309947496951,6.4313854674074715,21.0,1,-0.15309947496950826,21.15309947496951,20.5,21.5
2687.0,20.89004857531923,21.121200072088136,6.430165957903335,21.0,1,-0.12120007208813632,21.121200072088136,20.5,21.5
2688.0,20.892156598795747,21.021829609708202,6.428945359265606,21.0,1,-0.02182960970820247,21.021829609708202,20.5,21.5
2689.0,20.894263956547842,21.047239715202885,6.427723672423827,21.0,1,-0.047239715202884724,21.047239715202885,20.5,21.5
2690.0,20.89637064849102,20.938547805108943,6.426500898308364,21.0,1,0.06145219489105713,20.938547805108943,20.5,21.5
2691.0,20.898476674540984,20.8571694751714,6.425277037850411,21.0,1,0.14283052482860015,20.8571694751714,20.5,21.5
2692.0,20.900582034613645,20.879103226670892,6.424052091981993,21.0,1,0.12089677332910753,20.879103226670892,20.5,21.5
2693.0,20.90268672862512,20.942000127213817,6.422826061635959,21.0,1,0.05799987278618346,20.942000127213817,20.5,21.5
2694.0,20.90479075649172,20.97317081994886,6.421598947745984,21.0,1,0.02682918005114132,20.97317081994886,20.5,21.5
2695.0,20.906894118129973,21.107210075027822,6.420370751246571,21.0,1,-0.10721007502782243,21.107210075027822,20.5,21.5
2696.0,20.908996813456596,21.15630571580173,6.419141473073042,21.0,1,-0.1563057158017287,21.15630571580173,20.5,21.5
2697.0,20.91109884238852,21.162981343187546,6.417911114161547,21.0,1,-0.1629813431875462,21.162981343187546,20.5,21.5
2698.0,20.913200204842873,21.174442407071453,6.416679675449058,21.0,1,-0.17444240707145298,21.174442407071453,20.5,21.5
2699.0,20.915300900736995,21.21669365855882,6.415447157873368,21.0,1,-0.21669365855882106,21.21669365855882,20.5,21.5
2700.0,20.91740092998842,21.14904576156769,6.414213562373095,21.0,1,-0.14904576156769167,21.14904576156769,20.5,21.5
2701.0,20.919500292514897,21.2220396602032,6.412978889887674,21.0,1,-0.2220396602032011,21.2220396602032,20.5,21.5
2702.0,20.921598988234372,21.153645491189252,6.411743141357363,21.0,1,-0.15364549118925197,21.153645491189252,20.5,21.5
2703.0,20.923697017064995,21.183965975909253,6.410506317723236,21.0,1,-0.18396597590925268,21.183965975909253,20.5,21.5
2704.0,20.925794378925126,21.212201021504768,6.409268419927189,21.0,1,-0.21220102150476805,21.212201021504768,20.5,21.5
2705.0,20.927891073733328,21.28230883611412,6.408029448911936,21.0,1,-0.28230883611411883,21.28230883611412,20.5,21.5
2706.0,20.929987101408365,21.206617313899557,6.406789405621009,21.0,1,-0.20661731389955662,21.206617313899557,20.5,21.5
2707.0,20.932082461869207,21.26582050379541,6.40554829099875,21.0,1,-0.26582050379541045,21.26582050379541,20.5,21.5
2708.0,20.934177155035034,21.126160098403204,6.404306105990325,21.0,1,-0.1261600984032043,21.126160098403204,20.5,21.5
2709.0,20.936271180825226,21.06682185128315,6.403062851541712,21.0,1,-0.06682185128315155,21.06682185128315,20.5,21.5
2710.0,20.93836453915937,21.119778333645552,6.401818528599701,21.0,1,-0.11977833364555224,21.119778333645552,20.5,21.5
2711.0,20.940457229957257,21.141541972058967,6.400573138111902,21.0,1,-0.1415419720589668,21.141541972058967,20.5,21.5
2712.0,20.94254925313889,21.145489503249422,6.399326681026731,21.0,1,-0.14548950324942211,21.145489503249422,20.5,21.5
2713.0,20.944640608624468,21.276888084164778,6.39807915829342,21.0,1,-0.27688808416477784,21.276888084164778,20.5,21.5
2714.0,20.946731296334402,21.355128516254343,6.3968305708620115,21.0,1,-0.35512851625434294,21.355128516254343,20.5,21.5
2715.0,20.948821316189306,21.338642369884624,6.39558091968336,21.0,1,-0.3386423698846244,21.338642369884624,20.5,21.5
2716.0,20.950910668110005,21.354114642303117,6.394330205709129,21.0,1,-0.3541146423031165,21.354114642303117,20.5,21.5
2717.0,20.952999352017525,21.254173198976844,6.3930784298917915,21.0,1,-0.25417319897684365,21.254173198976844,20.5,21.5
2718.0,20.955087367833098,21.190299125107344,6.391825593184629,21.0,1,-0.19029912510734448,21.190299125107344,20.5,21.5
2719.0,20.957174715478168,21.180753554480333,6.390571696541731,21.0,1,-0.18075355448033292,21.180753554480333,20.5,21.5
2720.0,20.959261394874382,21.117334870829204,6.3893167409179945,21.0,1,-0.11733487082920391,21.117334870829204,20.5,21.5
2721.0,20.96134740594359,21.083391155316328,6.3880607272691226,21.0,1,-0.08339115531632757,21.083391155316328,20.5,21.5
2722.0,20.963432748607858,21.205784025979312,6.386803656551626,21.0,1,-0.20578402597931245,21.205784025979312,20.5,21.5
2723.0,20.965517422789446,21.290724701042887,6.385545529722817,21.0,1,-0.29072470104288684,21.290724701042887,20.5,21.5
2724.0,20.967601428410834,21.281241390129864,6.384286347740813,21.0,1,-0.28124139012986404,21.281241390129864,20.5,21.5
2725.0,20.9696847653947,21.32953878528673,6.383026111564539,21.0,1,-0.3295387852867293,21.32953878528673,20.5,21.5
2726.0,20.971767433663935,21.309815006190654,6.381764822153717,21.0,1,-0.3098150061906537,21.309815006190654,20.5,21.5
2727.0,20.973849433141634,21.267227849927387,6.3805024804688735,21.0,1,-0.26722784992738724,21.267227849927387,20.5,21.5
2728.0,20.975930763751098,21.22070378834575,6.3792390874713405,21.0,1,-0.22070378834575166,21.22070378834575,20.5,21.5
2729.0,20.978011425415843,21.234377816523494,6.377974644123242,21.0,1,-0.23437781652349443,21.234377816523494,20.5,21.5
2730.0,20.980091418059583,21.1866185586424,6.376709151387508,21.0,1,-0.18661855864240096,21.1866185586424,20.5,21.5
2731.0,20.98217074160625,21.190560075583246,6.375442610227868,21.0,1,-0.19056007558324595,21.190560075583246,20.5,21.5
2732.0,20.984249395979976,21.28118768492422,6.3741750216088455,21.0,1,-0.28118768492421964,21.28118768492422,20.5,21.5
2733.0,20.986327381105102,21.304534943068226,6.372906386495767,21.0,1,-0.3045349430682265,21.304534943068226,20.5,21.5
2734.0,20.98840469690618,21.224890961897877,6.371636705854753,21.0,1,-0.22489096189787716,21.224890961897877,20.5,21.5
2735.0,20.99048134330797,21.207192604731073,6.370365980652719,21.0,1,-0.20719260473107326,21.207192604731073,20.5,21.5
2736.0,20.992557320235438,21.28575377647788,6.3690942118573775,21.0,1,-0.28575377647787903,21.28575377647788,20.5,21.5
2737.0,20.99463262761376,21.210110873856998,6.367821400437236,21.0,1,-0.21011087385699767,21.210110873856998,20.5,21.5
2738.0,20.996707265368325,21.190653817269403,6.3665475473615984,21.0,1,-0.19065381726940345,21.190653817269403,20.5,21.5
2739.0,20.998781233424722,21.17760762143502,6.365272653600557,21.0,1,-0.17760762143501907,21.17760762143502,20.5,21.5
2740.0,21.000854531708757,21.172771373817362,6.363996720124997,21.0,1,-0.17277137381736196,21.172771373817362,20.5,21.5
2741.0,21.00292716014644,21.104686640559372,6.362719747906601,21.0,1,-0.10468664055937182,21.104686640559372,20.5,21.5
2742.0,21.004999118663992,21.18902250852495,6.361441737917836,21.0,1,-0.18902250852494973,21.18902250852495,20.5,21.5
2743.0,21.007070407187843,21.122155499078413,6.360162691131963,21.0,1,-0.1221554990784135,21.122155499078413,20.5,21.5
2744.0,21.00914102564463,21.234406737810705,6.358882608523032,21.0,1,-0.23440673781070487,21.234406737810705,20.5,21.5
2745.0,21.011210973961205,21.28424735359702,6.357601491065884,21.0,1,-0.2842473535970207,21.28424735359702,20.5,21.5
2746.0,21.013280252064625,21.30851528421428,6.3563193397361415,21.0,1,-0.3085152842142804,21.30851528421428,20.5,21.5
2747.0,21.01534885988216,21.215383644767467,6.35503615551022,21.0,1,-0.21538364476746708,21.215383644767467,20.5,21.5
2748.0,21.017416797341284,21.20474605876769,6.3537519393653215,21.0,1,-0.20474605876768948,21.20474605876769,20.5,21.5
2749.0,21.01948406436969,21.151196244938976,6.352466692279431,21.0,1,-0.15119624493897632,21.151196244938976,20.5,21.5
2750.0,21.021550660895272,21.17442885876217,6.351180415231321,21.0,1,-0.17442885876216963,21.17442885876217,20.5,21.5
2751.0,21.02361658684614,21.17630297093468,6.349893109200546,21.0,1,-0.17630297093468172,21.17630297093468,20.5,21.5
2752.0,21.02568184215061,21.19101580540226,6.348604775167447,21.0,1,-0.19101580540225882,21.19101580540226,20.5,21.5
2753.0,21.027746426737213,21.247010441902034,6.347315414113146,21.0,1,-0.24701044190203447,21.247010441902034,20.5,21.5
2754.0,21.029810340534688,21.2313186686113,6.346025027019547,21.0,1,-0.23131866861130135,21.2313186686113,20.5,21.5
2755.0,21.031873583471985,21.09440225651581,6.344733614869336,21.0,1,-0.09440225651581002,21.09440225651581,20.5,21.5
2756.0,21.033936155478266,20.986825303100375,6.343441178645981,21.0,1,0.01317469689962536,20.986825303100375,20.5,21.5
2757.0,21.0359980564829,21.046844777200764,6.342147719333726,21.0,1,-0.0468447772007643,21.046844777200764,20.5,21.5
2758.0,21.038059286415468,21.058409517690144,6.340853237917599,21.0,1,-0.05840951769014424,21.058409517690144,20.5,21.5
2759.0,21.04011984520577,21.05299220517723,6.339557735383401,21.0,1,-0.05299220517722958,21.05299220517723,20.5,21.5
2760.0,21.042179732783804,21.18528067058285,6.3382612127177165,21.0,1,-0.18528067058284847,21.18528067058285,20.5,21.5
2761.0,21.04423894907979,21.32993670105533,6.3369636709079025,21.0,1,-0.3299367010553311,21.32993670105533,20.5,21.5
2762.0,21.046297494024156,21.280470764343143,6.335665110942093,21.0,1,-0.2804707643431428,21.280470764343143,20.5,21.5
2763.0,21.04835536754754,21.25873179720392,6.3343655338091995,21.0,1,-0.2587317972039216,21.25873179720392,20.5,21.5
2764.0,21.050412569580793,21.26983733940157,6.333064940498905,21.0,1,-0.26983733940156895,21.26983733940157,20.5,21.5
2765.0,21.052469100054978,21.24893606657643,6.331763332001668,21.0,1,-0.2489360665764302,21.24893606657643,20.5,21.5
2766.0,21.054524958901368,21.211249756303957,6.330460709308721,21.0,1,-0.21124975630395681,21.211249756303957,20.5,21.5
2767.0,21.05658014605145,21.216384976908593,6.329157073412068,21.0,1,-0.21638497690859282,21.216384976908593,20.5,21.5
2768.0,21.05863466143692,21.174800966948006,6.327852425304483,21.0,1,-0.1748009669480055,21.174800966948006,20.5,21.5
2769.0,21.06068850498969,21.161391739794105,6.326546765979514,21.0,1,-0.16139173979410515,21.161391739794105,20.5,21.5
2770.0,21.06274167664189,21.129382491991105,6.325240096431475,21.0,1,-0.1293824919911053,21.129382491991105,20.5,21.5
2771.0,21.064794176325847,21.1247944726066,6.323932417655453,21.0,1,-0.12479447260659882,21.1247944726066,20.5,21.5
2772.0,21.066846003974113,21.09738158253837,6.3226237306473045,21.0,1,-0.0973815825383717,21.09738158253837,20.5,21.5
2773.0,21.068897159519448,21.133519624733545,6.321314036403647,21.0,1,-0.13351962473354462,21.133519624733545,20.5,21.5
2774.0,21.070947642894826,21.039744436710972,6.320003335921873,21.0,1,-0.03974443671097205,21.039744436710972,20.5,21.5
2775.0,21.07299745403343,21.06251926418779,6.318691630200138,21.0,1,-0.06251926418779163,21.06251926418779,20.5,21.5
2776.0,21.075046592868663,21.129240839718257,6.317378920237361,21.0,1,-0.12924083971825695,21.129240839718257,20.5,21.5
2777.0,21.077095059334138,21.1279811757886,6.316065207033229,21.0,1,-0.12798117578860158,21.1279811757886,20.5,21.5
2778.0,21.079142853363678,21.172874013395322,6.3147504915881925,21.0,1,-0.17287401339532238,21.172874013395322,20.5,21.5
2779.0,21.081189974891323,21.273325187383126,6.313434774903462,21.0,1,-0.2733251873831257,21.273325187383126,20.5,21.5
2780.0,21.083236423851325,21.360952795638536,6.3121180579810146,21.0,1,-0.36095279563853566,21.360952795638536,20.5,21.5
2781.0,21.085282200178153,21.25839841163714,6.310800341823588,21.0,1,-0.2583984116371383,21.25839841163714,20.5,21.5
2782.0,21.087327303806482,21.299773728540682,6.30948162743468,21.0,1,-0.29977372854068207,21.299773728540682,20.5,21.5
2783.0,21.089371734671207,21.212141978509745,6.308161915818548,21.0,1,-0.21214197850974514,21.212141978509745,20.5,21.5
2784.0,21.091415492707437,21.160371522565093,6.306841207980211,21.0,1,-0.16037152256509302,21.160371522565093,20.5,21.5
2785.0,21.09345857785049,21.111335921045608,6.305519504925446,21.0,1,-0.11133592104560819,21.111335921045608,20.5,21.5
2786.0,21.095500990035905,21.152804776192987,6.304196807660784,21.0,1,-0.15280477619298694,21.152804776192987,20.5,21.5
2787.0,21.09754272919943,21.173492248634506,6.302873117193521,21.0,1,-0.1734922486345063,21.173492248634506,20.5,21.5
2788.0,21.099583795277027,21.33546967787983,6.301548434531702,21.0,1,-0.3354696778798285,21.33546967787983,20.5,21.5
2789.0,21.101624188204877,21.473808466792057,6.300222760684132,21.0,1,-0.47380846679205746,21.473808466792057,20.5,21.5
2790.0,21.103663907919373,21.562063345853097,6.298896096660368,21.0,0,-0.5620633458530975,21.562063345853097,20.5,21.5
2791.0,21.10070295435712,21.648914552639493,6.297568443470722,21.0,0,-0.6489145526394928,21.648914552639493,20.5,21.5
2792.0,21.097742327454945,21.613124052902503,6.296239802126262,21.0,0,-0.6131240529025028,21.613124052902503,20.5,21.5
2793.0,21.09478202694988,21.601206798098282,6.294910173638804,21.0,0,-0.601206798098282,21.601206798098282,20.5,21.5
2794.0,21.091822052579218,21.43485926610248,6.29357955902092,21.0,0,-0.4348592661024817,21.43485926610248,20.5,21.5
2795.0,21.088862404080505,21.37545660432545,6.292247959285929,21.0,0,-0.3754566043254499,21.37545660432545,20.5,21.5
2796.0,21.085903081191546,21.27894495547804,6.290915375447901,21.0,0,-0.278944955478039,21.27894495547804,20.5,21.5
2797.0,21.082944083650396,21.302149510882607,6.28958180852166,21.0,0,-0.30214951088260733,21.302149510882607,20.5,21.5
2798.0,21.07998541119537,21.28174809392953,6.288247259522773,21.0,0,-0.2817480939295294,21.28174809392953,20.5,21.5
2799.0,21.077027063565037,21.324651543587777,6.286911729467557,21.0,0,-0.3246515435877768,21.324651543587777,20.5,21.5
2800.0,21.074069040498216,21.314431694579472,6.285575219373079,21.0,0,-0.31443169457947207,21.314431694579472,20.5,21.5
2801.0,21.071111341733992,21.35673249583644,6.284237730257146,21.0,0,-0.3567324958364395,21.35673249583644,20.5,21.5
2802.0,21.068153967011696,21.31672745816065,6.282899263138316,21.0,0,-0.3167274581606492,21.31672745816065,20.5,21.5
2803.0,21.06519691607092,21.19126282033173,6.2815598190358894,21.0,0,-0.1912628203317297,21.19126282033173,20.5,21.5
2804.0,21.062240188651515,21.255656892173985,6.280219398969911,21.0,0,-0.2556568921739846,21.255656892173985,20.5,21.5
2805.0,21.05928378449358,21.27753061568066,6.27887800396117,21.0,0,-0.27753061568066073,21.27753061568066,20.5,21.5
2806.0,21.056327703337473,21.284133101915707,6.277535635031196,21.0,0,-0.28413310191570673,21.284133101915707,20.5,21.5
2807.0,21.05337194492381,21.361965699570387,6.276192293202261,21.0,0,-0.36196569957038705,21.361965699570387,20.5,21.5
2808.0,21.050416508993465,21.459388892188663,6.2748479794973795,21.0,0,-0.4593888921886631,21.459388892188663,20.5,21.5
2809.0,21.047461395287566,21.465923076650064,6.273502694940304,21.0,0,-0.46592307665006416,21.465923076650064,20.5,21.5
2810.0,21.044506603547497,21.419758217728827,6.272156440555528,21.0,0,-0.4197582177288268,21.419758217728827,20.5,21.5
2811.0,21.041552133514898,21.357564871727522,6.270809217368282,21.0,0,-0.35756487172752216,21.357564871727522,20.5,21.5
2812.0,21.03859798493167,21.30467613429294,6.269461026404536,21.0,0,-0.30467613429294005,21.30467613429294,20.5,21.5
2813.0,21.035644157539963,21.32375675330163,6.268111868690994,21.0,0,-0.32375675330163034,21.32375675330163,20.5,21.5
2814.0,21.03269065108219,21.213914343973936,6.266761745255101,21.0,0,-0.21391434397393638,21.213914343973936,20.5,21.5
2815.0,21.029737465301025,21.165349087020893,6.265410657125033,21.0,0,-0.16534908702089268,21.165349087020893,20.5,21.5
2816.0,21.02678459993939,21.127860752531717,6.264058605329702,21.0,0,-0.12786075253171703,21.127860752531717,20.5,21.5
2817.0,21.023832054740467,21.113340729701758,6.262705590898756,21.0,0,-0.11334072970175768,21.113340729701758,20.5,21.5
2818.0,21.020879829447697,21.034124672888048,6.261351614862573,21.0,0,-0.03412467288804777,21.034124672888048,20.5,21.5
2819.0,21.01792792380478,21.06470935181169,6.259996678252264,21.0,0,-0.06470935181168969,21.06470935181169,20.5,21.5
2820.0,21.01497633755567,20.992135313654813,6.258640782099675,21.0,0,0.007864686345186556,20.992135313654813,20.5,21.5
2821.0,21.01202507044458,21.089228317390898,6.257283927437378,21.0,0,-0.08922831739089787,21.089228317390898,20.5,21.5
2822.0,21.009074122215978,21.061399278495287,6.255926115298676,21.0,0,-0.061399278495287035,21.061399278495287,20.5,21.5
2823.0,21.006123492614595,21.104017571824613,6.254567346717604,21.0,0,-0.10401757182461324,21.104017571824613,20.5,21.5
2824.0,21.003173181385417,21.122503362582183,6.2532076227289215,21.0,0,-0.12250336258218297,21.122503362582183,20.5,21.5
2825.0,21.000223188273687,21.179959884667547,6.251846944368118,21.0,0,-0.17995988466754653,21.179959884667547,20.5,21.5
2826.0,20.997273513024904,21.19833355021695,6.25048531267141,21.0,0,-0.19833355021695098,21.19833355021695,20.5,21.5
2827.0,20.994324155384835,21.22120992158221,6.249122728675739,21.0,0,-0.22120992158221142,21.22120992158221,20.5,21.5
2828.0,20.991375115099494,21.21168174265545,6.247759193418773,21.0,0,-0.21168174265545048,21.21168174265545,20.5,21.5
2829.0,20.98842639191516,21.219301939903232,6.246394707938901,21.0,0,-0.21930193990323232,21.219301939903232,20.5,21.5
2830.0,20.985477985578363,21.250950525299395,6.2450292732752395,21.0,0,-0.25095052529939466,21.250950525299395,20.5,21.5
2831.0,20.982529895835903,21.165386181868183,6.2436628904676255,21.0,0,-0.16538618186818255,21.165386181868183,20.5,21.5
2832.0,20.97958212243483,21.161818035224528,6.24229556055662,21.0,0,-0.16181803522452753,21.161818035224528,20.5,21.5
2833.0,20.976634665122454,21.150122459972142,6.240927284583505,21.0,0,-0.1501224599721418,21.150122459972142,20.5,21.5
2834.0,20.973687523646348,21.201182042073587,6.23955806359028,21.0,0,-0.2011820420735866,21.201182042073587,20.5,21.5
2835.0,20.970740697754337,21.280473216859328,6.238187898619668,21.0,0,-0.2804732168593276,21.280473216859328,20.5,21.5
2836.0,20.96779418719451,21.30246478681103,6.236816790715109,21.0,0,-0.3024647868110293,21.30246478681103,20.5,21.5
2837.0,20.964847991715214,21.27725176067351,6.23544474092076,21.0,0,-0.2772517606735114,21.27725176067351,20.5,21.5
2838.0,20.961902111065054,21.23528861358,6.2340717502814975,21.0,0,-0.23528861357999986,21.23528861358,20.5,21.5
2839.0,20.958956544992898,21.282377642838533,6.2326978198429135,21.0,0,-0.28237764283853295,21.282377642838533,20.5,21.5
2840.0,20.95601129324787,21.205178620324368,6.231322950651316,21.0,0,-0.20517862032436796,21.205178620324368,20.5,21.5
2841.0,20.95306635557935,21.203736194795006,6.229947143753729,21.0,0,-0.20373619479500604,21.203736194795006,20.5,21.5
2842.0,20.950121731736985,21.296107621646012,6.228570400197886,21.0,0,-0.2961076216460121,21.296107621646012,20.5,21.5
2843.0,20.947177421470677,21.386758165993285,6.227192721032241,21.0,0,-0.3867581659932853,21.386758165993285,20.5,21.5
2844.0,20.94423342453059,21.28971364123921,6.225814107305954,21.0,0,-0.28971364123921006,21.28971364123921,20.5,21.5
2845.0,20.941289740667145,21.286920638223826,6.224434560068899,21.0,0,-0.2869206382238261,21.286920638223826,20.5,21.5
2846.0,20.938346369631024,21.308061693426872,6.2230540803716625,21.0,0,-0.30806169342687184,21.308061693426872,20.5,21.5
2847.0,20.93540331117317,21.25271920950942,6.22167266926554,21.0,0,-0.2527192095094186,21.25271920950942,20.5,21.5
2848.0,20.93246056504479,21.215688944155097,6.220290327802536,21.0,0,-0.21568894415509732,21.215688944155097,20.5,21.5
2849.0,20.92951813099734,21.215687439952077,6.218907057035362,21.0,0,-0.2156874399520774,21.215687439952077,20.5,21.5
2850.0,20.926576008782547,21.210774913728503,6.217522858017442,21.0,0,-0.21077491372850332,21.210774913728503,20.5,21.5
2851.0,20.923634198152396,21.18309825381459,6.216137731802901,21.0,0,-0.18309825381459177,21.18309825381459,20.5,21.5
2852.0,20.920692698859124,21.20403289395525,6.214751679446573,21.0,0,-0.20403289395525093,21.20403289395525,20.5,21.5
2853.0,20.917751510655243,21.15323673795883,6.213364702003999,21.0,0,-0.15323673795883153,21.15323673795883,20.5,21.5
2854.0,20.914810633293513,21.160553721450626,6.211976800531422,21.0,0,-0.16055372145062563,21.160553721450626,20.5,21.5
2855.0,20.911870066526962,21.199085493210916,6.210587976085789,21.0,0,-0.19908549321091584,21.199085493210916,20.5,21.5
2856.0,20.908929810108873,21.180798076184143,6.20919822972475,21.0,0,-0.1807980761841428,21.180798076184143,20.5,21.5
2857.0,20.905989863792797,21.17633028250716,6.207807562506657,21.0,0,-0.1763302825071591,21.17633028250716,20.5,21.5
2858.0,20.90305022733254,21.034812985912986,6.2064159754905655,21.0,0,-0.03481298591298554,21.034812985912986,20.5,21.5
2859.0,20.900110900482172,20.995413591985585,6.2050234697362265,21.0,0,0.0045864080144149,20.995413591985585,20.5,21.5
2860.0,20.897171882996023,20.865801775698806,6.203630046304096,21.0,0,0.1341982243011941,20.865801775698806,20.5,21.5
2861.0,20.894233174628685,20.832445946009997,6.202235706255328,21.0,0,0.16755405399000267,20.832445946009997,20.5,21.5
2862.0,20.89129477513501,20.782896292844374,6.200840450651768,21.0,0,0.21710370715562632,20.782896292844374,20.5,21.5
2863.0,20.88835668427011,20.913823355236392,6.199444280555968,21.0,0,0.08617664476360787,20.913823355236392,20.5,21.5
2864.0,20.885418901789368,20.805296278896606,6.198047197031172,21.0,0,0.1947037211033944,20.805296278896606,20.5,21.5
2865.0,20.882481427448415,20.956741782100558,6.196649201141318,21.0,0,0.043258217899442286,20.956741782100558,20.5,21.5
2866.0,20.879544261003154,20.906078087191485,6.195250293951043,21.0,0,0.09392191280851492,20.906078087191485,20.5,21.5
2867.0,20.876607402209743,20.848111794955418,6.193850476525673,21.0,0,0.15188820504458178,20.848111794955418,20.5,21.5
2868.0,20.873670850824606,20.838021901261403,6.192449749931232,21.0,0,0.16197809873859725,20.838021901261403,20.5,21.5
2869.0,20.870734606604426,21.008481653773202,6.191048115234433,21.0,0,-0.008481653773202424,21.008481653773202,20.5,21.5
2870.0,20.86779866930615,20.997124908198163,6.189645573502682,21.0,0,0.00287509180183676,20.997124908198163,20.5,21.5
2871.0,20.86486303868699,20.928026754035606,6.188242125804077,21.0,0,0.07197324596439358,20.928026754035606,20.5,21.5
2872.0,20.861927714504414,21.04781123951914,6.186837773207403,21.0,0,-0.04781123951914168,21.04781123951914,20.5,21.5
2873.0,20.858992696516154,21.08393943235253,6.185432516782136,21.0,0,-0.08393943235252976,21.08393943235253,20.5,21.5
2874.0,20.856057984480206,21.138712984863083,6.184026357598439,21.0,0,-0.13871298486308348,21.138712984863083,20.5,21.5
2875.0,20.85312357815483,21.1852231340923,6.1826192967271645,21.0,0,-0.1852231340923005,21.1852231340923,20.5,21.5
2876.0,20.850189477298542,21.29915174840204,6.18121133523985,21.0,0,-0.2991517484020392,21.29915174840204,20.5,21.5
2877.0,20.84725568167013,21.212152594385497,6.179802474208722,21.0,0,-0.21215259438549694,21.212152594385497,20.5,21.5
2878.0,20.84432219102864,21.159384878561657,6.178392714706685,21.0,0,-0.1593848785616565,21.159384878561657,20.5,21.5
2879.0,20.841389005133372,21.111876809458785,6.176982057807334,21.0,0,-0.11187680945878498,21.111876809458785,20.5,21.5
2880.0,20.838456123743907,20.993537524173583,6.175570504584947,21.0,0,0.0064624758264173465,20.993537524173583,20.5,21.5
2881.0,20.835523546620074,21.06202860194622,6.174158056114481,21.0,0,-0.06202860194622062,21.06202860194622,20.5,21.5
2882.0,20.832591273521974,20.98631665345095,6.1727447134715785,21.0,0,0.013683346549051123,20.98631665345095,20.5,21.5
2883.0,20.829659304209965,20.989285068272004,6.171330477732562,21.0,0,0.010714931727996202,20.989285068272004,20.5,21.5
2884.0,20.82672763844467,20.894453009660744,6.169915349974431,21.0,0,0.1055469903392563,20.894453009660744,20.5,21.5
2885.0,20.823796275986975,20.842472858337928,6.168499331274869,21.0,0,0.15752714166207227,20.842472858337928,20.5,21.5
2886.0,20.820865216598033,20.79684137940831,6.167082422712235,21.0,0,0.2031586205916902,20.79684137940831,20.5,21.5
2887.0,20.817934460039258,20.944784067406815,6.165664625365567,21.0,0,0.05521593259318536,20.944784067406815,20.5,21.5
2888.0,20.81500400607232,20.957660087302873,6.164245940314579,21.0,0,0.04233991269712689,20.957660087302873,20.5,21.5
2889.0,20.812073854459168,20.99582113895687,6.162826368639662,21.0,0,0.0041788610431297,20.99582113895687,20.5,21.5
2890.0,20.809144004962004,21.09698617639939,6.1614059114218795,21.0,0,-0.09698617639939044,21.09698617639939,20.5,21.5
2891.0,20.806214457343295,21.015375686494323,6.159984569742974,21.0,0,-0.015375686494323304,21.015375686494323,20.5,21.5
2892.0,20.803285211365775,20.959600136294156,6.1585623446853575,21.0,0,0.040399863705843586,20.959600136294156,20.5,21.5
2893.0,20.800356266792438,21.026410760403603,6.157139237332117,21.0,0,-0.02641076040360346,21.026410760403603,20.5,21.5
2894.0,20.797427623386547,21.06907566736539,6.155715248767011,21.0,0,-0.06907566736538939,21.06907566736539,20.5,21.5
2895.0,20.794499280911623,20.99947235240258,6.1542903800744675,21.0,0,0.0005276475974191897,20.99947235240258,20.5,21.5
2896.0,20.791571239131457,21.054662756742623,6.152864632339586,21.0,0,-0.054662756742622776,21.054662756742623,20.5,21.5
2897.0,20.7886434978101,21.157535939317917,6.151438006648138,21.0,0,-0.15753593931791698,21.157535939317917,20.5,21.5
2898.0,20.785716056711866,21.19132218573005,6.1500105040865565,21.0,0,-0.19132218573005133,21.19132218573005,20.5,21.5
2899.0,20.78278891560134,21.12457055668905,6.148582125741951,21.0,0,-0.1245705566890507,21.12457055668905,20.5,21.5
2900.0,20.77986207424337,21.179430170854427,6.147152872702093,21.0,0,-0.17943017085442747,21.179430170854427,20.5,21.5
2901.0,20.77693553240306,21.23539788040756,6.1457227460554185,21.0,0,-0.23539788040756093,21.23539788040756,20.5,21.5
2902.0,20.77400928984579,21.14612676912232,6.1442917468910325,21.0,0,-0.14612676912231848,21.14612676912232,20.5,21.5
2903.0,20.7710833463372,21.111455293122468,6.1428598762987034,21.0,0,-0.11145529312246794,21.111455293122468,20.5,21.5
2904.0,20.768157701643194,21.110703063942566,6.141427135368863,21.0,0,-0.1107030639425659,21.110703063942566,20.5,21.5
2905.0,20.76523235552994,21.024504736504632,6.139993525192606,21.0,0,-0.024504736504631808,21.024504736504632,20.5,21.5
2906.0,20.762307307763873,20.928306775304506,6.138559046861689,21.0,0,0.071693224695494,20.928306775304506,20.5,21.5
2907.0,20.759382558111692,20.890013466191967,6.1371237014685285,21.0,0,0.10998653380803347,20.890013466191967,20.5,21.5
2908.0,20.756458106340364,20.870498410069402,6.135687490106202,21.0,0,0.12950158993059802,20.870498410069402,20.5,21.5
2909.0,20.75353395221712,20.892169434888704,6.1342504138684495,21.0,0,0.1078305651112963,20.892169434888704,20.5,21.5
2910.0,20.750610095509447,20.93304166970277,6.1328124738496665,21.0,0,0.0669583302972292,20.93304166970277,20.5,21.5
2911.0,20.747686535985114,20.98420680639685,6.131373671144904,21.0,0,0.01579319360315168,20.98420680639685,20.5,21.5
2912.0,20.744763273412147,20.915095414004412,6.129934006849876,21.0,0,0.08490458599558792,20.915095414004412,20.5,21.5
2913.0,20.741840307558835,21.007619805871805,6.128493482060948,21.0,0,-0.0076198058718048856,21.007619805871805,20.5,21.5
2914.0,20.738917638193737,20.994458415190778,6.1270520978751435,21.0,0,0.0055415848092224,20.994458415190778,20.5,21.5
2915.0,20.735995265085673,20.986675946683476,6.125609855390136,21.0,0,0.013324053316523532,20.986675946683476,20.5,21.5
2916.0,20.733073188003733,21.029488470794952,6.124166755704262,21.0,0,-0.029488470794952093,21.029488470794952,20.5,21.5
2917.0,20.730151406717273,21.156607566529715,6.122722799916499,21.0,0,-0.15660756652971486,21.156607566529715,20.5,21.5
2918.0,20.727229920995914,21.018668206754196,6.121277989126483,21.0,0,-0.018668206754195893,21.018668206754196,20.5,21.5
2919.0,20.72430873060954,21.10260019064389,6.119832324434503,21.0,0,-0.1026001906438907,21.10260019064389,20.5,21.5
2920.0,20.721387835328304,21.175961279368533,6.118385806941494,21.0,0,-0.17596127936853279,21.175961279368533,20.5,21.5
2921.0,20.718467234922628,21.16688345295676,6.116938437749042,21.0,0,-0.16688345295676044,21.16688345295676,20.5,21.5
2922.0,20.715546929163192,21.045970139891754,6.115490217959381,21.0,0,-0.0459701398917538,21.045970139891754,20.5,21.5
2923.0,20.712626917820952,21.028896525145036,6.114041148675394,21.0,0,-0.028896525145036378,21.028896525145036,20.5,21.5
2924.0,20.709707200667122,20.915556560038713,6.112591231000609,21.0,0,0.08444343996128723,20.915556560038713,20.5,21.5
2925.0,20.70678777747319,20.89496236347157,6.111140466039204,21.0,0,0.10503763652842935,20.89496236347157,20.5,21.5
2926.0,20.7038686480109,20.836993254081204,6.109688854895999,21.0,0,0.16300674591879627,20.836993254081204,20.5,21.5
2927.0,20.700949812052276,20.848826653616133,6.108236398676458,21.0,0,0.15117334638386737,20.848826653616133,20.5,21.5
2928.0,20.6980312693696,20.836412582326012,6.106783098486688,21.0,0,0.16358741767398755,20.836412582326012,20.5,21.5
2929.0,20.695113019735423,20.73187144101441,6.105328955433444,21.0,0,0.26812855898559107,20.73187144101441,20.5,21.5
2930.0,20.69219506292256,20.6484857084344,6.103873970624116,21.0,0,0.3515142915656,20.6484857084344,20.5,21.5
2931.0,20.689277398704103,20.57959664058971,6.10241814516674,21.0,0,0.4204033594102903,20.57959664058971,20.5,21.5
2932.0,20.686360026853396,20.575522852694444,6.100961480169992,21.0,0,0.42447714730555575,20.575522852694444,20.5,21.5
2933.0,20.68344294714406,20.60667592077918,6.099503976743182,21.0,0,0.3933240792208217,20.60667592077918,20.5,21.5
2934.0,20.680526159349977,20.779544419874696,6.098045635996264,21.0,0,0.22045558012530364,20.779544419874696,20.5,21.5
2935.0,20.677609663245306,20.91135231798782,6.096586459039828,21.0,0,0.08864768201217998,20.91135231798782,20.5,21.5
2936.0,20.674693458604466,21.05183123721172,6.0951264469851,21.0,0,-0.05183123721171867,21.05183123721172,20.5,21.5
2937.0,20.671777545202144,21.064257666011105,6.093665600943944,21.0,0,-0.06425766601110539,21.064257666011105,20.5,21.5
2938.0,20.668861922813292,20.96488050081968,6.092203922028858,21.0,0,0.035119499180318314,20.96488050081968,20.5,21.5
2939.0,20.665946591213135,20.897015726354258,6.0907414113529725,21.0,0,0.10298427364574181,20.897015726354258,20.5,21.5
2940.0,20.663031550177163,20.860313904993625,6.089278070030055,21.0,0,0.1396860950063754,20.860313904993625,20.5,21.5
2941.0,20.660116799481134,20.84037929576156,6.0878138991745,21.0,0,0.15962070423843855,20.84037929576156,20.5,21.5
2942.0,20.657202338901072,20.896854910154353,6.086348899901341,21.0,0,0.10314508984564696,20.896854910154353,20.5,21.5
2943.0,20.654288168213274,21.030546499124927,6.084883073326238,21.0,0,-0.03054649912492735,21.030546499124927,20.5,21.5
2944.0,20.651374287194297,21.125532875483607,6.08341642056548,21.0,0,-0.12553287548360714,21.125532875483607,20.5,21.5
2945.0,20.648460695620972,21.036131605092912,6.081948942735988,21.0,0,-0.03613160509291191,21.036131605092912,20.5,21.5
2946.0,20.645547393270395,20.89481258936309,6.08048064095531,21.0,0,0.1051874106369084,20.89481258936309,20.5,21.5
2947.0,20.642634379919933,20.88167086411665,6.079011516341621,21.0,0,0.11832913588335003,20.88167086411665,20.5,21.5
2948.0,20.639721655347216,20.794873996241762,6.077541570013725,21.0,0,0.20512600375823808,20.794873996241762,20.5,21.5
2949.0,20.63680921933015,20.859175185979275,6.076070803091051,21.0,0,0.1408248140207249,20.859175185979275,20.5,21.5
2950.0,20.633897071646903,20.883491338286582,6.074599216693648,21.0,0,0.1165086617134179,20.883491338286582,20.5,21.5
2951.0,20.630985212075913,20.973596548123915,6.0731268119421955,21.0,0,0.02640345187608517,20.973596548123915,20.5,21.5
2952.0,20.628073640395886,20.964552493707284,6.071653589957993,21.0,0,0.03544750629271576,20.964552493707284,20.5,21.5
2953.0,20.625162356385797,20.976736536518622,6.070179551862965,21.0,0,0.023263463481377755,20.976736536518622,20.5,21.5
2954.0,20.622251359824894,20.902593126135947,6.068704698779653,21.0,0,0.09740687386405256,20.902593126135947,20.5,21.5
2955.0,20.619340650492685,20.89904900920234,6.067229031831223,21.0,0,0.10095099079766001,20.89904900920234,20.5,21.5
2956.0,20.61643022816895,20.93771830139622,6.06575255214146,21.0,0,0.062281698603779745,20.93771830139622,20.5,21.5
2957.0,20.613520092633745,20.97679413304407,6.0642752608347665,21.0,0,0.023205866955930077,20.97679413304407,20.5,21.5
2958.0,20.610610243667384,21.01117995298579,6.062797159036165,21.0,0,-0.011179952985788333,21.01117995298579,20.5,21.5
2959.0,20.607700681050456,20.878289739608796,6.061318247871295,21.0,0,0.12171026039120392,20.878289739608796,20.5,21.5
2960.0,20.60479140456382,20.841519285345974,6.059838528466411,21.0,0,0.1584807146540257,20.841519285345974,20.5,21.5
2961.0,20.6018824139886,20.78418345174028,6.058358001948381,21.0,0,0.21581654825972052,20.78418345174028,20.5,21.5
2962.0,20.598973709106193,20.739561594572596,6.056876669444694,21.0,0,0.26043840542740426,20.739561594572596,20.5,21.5
2963.0,20.59606528969826,20.774960868071858,6.055394532083449,21.0,0,0.22503913192814196,20.774960868071858,20.5,21.5
2964.0,20.593157155546738,20.76936855312054,6.053911590993355,21.0,0,0.23063144687946036,20.76936855312054,20.5,21.5
2965.0,20.590249306433826,20.786333841697918,6.05242784730374,21.0,0,0.21366615830208247,20.786333841697918,20.5,21.5
2966.0,20.587341742142,20.818046582270092,6.050943302144536,21.0,0,0.18195341772990758,20.818046582270092,20.5,21.5
2967.0,20.584434462454002,20.757971652933897,6.04945795664629,21.0,0,0.24202834706610332,20.757971652933897,20.5,21.5
2968.0,20.581527467152842,20.66477824901462,6.047971811940158,21.0,0,0.33522175098537943,20.66477824901462,20.5,21.5
2969.0,20.5786207560218,20.622586405414715,6.046484869157903,21.0,0,0.3774135945852848,20.622586405414715,20.5,21.5
2970.0,20.575714328844427,20.60381026118615,6.044997129431897,21.0,0,0.3961897388138489,20.60381026118615,20.5,21.5
2971.0,20.572808185404543,20.59919762131849,6.043508593895119,21.0,0,0.4008023786815116,20.59919762131849,20.5,21.5
2972.0,20.569902325486243,20.604053796461464,6.042019263681153,21.0,0,0.3959462035385357,20.604053796461464,20.5,21.5
2973.0,20.566996748873883,20.66860522172727,6.040529139924188,21.0,0,0.3313947782727311,20.66860522172727,20.5,21.5
2974.0,20.564091455352095,20.767045121631337,6.039038223759018,21.0,0,0.23295487836866258,20.767045121631337,20.5,21.5
2975.0,20.561186444705776,20.674843207916595,6.037546516321043,21.0,0,0.32515679208340487,20.674843207916595,20.5,21.5
2976.0,20.5582817167201,20.56955308785051,6.0360540187462615,21.0,0,0.43044691214948827,20.56955308785051,20.5,21.5
2977.0,20.555377271180504,20.596966706337305,6.034560732171273,21.0,0,0.4030332936626948,20.596966706337305,20.5,21.5
2978.0,20.552473107872704,20.500258068771814,6.033066657733284,21.0,0,0.49974193122818633,20.500258068771814,20.5,21.5
2979.0,20.549569226582676,20.506978235509486,6.031571796570095,21.0,0,0.49302176449051416,20.506978235509486,20.5,21.5
2980.0,20.546665627096672,20.623905456255123,6.030076149820108,21.0,0,0.37609454374487683,20.623905456255123,20.5,21.5
2981.0,20.543762309201217,20.718694117741215,6.028579718622324,21.0,0,0.28130588225878483,20.718694117741215,20.5,21.5
2982.0,20.5408592726831,20.78783770234716,6.027082504116341,21.0,0,0.21216229765283856,20.78783770234716,20.5,21.5
2983.0,20.537956517329388,20.808295238485925,6.025584507442351,21.0,0,0.19170476151407456,20.808295238485925,20.5,21.5
2984.0,20.53505404292741,20.78300630120783,6.024085729741143,21.0,0,0.21699369879216945,20.78300630120783,20.5,21.5
2985.0,20.53215184926477,20.80976141975862,6.022586172154105,21.0,0,0.19023858024138107,20.80976141975862,20.5,21.5
2986.0,20.52924993612935,20.787632673005305,6.021085835823212,21.0,0,0.21236732699469485,20.787632673005305,20.5,21.5
2987.0,20.526348303309288,20.680137370912284,6.019584721891037,21.0,0,0.3198626290877158,20.680137370912284,20.5,21.5
2988.0,20.523446950593005,20.7383923418154,6.018082831500743,21.0,0,0.26160765818460163,20.7383923418154,20.5,21.5
2989.0,20.520545877769187,20.69409374801159,6.016580165796086,21.0,0,0.3059062519884108,20.69409374801159,20.5,21.5
2990.0,20.517645084626793,20.7022855142395,6.015076725921408,21.0,0,0.2977144857605012,20.7022855142395,20.5,21.5
2991.0,20.514744570955052,20.7792448763893,6.013572513021648,21.0,0,0.22075512361070082,20.7792448763893,20.5,21.5
2992.0,20.511844336543465,20.808543373794553,6.012067528242327,21.0,0,0.19145662620544712,20.808543373794553,20.5,21.5
2993.0,20.508944381181806,20.84255159483494,6.0105617727295595,21.0,0,0.1574484051650593,20.84255159483494,20.5,21.5
2994.0,20.506044704660116,20.942983703336495,6.009055247630039,21.0,0,0.05701629666350527,20.942983703336495,20.5,21.5
2995.0,20.50314530676871,20.840360669517036,6.007547954091053,21.0,0,0.15963933048296397,20.840360669517036,20.5,21.5
2996.0,20.500246187298178,20.827411152851024,6.00603989326047,21.0,0,0.17258884714897604,20.827411152851024,20.5,21.5
2997.0,20.49734734603937,20.79793276120264,6.004531066286745,21.0,0,0.20206723879735833,20.79793276120264,20.5,21.5
2998.0,20.49444878278342,20.63983760751067,6.003021474318915,21.0,0,0.3601623924893289,20.63983760751067,20.5,21.5
2999.0,20.491550497321725,20.62228514286552,6.0015111185066,21.0,0,0.3777148571344817,20.62228514286552,20.5,21.5
