t,T_true,T_meas,T_out,setpoint,heater,error,T_pred,lower,upper
0.0,19.0,19.2,5.0,21.0,1,1.8000000000000007,19.2,20.5,21.5
1.0,19.0022,19.201099999999997,5.00174532903047,21.0,1,1.7989000000000033,19.201099999999997,20.5,21.5
2.0,19.004399909065803,19.202199969688596,5.003490656731796,21.0,1,1.7978000303114037,19.202199969688596,20.5,21.5
3.0,19.006599727215338,19.20329990907028,5.005235981774836,21.0,1,1.7967000909297184,19.20329990907028,20.5,21.5
4.0,19.00879945446625,19.204399818149476,5.0069813028304475,21.0,1,1.7956001818505243,19.204399818149476,20.5,21.5
5.0,19.010999090835924,19.20659963631666,5.008726618569493,21.0,1,1.7934003636833395,19.20659963631666,20.5,21.5
6.0,19.01319863634147,19.208799363584955,5.010471927662839,21.0,1,1.791200636415045,19.208799363584955,20.5,21.5
7.0,19.015398090999735,19.210998999971743,5.012217228781357,21.0,1,1.7890010000282572,19.210998999971743,20.5,21.5
8.0,19.017597454827293,19.213198545494137,5.013962520595923,21.0,1,1.7868014545058628,19.213198545494137,20.5,21.5
9.0,19.019796727840447,19.215398000168978,5.015707801777423,21.0,1,1.7846019998310219,19.215398000168978,20.5,21.5
10.0,19.021995910055235,19.21759736401284,5.017453070996748,21.0,1,1.782402635987161,19.21759736401284,20.5,21.5
11.0,19.024195001487424,19.219796637042027,5.0191983269248,21.0,1,1.7802033629579732,19.219796637042027,20.5,21.5
12.0,19.02639400215251,19.221995819272582,5.020943568232491,21.0,1,1.778004180727418,19.221995819272582,20.5,21.5
13.0,19.028592912065726,19.224194910720268,5.022688793590745,21.0,1,1.7758050892797321,19.224194910720268,20.5,21.5
14.0,19.03079173124203,19.226393911400585,5.024434001670494,21.0,1,1.773606088599415,19.226393911400585,20.5,21.5
15.0,19.032990459696116,19.22859282132876,5.026179191142689,21.0,1,1.7714071786712395,19.22859282132876,20.5,21.5
16.0,19.035189097442405,19.230791640519755,5.02792436067829,21.0,1,1.7692083594802455,19.230791640519755,20.5,21.5
17.0,19.037387644495052,19.23299036898826,5.029669508948277,21.0,1,1.7670096310117387,19.23299036898826,20.5,21.5
18.0,19.039586100867943,19.235189006748705,5.0314146346236415,21.0,1,1.7648109932512952,19.235189006748705,20.5,21.5
19.0,19.041784466574693,19.23738755381524,5.033159736375395,21.0,1,1.762612446184761,19.23738755381524,20.5,21.5
20.0,19.043982741628653,19.239586010201748,5.034904812874567,21.0,1,1.760413989798252,19.239586010201748,20.5,21.5
21.0,19.046180926042904,19.24178437592185,5.036649862792205,21.0,1,1.7582156240781508,19.24178437592185,20.5,21.5
22.0,19.048379019830254,19.24398265098889,5.038394884799379,21.0,1,1.7560173490111097,19.24398265098889,20.5,21.5
23.0,19.050577023003246,19.246180835415952,5.040139877567178,21.0,1,1.7538191645840477,19.246180835415952,20.5,21.5
24.0,19.05277493557416,19.248378929215846,5.0418848397667135,21.0,1,1.7516210707841537,19.248378929215846,20.5,21.5
25.0,19.054972757555,19.250576932401113,5.043629770069122,21.0,1,1.7494230675988867,19.250576932401113,20.5,21.5
26.0,19.057170488957503,19.25277484498403,5.045374667145563,21.0,1,1.7472251550159683,19.25277484498403,20.5,21.5
27.0,19.05936812979314,19.254972666976606,5.047119529667221,21.0,1,1.745027333023394,19.254972666976606,20.5,21.5
28.0,19.061565680073112,19.25717039839058,5.048864356305306,21.0,1,1.7428296016094187,19.25717039839058,20.5,21.5
29.0,19.06376313980836,19.259368039237422,5.050609145731059,21.0,1,1.7406319607625775,19.259368039237422,20.5,21.5
30.0,19.065960509009543,19.26156558952833,5.052353896615746,21.0,1,1.738434410471669,19.26156558952833,20.5,21.5
31.0,19.068157787687063,19.263763049274242,5.054098607630664,21.0,1,1.7362369507257576,19.263763049274242,20.5,21.5
32.0,19.070354975851053,19.265960418485825,5.055843277447138,21.0,1,1.7340395815141747,19.265960418485825,20.5,21.5
33.0,19.07255207351137,19.26815769717348,5.057587904736527,21.0,1,1.7318423028265215,19.26815769717348,20.5,21.5
34.0,19.074749080677616,19.27035488534733,5.059332488170221,21.0,1,1.7296451146526692,19.27035488534733,20.5,21.5
35.0,19.076945997359115,19.272551983017244,5.061077026419645,21.0,1,1.7274480169827555,19.272551983017244,20.5,21.5
36.0,19.079142823564926,19.27474899019282,5.062821518156257,21.0,1,1.725251009807181,19.27474899019282,20.5,21.5
37.0,19.081339559303842,19.276945906883377,5.064565962051549,21.0,1,1.7230540931166232,19.276945906883377,20.5,21.5
38.0,19.08353620458439,19.279142733097984,5.066310356777053,21.0,1,1.7208572669020157,19.279142733097984,20.5,21.5
39.0,19.085732759414828,19.281339468845424,5.068054701004335,21.0,1,1.7186605311545762,19.281339468845424,20.5,21.5
40.0,19.087929223803147,19.283536114134233,5.069798993405002,21.0,1,1.7164638858657675,19.283536114134233,20.5,21.5
41.0,19.09012559775707,19.285732668972663,5.071543232650699,21.0,1,1.7142673310273366,19.285732668972663,20.5,21.5
42.0,19.092321881284047,19.2879291333687,5.073287417413113,21.0,1,1.7120708666313007,19.2879291333687,20.5,21.5
43.0,19.09451807439127,19.290125507330075,5.075031546363969,21.0,1,1.7098744926699254,19.290125507330075,20.5,21.5
44.0,19.096714177085666,19.292321790864243,5.07677561817504,21.0,1,1.7076782091357572,19.292321790864243,20.5,21.5
45.0,19.098910189373882,19.294517983978388,5.078519631518137,21.0,1,1.7054820160216124,19.294517983978388,20.5,21.5
46.0,19.10110611126231,19.296714086679437,5.080263585065119,21.0,1,1.7032859133205633,19.296714086679437,20.5,21.5
47.0,19.10330194275707,19.298910098974044,5.08200747748789,21.0,1,1.7010899010259557,19.298910098974044,20.5,21.5
48.0,19.105497683864016,19.301106020868595,5.0837513074583995,21.0,1,1.6988939791314053,19.301106020868595,20.5,21.5
49.0,19.107693334588735,19.30330185236921,5.085495073648644,21.0,1,1.6966981476307907,19.30330185236921,20.5,21.5
50.0,19.109888894936546,19.30549759348174,5.087238774730672,21.0,1,1.6945024065182608,19.30549759348174,20.5,21.5
51.0,19.112084364912505,19.30769324421178,5.088982409376578,21.0,1,1.6923067557882199,19.30769324421178,20.5,21.5
52.0,19.114279744521397,19.309888804564643,5.090725976258508,21.0,1,1.6901111954353567,19.309888804564643,20.5,21.5
53.0,19.116475033767745,19.31208427454539,5.09246947404866,21.0,1,1.6879157254546087,19.31208427454539,20.5,21.5
54.0,19.118670232655802,19.314279654158803,5.094212901419286,21.0,1,1.6857203458411973,19.314279654158803,20.5,21.5
55.0,19.120865341189553,19.316474943409403,5.095956257042688,21.0,1,1.6835250565905966,19.316474943409403,20.5,21.5
56.0,19.123060359372722,19.318670142301446,5.097699539591226,21.0,1,1.6813298576985538,19.318670142301446,20.5,21.5
57.0,19.125255287208766,19.320865250838917,5.099442747737315,21.0,1,1.6791347491610829,19.320865250838917,20.5,21.5
58.0,19.12745012470087,19.323060269025543,5.101185880153427,21.0,1,1.676939730974457,19.323060269025543,20.5,21.5
59.0,19.129644871851962,19.325255196864774,5.102928935512088,21.0,1,1.6747448031352263,19.325255196864774,20.5,21.5
60.0,19.131839528664695,19.327450034359806,5.1046719124858875,21.0,1,1.6725499656401936,19.327450034359806,20.5,21.5
61.0,19.13403409514146,19.329644781513554,5.106414809747473,21.0,1,1.6703552184864456,19.329644781513554,20.5,21.5
62.0,19.13622857128438,19.33183943832868,5.10815762596955,21.0,1,1.6681605616713213,19.33183943832868,20.5,21.5
63.0,19.13842295709532,19.334034004807567,5.109900359824891,21.0,1,1.6659659951924333,19.334034004807567,20.5,21.5
64.0,19.140617252575865,19.33622848095235,5.111643009986327,21.0,1,1.6637715190476499,19.33622848095235,20.5,21.5
65.0,19.142811457727348,19.33842286676488,5.113385575126755,21.0,1,1.6615771332351201,19.33842286676488,20.5,21.5
66.0,19.14500557255083,19.340617162246755,5.115128053919134,21.0,1,1.6593828377532454,19.340617162246755,20.5,21.5
67.0,19.147199597047102,19.3428113673993,5.116870445036493,21.0,1,1.6571886326007004,19.3428113673993,20.5,21.5
68.0,19.1493935312167,19.345005482223574,5.118612747151923,21.0,1,1.6549945177764265,19.345005482223574,20.5,21.5
69.0,19.151587375059886,19.347199506720376,5.120354958938587,21.0,1,1.6528004932796243,19.347199506720376,20.5,21.5
70.0,19.15378112857666,19.349393440890235,5.122097079069714,21.0,1,1.6506065591097645,19.349393440890235,20.5,21.5
71.0,19.15597479176676,19.35158728473342,5.123839106218604,21.0,1,1.6484127152665806,19.35158728473342,20.5,21.5
72.0,19.15816836462965,19.353781038249927,5.125581039058627,21.0,1,1.6462189617500727,19.353781038249927,20.5,21.5
73.0,19.160361847164534,19.3559747014395,5.127322876263226,21.0,1,1.6440252985605,19.3559747014395,20.5,21.5
74.0,19.162555239370352,19.35816827430159,5.129064616505916,21.0,1,1.6418317256984096,19.35816827430159,20.5,21.5
75.0,19.16474854124578,19.360361756835413,5.130806258460286,21.0,1,1.6396382431645868,19.360361756835413,20.5,21.5
76.0,19.16694175278922,19.362555149039906,5.1325478008,21.0,1,1.6374448509600938,19.362555149039906,20.5,21.5
77.0,19.16913487399882,19.36474845091374,5.134289242198798,21.0,1,1.6352515490862594,19.36474845091374,20.5,21.5
78.0,19.171327904872463,19.366941662455325,5.1360305813304965,21.0,1,1.633058337544675,19.366941662455325,20.5,21.5
79.0,19.173520845407754,19.36913478366281,5.137771816868989,21.0,1,1.6308652163371917,19.36913478366281,20.5,21.5
80.0,19.175713695602045,19.371327814534062,5.13951294748825,21.0,1,1.6286721854659376,19.371327814534062,20.5,21.5
81.0,19.177906455452423,19.3735207550667,5.141253971862334,21.0,1,1.6264792449333,19.3735207550667,20.5,21.5
82.0,19.180099124955703,19.375713605258078,5.142994888665372,21.0,1,1.6242863947419224,19.375713605258078,20.5,21.5
83.0,19.182291704108444,19.377906365105275,5.1447356965715825,21.0,1,1.6220936348947248,19.377906365105275,20.5,21.5
84.0,19.184484192906936,19.380099034605113,5.146476394255263,21.0,1,1.619900965394887,19.380099034605113,20.5,21.5
85.0,19.186676591347204,19.382291613754145,5.1482169803907984,21.0,1,1.6177083862458552,19.382291613754145,20.5,21.5
86.0,19.188868899425014,19.384484102548665,5.149957453652656,21.0,1,1.6155158974513348,19.384484102548665,20.5,21.5
87.0,19.19106111713586,19.3866765009847,5.151697812715388,21.0,1,1.6133234990153014,19.3866765009847,20.5,21.5
88.0,19.193253244474974,19.388868809058003,5.153438056253638,21.0,1,1.6111311909419967,19.388868809058003,20.5,21.5
89.0,19.19544528143733,19.391061026764085,5.155178182942132,21.0,1,1.6089389732359152,19.391061026764085,20.5,21.5
90.0,19.19763722801763,19.39325315409817,5.15691819145569,21.0,1,1.6067468459018315,19.39325315409817,20.5,21.5
91.0,19.199829084210318,19.395445191055234,5.158658080469219,21.0,1,1.6045548089447657,19.395445191055234,20.5,21.5
92.0,19.20202085000957,19.397637137629975,5.160397848657718,21.0,1,1.6023628623700255,19.397637137629975,20.5,21.5
93.0,19.2042125254093,19.39982899381684,5.162137494696277,21.0,1,1.6001710061831602,19.39982899381684,20.5,21.5
94.0,19.206404110403156,19.402020759610004,5.163877017260082,21.0,1,1.5979792403899964,19.402020759610004,20.5,21.5
95.0,19.208595604984527,19.404212435003384,5.165616415024409,21.0,1,1.5957875649966162,19.404212435003384,20.5,21.5
96.0,19.210787009146536,19.406404019990628,5.167355686664631,21.0,1,1.593595980009372,19.406404019990628,20.5,21.5
97.0,19.21297832288204,19.40859551456512,5.169094830856218,21.0,1,1.5914044854348788,19.40859551456512,20.5,21.5
98.0,19.215169546183635,19.410786918719985,5.170833846274735,21.0,1,1.5892130812800147,19.410786918719985,20.5,21.5
99.0,19.217360679043654,19.412978232448086,5.172572731595847,21.0,1,1.5870217675519136,19.412978232448086,20.5,21.5
100.0,19.219551721454163,19.41516945574201,5.174311485495316,21.0,1,1.58483054425799,19.41516945574201,20.5,21.5
101.0,19.221742673406972,19.4173605885941,5.176050106649007,21.0,1,1.5826394114059,19.4173605885941,20.5,21.5
102.0,19.22393353489362,19.419551630996416,5.177788593732883,21.0,1,1.5804483690035838,19.419551630996416,20.5,21.5
103.0,19.22612430590539,19.421742582940766,5.179526945423011,21.0,1,1.578257417059234,19.421742582940766,20.5,21.5
104.0,19.228314986433293,19.423933444418694,5.181265160395561,21.0,1,1.5760665555813063,19.423933444418694,20.5,21.5
105.0,19.230505576468087,19.42612421542148,5.183003237326805,21.0,1,1.5738757845785187,19.42612421542148,20.5,21.5
106.0,19.23269607600026,19.42831489594014,5.184741174893123,21.0,1,1.5716851040598598,19.42831489594014,20.5,21.5
107.0,19.234886485020038,19.43050548596542,5.186478971771001,21.0,1,1.5694945140345808,19.43050548596542,20.5,21.5
108.0,19.23707680351739,19.43269598548782,5.188216626637028,21.0,1,1.5673040145121817,19.43269598548782,20.5,21.5
109.0,19.239267031482015,19.434886394497564,5.189954138167908,21.0,1,1.565113605502436,19.434886394497564,20.5,21.5
110.0,19.241457168903352,19.437076712984616,5.191691505040448,21.0,1,1.5629232870153835,19.437076712984616,20.5,21.5
111.0,19.24364721577058,19.439266940938683,5.193428725931568,21.0,1,1.5607330590613167,19.439266940938683,20.5,21.5
112.0,19.245837172072612,19.441457078349195,5.195165799518299,21.0,1,1.5585429216508047,19.441457078349195,20.5,21.5
113.0,19.248027037798103,19.443647125205338,5.196902724477783,21.0,1,1.556352874794662,19.443647125205338,20.5,21.5
114.0,19.250216812935438,19.445837081496023,5.198639499487278,21.0,1,1.5541629185039767,19.445837081496023,20.5,21.5
115.0,19.252406497472748,19.448026947209904,5.200376123224153,21.0,1,1.5519730527900961,19.448026947209904,20.5,21.5
116.0,19.254596091397897,19.450216722335366,5.202112594365893,21.0,1,1.549783277664634,19.450216722335366,20.5,21.5
117.0,19.25678559469849,19.45240640686054,5.2038489115901,21.0,1,1.5475935931394602,19.45240640686054,20.5,21.5
118.0,19.258975007361865,19.454596000773293,5.205585073574493,21.0,1,1.545403999226707,19.454596000773293,20.5,21.5
119.0,19.26116432937511,19.456785504061227,5.207321078996911,21.0,1,1.5432144959387735,19.456785504061227,20.5,21.5
120.0,19.263353560725033,19.458974916711682,5.209056926535307,21.0,1,1.5410250832883179,19.458974916711682,20.5,21.5
121.0,19.265542701398196,19.46116423871174,5.21079261486776,21.0,1,1.5388357612882615,19.46116423871174,20.5,21.5
122.0,19.26773175138089,19.46335347004822,5.212528142672467,21.0,1,1.5366465299517813,19.46335347004822,20.5,21.5
123.0,19.269920710659147,19.46554261070768,5.214263508627747,21.0,1,1.5344573892923208,19.46554261070768,20.5,21.5
124.0,19.27210957921874,19.467731660676403,5.215998711412046,21.0,1,1.532268339323597,19.467731660676403,20.5,21.5
125.0,19.27429835704518,19.46992061994043,5.217733749703929,21.0,1,1.5300793800595685,19.46992061994043,20.5,21.5
126.0,19.276487044123712,19.472109488485536,5.219468622182091,21.0,1,1.5278905115144639,19.472109488485536,20.5,21.5
127.0,19.278675640439324,19.47429826629722,5.221203327525349,21.0,1,1.5257017337027783,19.47429826629722,20.5,21.5
128.0,19.280864145976743,19.47648695336074,5.222937864412651,21.0,1,1.523513046639259,19.47648695336074,20.5,21.5
129.0,19.28305256072043,19.47867554966108,5.224672231523071,21.0,1,1.5213244503389198,19.47867554966108,20.5,21.5
130.0,19.28524088465459,19.480864055182963,5.226406427535814,21.0,1,1.5191359448170374,19.480864055182963,20.5,21.5
131.0,19.287429117763168,19.483052469910852,5.228140451130212,21.0,1,1.5169475300891477,19.483052469910852,20.5,21.5
132.0,19.28961726002984,19.485240793828957,5.229874300985733,21.0,1,1.5147592061710426,19.485240793828957,20.5,21.5
133.0,19.29180531143803,19.487429026921212,5.231607975781974,21.0,1,1.5125709730787875,19.487429026921212,20.5,21.5
134.0,19.293993271970898,19.489617169171304,5.233341474198666,21.0,1,1.5103828308286964,19.489617169171304,20.5,21.5
135.0,19.296181141611342,19.491805220562657,5.2350747949156755,21.0,1,1.5081947794373427,19.491805220562657,20.5,21.5
136.0,19.298368920342003,19.493993181078423,5.236807936613002,21.0,1,1.506006818921577,19.493993181078423,20.5,21.5
137.0,19.300556608145257,19.496181050701505,5.2385408979707835,21.0,1,1.5038189492984948,19.496181050701505,20.5,21.5
138.0,19.302744205003222,19.498368829414545,5.240273677669294,21.0,1,1.5016311705854548,19.498368829414545,20.5,21.5
139.0,19.304931710897755,19.500556517199918,5.242006274388947,21.0,1,1.499443482800082,19.500556517199918,20.5,21.5
140.0,19.307119125810452,19.502744114039736,5.243738686810295,21.0,1,1.4972558859602643,19.502744114039736,20.5,21.5
141.0,19.30930644972265,19.504931619915865,5.24547091361403,21.0,1,1.4950683800841347,19.504931619915865,20.5,21.5
142.0,19.31149368261543,19.5071190348099,5.247202953480985,21.0,1,1.4928809651900998,19.5071190348099,20.5,21.5
143.0,19.313680824469603,19.509306358703178,5.248934805092138,21.0,1,1.4906936412968221,19.509306358703178,20.5,21.5
144.0,19.315867875265727,19.511493591576773,5.2506664671286085,21.0,1,1.488506408423227,19.511493591576773,20.5,21.5
145.0,19.3180548349841,19.5136807334115,5.25239793827166,21.0,1,1.4863192665884988,19.5136807334115,20.5,21.5
146.0,19.320241703604758,19.515867784187925,5.254129217202701,21.0,1,1.4841322158120747,19.515867784187925,20.5,21.5
147.0,19.322428481107476,19.518054743886335,5.255860302603288,21.0,1,1.481945256113665,19.518054743886335,20.5,21.5
148.0,19.324615167471777,19.52024161248677,5.257591193155125,21.0,1,1.479758387513229,19.52024161248677,20.5,21.5
149.0,19.32680176267691,19.522428389969008,5.259321887540064,21.0,1,1.4775716100309921,19.522428389969008,20.5,21.5
150.0,19.328988266701884,19.524615076312564,5.261052384440103,21.0,1,1.475384923687436,19.524615076312564,20.5,21.5
151.0,19.331174679525432,19.526801671496703,5.262782682537396,21.0,1,1.4731983285032975,19.526801671496703,20.5,21.5
152.0,19.333361001126036,19.528988175500416,5.264512780514245,21.0,1,1.471011824499584,19.528988175500416,20.5,21.5
153.0,19.335547231481915,19.53117458830244,5.266242677053104,21.0,1,1.4688254116975585,19.53117458830244,20.5,21.5
154.0,19.33773337057103,19.533360909881267,5.267972370836584,21.0,1,1.4666390901187327,19.533360909881267,20.5,21.5
155.0,19.339919418371082,19.535547140215108,5.269701860547446,21.0,1,1.4644528597848918,19.535547140215108,20.5,21.5
156.0,19.342105374859518,19.537733279281923,5.271431144868608,21.0,1,1.4622667207180768,19.537733279281923,20.5,21.5
157.0,19.34429124001352,19.53991932705942,5.273160222483147,21.0,1,1.460080672940581,19.53991932705942,20.5,21.5
158.0,19.346477013810013,19.54210528352504,5.274889092074293,21.0,1,1.4578947164749607,19.54210528352504,20.5,21.5
159.0,19.348662696225666,19.544291148655965,5.276617752325438,21.0,1,1.4557088513440348,19.544291148655965,20.5,21.5
160.0,19.350848287236886,19.546476922429125,5.278346201920131,21.0,1,1.4535230775708747,19.546476922429125,20.5,21.5
161.0,19.35303378681982,19.548662604821185,5.280074439542083,21.0,1,1.4513373951788147,19.548662604821185,20.5,21.5
162.0,19.355219194950365,19.550848195808555,5.281802463875166,21.0,1,1.4491518041914446,19.550848195808555,20.5,21.5
163.0,19.35740451160415,19.553033695367382,5.283530273603413,21.0,1,1.4469663046326176,19.553033695367382,20.5,21.5
164.0,19.35958973675655,19.55521910347356,5.2852578674110235,21.0,1,1.4447808965264386,19.55521910347356,20.5,21.5
165.0,19.361774870382682,19.55740442010272,5.286985243982358,21.0,1,1.4425955798972794,19.55740442010272,20.5,21.5
166.0,19.363959912457403,19.559589645230236,5.288712402001947,21.0,1,1.4404103547697638,19.559589645230236,20.5,21.5
167.0,19.366144862955313,19.561774778831225,5.290439340154481,21.0,1,1.438225221168775,19.561774778831225,20.5,21.5
168.0,19.368329721850753,19.563959820880548,5.292166057124823,21.0,1,1.436040179119452,19.563959820880548,20.5,21.5
169.0,19.370514489117806,19.5661447713528,5.293892551598003,21.0,1,1.4338552286472002,19.5661447713528,20.5,21.5
170.0,19.372699164730303,19.568329630222323,5.295618822259221,21.0,1,1.4316703697776774,19.568329630222323,20.5,21.5
171.0,19.37488374866181,19.570514397463203,5.297344867793846,21.0,1,1.429485602536797,19.570514397463203,20.5,21.5
172.0,19.377068240885635,19.572699073049268,5.299070686887419,21.0,1,1.427300926950732,19.572699073049268,20.5,21.5
173.0,19.379252641374833,19.574883656954086,5.300796278225654,21.0,1,1.4251163430459144,19.574883656954086,20.5,21.5
174.0,19.381436950102202,19.577068149150968,5.302521640494438,21.0,1,1.4229318508490323,19.577068149150968,20.5,21.5
175.0,19.383621167040282,19.57925254961296,5.304246772379833,21.0,1,1.42074745038704,19.57925254961296,20.5,21.5
176.0,19.38580529216135,19.58143685831287,5.305971672568076,21.0,1,1.4185631416871303,19.58143685831287,20.5,21.5
177.0,19.38798932543743,19.583621075223228,5.30769633974558,21.0,1,1.4163789247767724,19.583621075223228,20.5,21.5
178.0,19.390173266840293,19.585805200316322,5.309420772598936,21.0,1,1.4141947996836777,19.585805200316322,20.5,21.5
179.0,19.392357116341444,19.58798923356417,5.311144969814913,21.0,1,1.4120107664358308,19.58798923356417,20.5,21.5
180.0,19.39454087391214,19.590173174938542,5.3128689300804615,21.0,1,1.409826825061458,19.590173174938542,20.5,21.5
181.0,19.396724539523372,19.592357024410944,5.314592652082709,21.0,1,1.4076429755890558,19.592357024410944,20.5,21.5
182.0,19.398908113145886,19.594540781952634,5.316316134508967,21.0,1,1.4054592180473655,19.594540781952634,20.5,21.5
183.0,19.40109159475016,19.596724447534605,5.318039376046729,21.0,1,1.403275552465395,19.596724447534605,20.5,21.5
184.0,19.403274984306417,19.598908021127603,5.31976237538367,21.0,1,1.4010919788723974,19.598908021127603,20.5,21.5
185.0,19.405458281784632,19.6010915027021,5.321485131207652,21.0,1,1.3989084972978993,19.6010915027021,20.5,21.5
186.0,19.407641487154518,19.60327489222833,5.3232076422067225,21.0,1,1.396725107771669,19.60327489222833,20.5,21.5
187.0,19.409824600385527,19.60545818967626,5.324929907069113,21.0,1,1.3945418103237408,19.60545818967626,20.5,21.5
188.0,19.412007621446865,19.607641395015598,5.326651924483245,21.0,1,1.392358604984402,19.607641395015598,20.5,21.5
189.0,19.41419055030747,19.60982450821581,5.328373693137726,21.0,1,1.3901754917841913,19.60982450821581,20.5,21.5
190.0,19.416373386936037,19.61200752924609,5.330095211721355,21.0,1,1.387992470753911,19.61200752924609,20.5,21.5
191.0,19.418556131300996,19.61419045807538,5.3318164789231215,21.0,1,1.385809541924619,19.61419045807538,20.5,21.5
192.0,19.42073878337052,19.61637329467238,5.333537493432204,21.0,1,1.3836267053276217,19.61637329467238,20.5,21.5
193.0,19.422921343112534,19.618556039005515,5.335258253937977,21.0,1,1.3814439609944849,19.618556039005515,20.5,21.5
194.0,19.4251038104947,19.620738691042963,5.336978759130005,21.0,1,1.3792613089570374,19.620738691042963,20.5,21.5
195.0,19.427286185484427,19.62292125075264,5.338699007698049,21.0,1,1.3770787492473602,19.62292125075264,20.5,21.5
196.0,19.42946846804887,19.625103718102217,5.340418998332065,21.0,1,1.374896281897783,19.625103718102217,20.5,21.5
197.0,19.43165065815493,19.627286093059098,5.342138729722205,21.0,1,1.372713906940902,19.627286093059098,20.5,21.5
198.0,19.43383275576924,19.62946837559044,5.343858200558819,21.0,1,1.3705316244095584,19.62946837559044,20.5,21.5
199.0,19.4360147608582,19.631650565663143,5.3455774095324555,21.0,1,1.3683494343368565,19.631650565663143,20.5,21.5
200.0,19.438196673387935,19.633832663243844,5.347296355333861,21.0,1,1.3661673367561562,19.633832663243844,20.5,21.5
201.0,19.440378493324324,19.636014668298934,5.349015036653984,21.0,1,1.3639853317010662,19.636014668298934,20.5,21.5
202.0,19.44256022063299,19.63819658079455,5.350733452183974,21.0,1,1.361803419205451,19.63819658079455,20.5,21.5
203.0,19.4447418552793,19.640378400696555,5.352451600615184,21.0,1,1.3596215993034448,19.640378400696555,20.5,21.5
204.0,19.446923397228367,19.64256012797059,5.354169480639166,21.0,1,1.3574398720294099,19.64256012797059,20.5,21.5
205.0,19.44910484644505,19.644741762582008,5.355887090947683,21.0,1,1.355258237417992,19.644741762582008,20.5,21.5
206.0,19.45128620289395,19.646923304495935,5.3576044302326995,21.0,1,1.3530766955040647,19.646923304495935,20.5,21.5
207.0,19.45346746653942,19.64910475367722,5.359321497186385,21.0,1,1.3508952463227786,19.64910475367722,20.5,21.5
208.0,19.455648637345547,19.651286110090474,5.36103829050112,21.0,1,1.3487138899095257,19.651286110090474,20.5,21.5
209.0,19.45782971527618,19.653467373700035,5.362754808869491,21.0,1,1.3465326262999646,19.653467373700035,20.5,21.5
210.0,19.460010700294898,19.655648544470004,5.364471050984295,21.0,1,1.3443514555299956,19.655648544470004,20.5,21.5
211.0,19.462191592365038,19.657829622364222,5.3661870155385385,21.0,1,1.342170377635778,19.657829622364222,20.5,21.5
212.0,19.464372391449672,19.660010607346273,5.36790270122544,21.0,1,1.3399893926537274,19.660010607346273,20.5,21.5
213.0,19.46655309751163,19.662191499379485,5.3696181067384305,21.0,1,1.3378085006205147,19.662191499379485,20.5,21.5
214.0,19.468733710513472,19.664372298426944,5.371333230771154,21.0,1,1.3356277015730562,19.664372298426944,20.5,21.5
215.0,19.470914230417524,19.66655300445147,5.373048072017469,21.0,1,1.333446995548531,19.66655300445147,20.5,21.5
216.0,19.473094657185843,19.668733617415633,5.37476262917145,21.0,1,1.3312663825843671,19.668733617415633,20.5,21.5
217.0,19.47527499078024,19.670914137281745,5.3764769009273845,21.0,1,1.3290858627182551,19.670914137281745,20.5,21.5
218.0,19.477455231162267,19.673094564011873,5.378190885979783,21.0,1,1.3269054359881274,19.673094564011873,20.5,21.5
219.0,19.47963537829323,19.675274897567824,5.379904583023369,21.0,1,1.3247251024321756,19.675274897567824,20.5,21.5
220.0,19.481815432134177,19.677455137911153,5.38161799075309,21.0,1,1.3225448620888471,19.677455137911153,20.5,21.5
221.0,19.4839953926459,19.679635285003165,5.383331107864109,21.0,1,1.3203647149968347,19.679635285003165,20.5,21.5
222.0,19.486175259788947,19.681815338804906,5.385043933051815,21.0,1,1.3181846611950938,19.681815338804906,20.5,21.5
223.0,19.4883550335236,19.68399529927717,5.386756465011816,21.0,1,1.3160047007228286,19.68399529927717,20.5,21.5
224.0,19.490534713809897,19.686175166380504,5.388468702439944,21.0,1,1.3138248336194955,19.686175166380504,20.5,21.5
225.0,19.492714300607624,19.688354940075193,5.390180644032257,21.0,1,1.3116450599248068,19.688354940075193,20.5,21.5
226.0,19.494893793876308,19.690534620321277,5.391892288485035,21.0,1,1.3094653796787235,19.690534620321277,20.5,21.5
227.0,19.49707319357523,19.692714207078534,5.393603634494789,21.0,1,1.3072857929214656,19.692714207078534,20.5,21.5
228.0,19.499252499663413,19.6948937003065,5.395314680758252,21.0,1,1.3051062996934988,19.6948937003065,20.5,21.5
229.0,19.50143171209963,19.69707309996445,5.39702542597239,21.0,1,1.3029269000355512,19.69707309996445,20.5,21.5
230.0,19.503610830842405,19.699252406011404,5.398735868834394,21.0,1,1.3007475939885964,19.699252406011404,20.5,21.5
231.0,19.505789855850004,19.701431618406144,5.40044600804169,21.0,1,1.2985683815938565,19.701431618406144,20.5,21.5
232.0,19.507968787080443,19.703610737107187,5.402155842291929,21.0,1,1.2963892628928129,19.703610737107187,20.5,21.5
233.0,19.510147624491484,19.7057897620728,5.403865370283001,21.0,1,1.2942102379271994,19.7057897620728,20.5,21.5
234.0,19.512326368040643,19.707968693261,5.405574590713025,21.0,1,1.2920313067389984,19.707968693261,20.5,21.5
235.0,19.514505017685178,19.710147530629555,5.407283502280355,21.0,1,1.2898524693704445,19.710147530629555,20.5,21.5
236.0,19.516683573382096,19.712326274135975,5.40899210368358,21.0,1,1.2876737258640247,19.712326274135975,20.5,21.5
237.0,19.518862035088155,19.714504923737515,5.410700393621528,21.0,1,1.2854950762624853,19.714504923737515,20.5,21.5
238.0,19.521040402759862,19.716683479391193,5.412408370793259,21.0,1,1.2833165206088069,19.716683479391193,20.5,21.5
239.0,19.52321867635347,19.718861941053756,5.414116033898076,21.0,1,1.2811380589462438,19.718861941053756,20.5,21.5
240.0,19.52539685582498,19.721040308681715,5.415823381635518,21.0,1,1.2789596913182848,19.721040308681715,20.5,21.5
241.0,19.52757494113014,19.723218582231326,5.417530412705367,21.0,1,1.2767814177686745,19.723218582231326,20.5,21.5
242.0,19.529752932224454,19.725396761658587,5.419237125807643,21.0,1,1.2746032383414132,19.725396761658587,20.5,21.5
243.0,19.53193082906317,19.727574846919246,5.420943519642611,21.0,1,1.2724251530807535,19.727574846919246,20.5,21.5
244.0,19.53410863160129,19.72975283796881,5.422649592910777,21.0,1,1.2702471620311897,19.72975283796881,20.5,21.5
245.0,19.536286339793552,19.731930734762525,5.424355344312892,21.0,1,1.2680692652374752,19.731930734762525,20.5,21.5
246.0,19.538463953594455,19.734108537255388,5.4260607725499534,21.0,1,1.2658914627446123,19.734108537255388,20.5,21.5
247.0,19.540641472958246,19.736286245402148,5.4277658763232015,21.0,1,1.2637137545978518,19.736286245402148,20.5,21.5
248.0,19.54281889783892,19.738463859157296,5.429470654334127,21.0,1,1.2615361408427042,19.738463859157296,20.5,21.5
249.0,19.544996228190218,19.740641378475082,5.431175105284466,21.0,1,1.2593586215249175,19.740641378475082,20.5,21.5
250.0,19.54717346396564,19.742818803309497,5.432879227876206,21.0,1,1.257181196690503,19.742818803309497,20.5,21.5
251.0,19.54935060511842,19.74499613361429,5.434583020811583,21.0,1,1.2550038663857102,19.74499613361429,20.5,21.5
252.0,19.551527651601557,19.747173369342953,5.4362864827930855,21.0,1,1.2528266306570472,19.747173369342953,20.5,21.5
253.0,19.553704603367795,19.74935051044873,5.4379896125234515,21.0,1,1.2506494895512716,19.74935051044873,20.5,21.5
254.0,19.555881460369626,19.751527556884607,5.439692408705675,21.0,1,1.2484724431153928,19.751527556884607,20.5,21.5
255.0,19.558058222559293,19.753704508603338,5.441394870043002,21.0,1,1.246295491396662,19.753704508603338,20.5,21.5
256.0,19.56023488988879,19.75588136555741,5.4430969952389345,21.0,1,1.2441186344425894,19.75588136555741,20.5,21.5
257.0,19.56241146230986,19.75805812769907,5.44479878299723,21.0,1,1.2419418723009308,19.75805812769907,20.5,21.5
258.0,19.564587939773997,19.760234794980313,5.4465002320219025,21.0,1,1.2397652050196868,19.760234794980313,20.5,21.5
259.0,19.566764322232448,19.762411367352875,5.448201341017225,21.0,1,1.2375886326471246,19.762411367352875,20.5,21.5
260.0,19.568940609636204,19.76458784476826,5.44990210868773,21.0,1,1.2354121552317388,19.76458784476826,20.5,21.5
261.0,19.571116801936014,19.766764227177706,5.451602533738208,21.0,1,1.2332357728222938,19.766764227177706,20.5,21.5
262.0,19.573292899082375,19.76894051453221,5.45330261487371,21.0,1,1.2310594854677888,19.76894051453221,20.5,21.5
263.0,19.575468901025534,19.771116706782514,5.455002350799552,21.0,1,1.2288832932174856,19.771116706782514,20.5,21.5
264.0,19.57764480771549,19.773292803879123,5.456701740221312,21.0,1,1.226707196120877,19.773292803879123,20.5,21.5
265.0,19.57982061910199,19.77546880577228,5.458400781844828,21.0,1,1.224531194227719,19.77546880577228,20.5,21.5
266.0,19.58199633513454,19.777644712411984,5.460099474376209,21.0,1,1.222355287588016,19.777644712411984,20.5,21.5
267.0,19.58417195576239,19.779820523747986,5.461797816521825,21.0,1,1.2201794762520137,19.779820523747986,20.5,21.5
268.0,19.586347480934542,19.781996239729786,5.463495806988314,21.0,1,1.2180037602702143,19.781996239729786,20.5,21.5
269.0,19.588522910599753,19.78417186030664,5.465193444482585,21.0,1,1.215828139693361,19.78417186030664,20.5,21.5
270.0,19.59069824470653,19.786347385427547,5.466890727711811,21.0,1,1.213652614572453,19.786347385427547,20.5,21.5
271.0,19.59287348320313,19.788522815041265,5.468587655383438,21.0,1,1.211477184958735,19.788522815041265,20.5,21.5
272.0,19.595048626037567,19.7906981490963,5.47028422620518,21.0,1,1.2093018509036995,19.7906981490963,20.5,21.5
273.0,19.5972236731576,19.792873387540915,5.471980438885026,21.0,1,1.207126612459085,19.792873387540915,20.5,21.5
274.0,19.599398624510744,19.79504853032311,5.473676292131238,21.0,1,1.2049514696768888,19.79504853032311,20.5,21.5
275.0,19.60157348004427,19.79722357739066,5.475371784652346,21.0,1,1.2027764226093396,19.79722357739066,20.5,21.5
276.0,19.60374823970519,19.799398528691068,5.477066915157161,21.0,1,1.2006014713089321,19.799398528691068,20.5,21.5
277.0,19.60592290344028,19.80157338417161,5.478761682354769,21.0,1,1.1984266158283887,19.80157338417161,20.5,21.5
278.0,19.608097471196064,19.803748143779302,5.480456084954527,21.0,1,1.196251856220698,19.803748143779302,20.5,21.5
279.0,19.610271942918818,19.805922807460917,5.482150121666077,21.0,1,1.1940771925390834,19.805922807460917,20.5,21.5
280.0,19.612446318554568,19.808097375162976,5.483843791199336,21.0,1,1.1919026248370237,19.808097375162976,20.5,21.5
281.0,19.614620598049097,19.810271846831757,5.485537092264499,21.0,1,1.189728153168243,19.810271846831757,20.5,21.5
282.0,19.61679478134794,19.81244622241329,5.487230023572045,21.0,1,1.1875537775867109,19.81244622241329,20.5,21.5
283.0,19.618968868396387,19.81462050185335,5.488922583832733,21.0,1,1.1853794981466486,19.81462050185335,20.5,21.5
284.0,19.621142859139475,19.816794685097484,5.490614771757605,21.0,1,1.1832053149025157,19.816794685097484,20.5,21.5
285.0,19.623316753521998,19.81896877209097,5.492306586057986,21.0,1,1.1810312279090311,19.81896877209097,20.5,21.5
286.0,19.625490551488504,19.82114276277885,5.493998025445486,21.0,1,1.1788572372211483,19.82114276277885,20.5,21.5
287.0,19.627664252983294,19.823316657105924,5.495689088632,21.0,1,1.1766833428940764,19.823316657105924,20.5,21.5
288.0,19.629837857950424,19.82549045501673,5.497379774329709,21.0,1,1.1745095449832696,19.82549045501673,20.5,21.5
289.0,19.6320113663337,19.827664156455576,5.499070081251085,21.0,1,1.172335843544424,19.827664156455576,20.5,21.5
290.0,19.634184778076683,19.829837761366512,5.500760008108883,21.0,1,1.1701622386334876,19.829837761366512,20.5,21.5
291.0,19.63635809312269,19.832011269693353,5.502449553616151,21.0,1,1.1679887303066465,19.832011269693353,20.5,21.5
292.0,19.63853131141479,19.834184681379654,5.504138716486227,21.0,1,1.1658153186203464,19.834184681379654,20.5,21.5
293.0,19.640704432895806,19.83635799636873,5.50582749543274,21.0,1,1.1636420036312707,19.83635799636873,20.5,21.5
294.0,19.642877457508312,19.838531214603652,5.507515889169611,21.0,1,1.1614687853963481,19.838531214603652,20.5,21.5
295.0,19.645050385194644,19.840704336027244,5.509203896411055,21.0,1,1.159295663972756,19.840704336027244,20.5,21.5
296.0,19.647223215896886,19.842877360582083,5.510891515871581,21.0,1,1.157122639417917,19.842877360582083,20.5,21.5
297.0,19.649395949556883,19.8450502882105,5.512578746265993,21.0,1,1.1549497117894987,19.8450502882105,20.5,21.5
298.0,19.651568586116223,19.847223118854586,5.514265586309392,21.0,1,1.1527768811454138,19.847223118854586,20.5,21.5
299.0,19.653741125516262,19.849395852456176,5.515952034717176,21.0,1,1.1506041475438238,19.849395852456176,20.5,21.5
300.0,19.655913567698104,19.85156848895687,5.5176380902050415,21.0,1,1.1484315110431282,19.85156848895687,20.5,21.5
301.0,19.658085912602605,19.853741028298014,5.519323751488983,21.0,1,1.146258971701986,19.853741028298014,20.5,21.5
302.0,19.660258160170383,19.855913470420717,5.521009017285297,21.0,1,1.1440865295792833,19.855913470420717,20.5,21.5
303.0,19.662430310341804,19.85808581526583,5.522693886310579,21.0,1,1.1419141847341692,19.85808581526583,20.5,21.5
304.0,19.664602363056996,19.86025806277398,5.524378357281729,21.0,1,1.1397419372260202,19.86025806277398,20.5,21.5
305.0,19.66677431825584,19.862430212885528,5.5260624289159495,21.0,1,1.1375697871144723,19.862430212885528,20.5,21.5
306.0,19.66894617587797,19.8646022655406,5.527746099930746,21.0,1,1.1353977344593993,19.8646022655406,20.5,21.5
307.0,19.67111793586278,19.866774220679083,5.529429369043929,21.0,1,1.1332257793209166,19.866774220679083,20.5,21.5
308.0,19.673289598149417,19.868946078240604,5.531112234973618,21.0,1,1.1310539217593956,19.868946078240604,20.5,21.5
309.0,19.675461162676783,19.871117838164558,5.532794696438235,21.0,1,1.1288821618354419,19.871117838164558,20.5,21.5
310.0,19.677632629383535,19.873289500390097,5.534476752156514,21.0,1,1.1267104996099029,19.873289500390097,20.5,21.5
311.0,19.67980399820809,19.875461064856122,5.536158400847495,21.0,1,1.1245389351438781,19.875461064856122,20.5,21.5
312.0,19.681975269088618,19.877632531501288,5.537839641230532,21.0,1,1.1223674684987124,19.877632531501288,20.5,21.5
313.0,19.684146441963048,19.879803900264015,5.539520472025284,21.0,1,1.1201960997359848,19.879803900264015,20.5,21.5
314.0,19.68631751676906,19.881975171082466,5.5412008919517275,21.0,1,1.1180248289175339,19.881975171082466,20.5,21.5
315.0,19.688488493444094,19.88414634389458,5.542880899730148,21.0,1,1.1158536561054184,19.88414634389458,20.5,21.5
316.0,19.690659371925353,19.886317418638036,5.544560494081149,21.0,1,1.1136825813619637,19.886317418638036,20.5,21.5
317.0,19.692830152149785,19.88848839525027,5.546239673725643,21.0,1,1.1115116047497295,19.88848839525027,20.5,21.5
318.0,19.6950008340541,19.89065927366848,5.547918437384865,21.0,1,1.1093407263315207,19.89065927366848,20.5,21.5
319.0,19.697171417574765,19.89283005382962,5.549596783780361,21.0,1,1.1071699461703801,19.89283005382962,20.5,21.5
320.0,19.699341902648005,19.8950007356704,5.551274711633998,21.0,1,1.1049992643295994,19.8950007356704,20.5,21.5
321.0,19.701512289209802,19.897171319127292,5.5529522196679615,21.0,1,1.1028286808727081,19.897171319127292,20.5,21.5
322.0,19.703682577195895,19.899341804136515,5.554629306604756,21.0,1,1.1006581958634847,19.899341804136515,20.5,21.5
323.0,19.705852766541778,19.90151219063405,5.556305971167205,21.0,1,1.098487809365949,19.90151219063405,20.5,21.5
324.0,19.7080228571827,19.903682478555638,5.557982212078459,21.0,1,1.0963175214443623,19.903682478555638,20.5,21.5
325.0,19.71019284905368,19.905852667836772,5.5596580280619845,21.0,1,1.094147332163228,19.905852667836772,20.5,21.5
326.0,19.712362742089482,19.908022758412706,5.561333417841576,21.0,1,1.0919772415872941,19.908022758412706,20.5,21.5
327.0,19.71453253622463,19.910192750218453,5.563008380141351,21.0,1,1.089807249781547,19.910192750218453,20.5,21.5
328.0,19.716702231393416,19.912362643188782,5.564682913685753,21.0,1,1.0876373568112179,19.912362643188782,20.5,21.5
329.0,19.718871827529874,19.914532437258217,5.566357017199552,21.0,1,1.0854675627417834,19.914532437258217,20.5,21.5
330.0,19.721041324567807,19.916702132361042,5.568030689407845,21.0,1,1.083297867638958,19.916702132361042,20.5,21.5
331.0,19.723210722440776,19.9188717284313,5.569703929036058,21.0,1,1.0811282715687014,19.9188717284313,20.5,21.5
332.0,19.725380021082096,19.921041225402792,5.571376734809947,21.0,1,1.0789587745972078,19.921041225402792,20.5,21.5
333.0,19.72754922042484,19.923210623209076,5.573049105455596,21.0,1,1.0767893767909236,19.923210623209076,20.5,21.5
334.0,19.729718320401847,19.92537992178347,5.5747210396994245,21.0,1,1.0746200782165296,19.92537992178347,20.5,21.5
335.0,19.731887320945706,19.92754912105905,5.5763925362681785,21.0,1,1.0724508789409484,19.92754912105905,20.5,21.5
336.0,19.73405622198877,19.92971822096865,5.578063593888944,21.0,1,1.070281779031351,19.92971822096865,20.5,21.5
337.0,19.73622502346315,19.93188722144486,5.579734211289135,21.0,1,1.0681127785551396,19.93188722144486,20.5,21.5
338.0,19.738393725300714,19.93405612242004,5.581404387196505,21.0,1,1.0659438775799615,19.93405612242004,20.5,21.5
339.0,19.740562327433093,19.936224923826288,5.583074120339143,21.0,1,1.0637750761737124,19.936224923826288,20.5,21.5
340.0,19.742730829791675,19.93839362559548,5.5847434094454735,21.0,1,1.0616063744045192,19.93839362559548,20.5,21.5
341.0,19.744899232307606,19.94056222765925,5.58641225324426,21.0,1,1.0594377723407504,19.94056222765925,20.5,21.5
342.0,19.747067534911793,19.942730729948977,5.588080650464608,21.0,1,1.0572692700510231,19.942730729948977,20.5,21.5
343.0,19.749235737534903,19.944899132395815,5.589748599835957,21.0,1,1.0551008676041853,19.944899132395815,20.5,21.5
344.0,19.751403840107365,19.94706743493067,5.591416100088093,21.0,1,1.0529325650693302,19.94706743493067,20.5,21.5
345.0,19.75357184255936,19.949235637484207,5.593083149951142,21.0,1,1.0507643625157925,19.949235637484207,20.5,21.5
346.0,19.75573974482084,19.951403739986855,5.5947497481555715,21.0,1,1.048596260013145,19.951403739986855,20.5,21.5
347.0,19.757907546821507,19.953571742368798,5.596415893432196,21.0,1,1.0464282576312023,19.953571742368798,20.5,21.5
348.0,19.76007524849083,19.95573964455998,5.598081584512173,21.0,1,1.04426035544002,19.95573964455998,20.5,21.5
349.0,19.76224284975803,19.957907446490115,5.599746820127006,21.0,1,1.0420925535098853,19.957907446490115,20.5,21.5
350.0,19.764410350552104,19.960075148088663,5.6014115990085465,21.0,1,1.039924851911337,19.960075148088663,20.5,21.5
351.0,19.766577750801797,19.962242749284854,5.603075919888991,21.0,1,1.0377572507151456,19.962242749284854,20.5,21.5
352.0,19.768745050435616,19.964410250007678,5.604739781500889,21.0,1,1.0355897499923223,19.964410250007678,20.5,21.5
353.0,19.77091224938183,19.966577650185876,5.606403182577136,21.0,1,1.0334223498141242,19.966577650185876,20.5,21.5
354.0,19.77307934756847,19.968744949747965,5.608066121850981,21.0,1,1.0312550502520352,19.968744949747965,20.5,21.5
355.0,19.775246344923325,19.97091214862221,5.609728598056021,21.0,1,1.0290878513777884,19.97091214862221,20.5,21.5
356.0,19.777413241373953,19.973079246736642,5.611390609926211,21.0,1,1.026920753263358,19.973079246736642,20.5,21.5
357.0,19.779580036847662,19.975246244019054,5.613052156195855,21.0,1,1.0247537559809459,19.975246244019054,20.5,21.5
358.0,19.781746731271532,19.977413140396994,5.6147132355996145,21.0,1,1.022586859603006,19.977413140396994,20.5,21.5
359.0,19.7839133245724,19.97957993579778,5.616373846872503,21.0,1,1.02042006420222,19.97957993579778,20.5,21.5
360.0,19.78607981667686,19.981746630148486,5.618033988749895,21.0,1,1.0182533698515144,19.981746630148486,20.5,21.5
361.0,19.788246207511275,19.98391322337595,5.619693659967519,21.0,1,1.01608677662405,19.98391322337595,20.5,21.5
362.0,19.790412497001768,19.98607971540677,5.621352859261464,21.0,1,1.0139202845932296,19.98607971540677,20.5,21.5
363.0,19.79257868507422,19.98824610616731,5.623011585368176,21.0,1,1.0117538938326902,19.98824610616731,20.5,21.5
364.0,19.794744771654276,19.990412395583682,5.624669837024465,21.0,1,1.0095876044163177,19.990412395583682,20.5,21.5
365.0,19.79691075666735,19.992578583581782,5.626327612967499,21.0,1,1.007421416418218,19.992578583581782,20.5,21.5
366.0,19.79907664003861,19.99474467008725,5.62798491193481,21.0,1,1.0052553299127496,19.99474467008725,20.5,21.5
367.0,19.80124242169299,19.996910655025495,5.629641732664292,21.0,1,1.003089344974505,19.996910655025495,20.5,21.5
368.0,19.803408101555185,19.999076538321685,5.631298073894205,21.0,1,1.0009234616783154,19.999076538321685,20.5,21.5
369.0,19.805573679549653,20.00124231990076,5.632953934363172,21.0,1,0.9987576800992386,20.00124231990076,20.5,21.5
370.0,19.807739155600615,20.00340799968742,5.634609312810184,21.0,1,0.9965920003125817,20.00340799968742,20.5,21.5
371.0,19.809904529632057,20.005573577606107,5.636264207974598,21.0,1,0.994426422393893,20.005573577606107,20.5,21.5
372.0,19.812069801567727,20.00773905358105,5.63791861859614,21.0,1,0.9922609464189485,20.00773905358105,20.5,21.5
373.0,19.814234971331132,20.00990442753624,5.6395725434149035,21.0,1,0.9900955724637583,20.00990442753624,20.5,21.5
374.0,19.816400038845547,20.01206969939542,5.6412259811713525,21.0,1,0.9879303006045816,20.01206969939542,20.5,21.5
375.0,19.818565004034014,20.0142348690821,5.642878930606323,21.0,1,0.9857651309179012,20.0142348690821,20.5,21.5
376.0,19.820729866819327,20.016399936519555,5.644531390461022,21.0,1,0.9836000634804449,20.016399936519555,20.5,21.5
377.0,19.822894627124057,20.01856490163082,5.646183359477029,21.0,1,0.9814350983691789,20.01856490163082,20.5,21.5
378.0,19.825059284870527,20.0207297643387,5.6478348363962985,21.0,1,0.9792702356612999,20.0207297643387,20.5,21.5
379.0,19.82722383998083,20.022894524565757,5.649485819961159,21.0,1,0.977105475434243,20.022894524565757,20.5,21.5
380.0,19.829388292376827,20.02505918223432,5.651136308914314,21.0,1,0.9749408177656811,20.02505918223432,20.5,21.5
381.0,19.831552641980135,20.02722373726648,5.652786301998844,21.0,1,0.9727762627335217,20.02722373726648,20.5,21.5
382.0,19.83371688871214,20.029388189584093,5.654435797958207,21.0,1,0.9706118104159067,20.029388189584093,20.5,21.5
383.0,19.83588103249399,20.031552539108787,5.656084795536243,21.0,1,0.9684474608912126,20.031552539108787,20.5,21.5
384.0,19.838045073246597,20.03371678576194,5.6577332934771665,21.0,1,0.9662832142380609,20.03371678576194,20.5,21.5
385.0,19.840209010890643,20.035880929464703,5.659381290525575,21.0,1,0.9641190705352969,20.035880929464703,20.5,21.5
386.0,19.84237284534657,20.038044970137992,5.661028785426446,21.0,1,0.9619550298620076,20.038044970137992,20.5,21.5
387.0,19.844536576534587,20.040208907702482,5.662675776925142,21.0,1,0.9597910922975181,20.040208907702482,20.5,21.5
388.0,19.846700204374667,20.04237274207862,5.664322263767406,21.0,1,0.9576272579213807,20.04237274207862,20.5,21.5
389.0,19.848863728786544,20.044536473186607,5.665968244699369,21.0,1,0.9554635268133929,20.044536473186607,20.5,21.5
390.0,19.851027149689727,20.046700100946424,5.667613718467542,21.0,1,0.9532998990535759,20.046700100946424,20.5,21.5
391.0,19.853190467003483,20.048863625277807,5.669258683818827,21.0,1,0.9511363747221928,20.048863625277807,20.5,21.5
392.0,19.855353680646846,20.05102704610026,5.67090313950051,21.0,1,0.9489729538997409,20.05102704610026,20.5,21.5
393.0,19.857516790538618,20.05319036333305,5.672547084260268,21.0,1,0.9468096366669485,20.05319036333305,20.5,21.5
394.0,19.859679796597362,20.055353576895214,5.674190516846164,21.0,1,0.9446464231047855,20.055353576895214,20.5,21.5
395.0,19.861842698741413,20.05751668670555,5.675833436006654,21.0,1,0.9424833132944492,20.05751668670555,20.5,21.5
396.0,19.864005496888865,20.05967969268263,5.677475840490583,21.0,1,0.9403203073173714,20.05967969268263,20.5,21.5
397.0,19.866168190957584,20.06184259474478,5.679117729047188,21.0,1,0.9381574052552217,20.06184259474478,20.5,21.5
398.0,19.8683307808652,20.064005392810095,5.6807591004261,21.0,1,0.9359946071899046,20.064005392810095,20.5,21.5
399.0,19.870493266529113,20.066168086796445,5.6823999533773435,21.0,1,0.9338319132035551,20.066168086796445,20.5,21.5
400.0,19.872655647866484,20.068330676621457,5.684040286651338,21.0,1,0.9316693233785429,20.068330676621457,20.5,21.5
401.0,19.87481792479424,20.07049316220253,5.685680098998897,21.0,1,0.9295068377974687,20.07049316220253,20.5,21.5
402.0,19.87698009722908,20.072655543456833,5.687319389171233,21.0,1,0.9273444565431674,20.072655543456833,20.5,21.5
403.0,19.87914216508747,20.074817820301288,5.688958155919954,21.0,1,0.9251821796987123,20.074817820301288,20.5,21.5
404.0,19.881304128285635,20.076979992652593,5.690596397997069,21.0,1,0.9230200073474073,20.076979992652593,20.5,21.5
405.0,19.883465986739576,20.079142060427213,5.692234114154986,21.0,1,0.9208579395727874,20.079142060427213,20.5,21.5
406.0,19.88562774036506,20.081304023541378,5.693871303146512,21.0,1,0.918695976458622,20.081304023541378,20.5,21.5
407.0,19.887789389077614,20.083465881911085,5.695507963724856,21.0,1,0.916534118088915,20.083465881911085,20.5,21.5
408.0,19.889950932792544,20.085627635452102,5.6971440946436305,21.0,1,0.9143723645478978,20.085627635452102,20.5,21.5
409.0,19.892112371424915,20.087789284079957,5.69877969465685,21.0,1,0.9122107159200432,20.087789284079957,20.5,21.5
410.0,19.89427370488956,20.089950827709952,5.7004147625189345,21.0,1,0.9100491722900479,20.089950827709952,20.5,21.5
411.0,19.896434933101087,20.092112266257157,5.702049296984709,21.0,1,0.907887733742843,20.092112266257157,20.5,21.5
412.0,19.898596055973865,20.09427359963641,5.703683296809404,21.0,1,0.9057264003635908,20.09427359963641,20.5,21.5
413.0,19.90075707342203,20.096434827762305,5.705316760748657,21.0,1,0.9035651722376947,20.096434827762305,20.5,21.5
414.0,19.902917985359498,20.09859595054922,5.706949687558514,21.0,1,0.9014040494507789,20.09859595054922,20.5,21.5
415.0,19.90507879169994,20.1007569679113,5.708582075995432,21.0,1,0.8992430320887017,20.1007569679113,20.5,21.5
416.0,19.907239492356798,20.10291787976244,5.710213924816274,21.0,1,0.8970821202375596,20.10291787976244,20.5,21.5
417.0,19.909400087243288,20.105078686016327,5.711845232778318,21.0,1,0.8949213139836729,20.105078686016327,20.5,21.5
418.0,19.911560576272397,20.1072393865864,5.71347599863925,21.0,1,0.8927606134135999,20.1072393865864,20.5,21.5
419.0,19.91372095935687,20.109399981385874,5.715106221157173,21.0,1,0.8906000186141263,20.109399981385874,20.5,21.5
420.0,19.91588123640923,20.111560470327735,5.716735899090601,21.0,1,0.8884395296722651,20.111560470327735,20.5,21.5
421.0,19.918041407341768,20.11372085332473,5.718365031198462,21.0,1,0.8862791466752711,20.11372085332473,20.5,21.5
422.0,19.92020147206654,20.115881130289377,5.719993616240102,21.0,1,0.8841188697106226,20.115881130289377,20.5,21.5
423.0,19.922361430495375,20.118041301133974,5.7216216529752835,21.0,1,0.8819586988660255,20.118041301133974,20.5,21.5
424.0,19.92452128253987,20.120201365770576,5.723249140164184,21.0,1,0.8797986342294237,20.120201365770576,20.5,21.5
425.0,19.926681028111396,20.122361324111004,5.724876076567403,21.0,1,0.8776386758889956,20.122361324111004,20.5,21.5
426.0,19.928840667121086,20.12452117606687,5.726502460945957,21.0,1,0.875478823933129,20.12452117606687,20.5,21.5
427.0,19.93100019947985,20.126680921549532,5.728128292061283,21.0,1,0.8733190784504679,20.126680921549532,20.5,21.5
428.0,19.933159625098366,20.12884056047013,5.729753568675239,21.0,1,0.871159439529869,20.12884056047013,20.5,21.5
429.0,19.935318943887083,20.131000092739576,5.731378289550109,21.0,1,0.8689999072604238,20.131000092739576,20.5,21.5
430.0,19.937478155756214,20.13315951826854,5.733002453448594,21.0,1,0.8668404817314617,20.13315951826854,20.5,21.5
431.0,19.93963726061575,20.13531883696747,5.734626059133825,21.0,1,0.8646811630325288,20.13531883696747,20.5,21.5
432.0,19.941796258375454,20.13747804874659,5.736249105369356,21.0,1,0.8625219512534095,20.13747804874659,20.5,21.5
433.0,19.943955148944852,20.13963715351589,5.737871590919164,21.0,1,0.8603628464841115,20.13963715351589,20.5,21.5
434.0,19.946113932233246,20.141796151185122,5.739493514547658,21.0,1,0.8582038488148775,20.141796151185122,20.5,21.5
435.0,19.948272608149708,20.143955041663823,5.741114875019672,21.0,1,0.8560449583361773,20.143955041663823,20.5,21.5
436.0,19.950431176603082,20.14611382486129,5.742735671100469,21.0,1,0.8538861751387117,20.14611382486129,20.5,21.5
437.0,19.952589637501983,20.148272500686595,5.7443559015557435,21.0,1,0.8517274993134052,20.148272500686595,20.5,21.5
438.0,19.954747990754793,20.150431069048587,5.745975565151618,21.0,1,0.8495689309514134,20.150431069048587,20.5,21.5
439.0,19.956906236269674,20.15258952985587,5.747594660654649,21.0,1,0.8474104701441298,20.15258952985587,20.5,21.5
440.0,19.95906437395455,20.15474788301684,5.749213186831824,21.0,1,0.8452521169831613,20.15474788301684,20.5,21.5
441.0,19.961222403717127,20.15690612843965,5.750831142450566,21.0,1,0.8430938715603489,20.15690612843965,20.5,21.5
442.0,19.963380325464872,20.159064266032225,5.752448526278731,21.0,1,0.8409357339677754,20.159064266032225,20.5,21.5
443.0,19.965538139105035,20.161222295702277,5.7540653370846115,21.0,1,0.8387777042977227,20.161222295702277,20.5,21.5
444.0,19.967695844544632,20.163380217357265,5.7556815736369344,21.0,1,0.8366197826427353,20.163380217357265,20.5,21.5
445.0,19.96985344169045,20.165538030904447,5.757297234704866,21.0,1,0.8344619690955533,20.165538030904447,20.5,21.5
446.0,19.972010930449052,20.167695736250828,5.75891231905801,21.0,1,0.8323042637491724,20.167695736250828,20.5,21.5
447.0,19.974168310726775,20.16985333330321,5.7605268254664095,21.0,1,0.8301466666967912,20.16985333330321,20.5,21.5
448.0,19.976325582429723,20.172010821968147,5.762140752700548,21.0,1,0.8279891780318529,20.172010821968147,20.5,21.5
449.0,19.978482745463776,20.174168202151975,5.763754099531349,21.0,1,0.825831797848025,20.174168202151975,20.5,21.5
450.0,19.98063979973459,20.176325473760805,5.765366864730179,21.0,1,0.8236745262391949,20.176325473760805,20.5,21.5
451.0,19.98279674514759,20.17848263670051,5.766979047068848,21.0,1,0.8215173632994883,20.17848263670051,20.5,21.5
452.0,19.98495358160797,20.180639690876752,5.768590645319607,21.0,1,0.8193603091232475,20.180639690876752,20.5,21.5
453.0,19.987110309020714,20.182796636194947,5.770201658255156,21.0,1,0.8172033638050529,20.182796636194947,20.5,21.5
454.0,19.98926692729056,20.184953472560306,5.771812084648637,21.0,1,0.8150465274396943,20.184953472560306,20.5,21.5
455.0,19.991423436322034,20.187110199877793,5.7734219232736415,21.0,1,0.8128898001222069,20.187110199877793,20.5,21.5
456.0,19.993579836019425,20.18926681805216,5.775031172904206,21.0,1,0.8107331819478389,20.18926681805216,20.5,21.5
457.0,19.9957361262868,20.191423326987927,5.776639832314817,21.0,1,0.8085766730120731,20.191423326987927,20.5,21.5
458.0,19.997892307028007,20.193579726589387,5.778247900280412,21.0,1,0.8064202734106125,20.193579726589387,20.5,21.5
459.0,20.00004837814666,20.19573601676061,5.779855375576377,21.0,1,0.804263983239391,20.19573601676061,20.5,21.5
460.0,20.002204339546143,20.19789219740543,5.781462256978547,21.0,1,0.8021078025945698,20.19789219740543,20.5,21.5
461.0,20.004360191129628,20.20004826842747,5.783068543263215,21.0,1,0.7999517315725306,20.20004826842747,20.5,21.5
462.0,20.006515932800056,20.20220422973012,5.784674233207123,21.0,1,0.7977957702698788,20.20220422973012,20.5,21.5
463.0,20.008671564460137,20.204360081216542,5.786279325587468,21.0,1,0.7956399187834577,20.204360081216542,20.5,21.5
464.0,20.010827086012362,20.206515822789683,5.787883819181902,21.0,1,0.7934841772103169,20.206515822789683,20.5,21.5
465.0,20.012982497358998,20.208671454352253,5.789487712768534,21.0,1,0.7913285456477475,20.208671454352253,20.5,21.5
466.0,20.01513779840208,20.210826975806746,5.79109100512593,21.0,1,0.7891730241932535,20.210826975806746,20.5,21.5
467.0,20.017292989043426,20.21298238705542,5.792693695033112,21.0,1,0.787017612944581,20.21298238705542,20.5,21.5
468.0,20.019448069184623,20.21513768800032,5.794295781269561,21.0,1,0.7848623119996816,20.21513768800032,20.5,21.5
469.0,20.02160303872704,20.217292878543255,5.79589726261522,21.0,1,0.7827071214567454,20.217292878543255,20.5,21.5
470.0,20.02375789757182,20.219447958585818,5.797498137850493,21.0,1,0.7805520414141824,20.219447958585818,20.5,21.5
471.0,20.025912645619876,20.221602928029377,5.79909840575624,21.0,1,0.7783970719706232,20.221602928029377,20.5,21.5
472.0,20.028067282771904,20.22375778677507,5.80069806511379,21.0,1,0.7762422132249291,20.22375778677507,20.5,21.5
473.0,20.03022180892837,20.225912534723822,5.802297114704932,21.0,1,0.7740874652761782,20.225912534723822,20.5,21.5
474.0,20.032376223989527,20.22806717177632,5.8038955533119205,21.0,1,0.7719328282236795,20.22806717177632,20.5,21.5
475.0,20.03453052785539,20.230221697833034,5.805493379717475,21.0,1,0.7697783021669657,20.230221697833034,20.5,21.5
476.0,20.036684720425765,20.232376112794213,5.80709059270478,21.0,1,0.7676238872057866,20.232376112794213,20.5,21.5
477.0,20.03883880160022,20.234530416559878,5.80868719105749,21.0,1,0.7654695834401224,20.234530416559878,20.5,21.5
478.0,20.040992771278113,20.23668460902983,5.810283173559725,21.0,1,0.7633153909701704,20.23668460902983,20.5,21.5
479.0,20.04314662935857,20.238838690103638,5.811878538996075,21.0,1,0.7611613098963623,20.238838690103638,20.5,21.5
480.0,20.0453003757405,20.24099265968066,5.8134732861516,21.0,1,0.7590073403193394,20.24099265968066,20.5,21.5
481.0,20.047454010322582,20.243146517660023,5.815067413811831,21.0,1,0.7568534823399773,20.243146517660023,20.5,21.5
482.0,20.04960753300328,20.245300263940635,5.81666092076277,21.0,1,0.754699736059365,20.245300263940635,20.5,21.5
483.0,20.05176094368083,20.247453898421178,5.818253805790892,21.0,1,0.7525461015788224,20.247453898421178,20.5,21.5
484.0,20.053914242253253,20.249607421000114,5.819846067683145,21.0,1,0.750392578999886,20.249607421000114,20.5,21.5
485.0,20.056067428618338,20.251760831575684,5.821437705226955,21.0,1,0.7482391684243161,20.251760831575684,20.5,21.5
486.0,20.05822050267366,20.253914130045896,5.823028717210217,21.0,1,0.7460858699541042,20.253914130045896,20.5,21.5
487.0,20.060373464316566,20.256067316308553,5.82461910242131,21.0,1,0.7439326836914475,20.256067316308553,20.5,21.5
488.0,20.062526313444188,20.258220390261226,5.826208859649084,21.0,1,0.7417796097387743,20.258220390261226,20.5,21.5
489.0,20.06467904995343,20.260373351801263,5.827797987682869,21.0,1,0.7396266481987368,20.260373351801263,20.5,21.5
490.0,20.066831673740975,20.26252620082579,5.829386485312478,21.0,1,0.7374737991742109,20.26252620082579,20.5,21.5
491.0,20.06898418470329,20.264678937231714,5.830974351328199,21.0,1,0.7353210627682856,20.264678937231714,20.5,21.5
492.0,20.071136582736614,20.266831560915723,5.8325615845208025,21.0,1,0.7331684390842774,20.266831560915723,20.5,21.5
493.0,20.07328886773697,20.268984071774277,5.834148183681542,21.0,1,0.7310159282257231,20.268984071774277,20.5,21.5
494.0,20.075441039600157,20.271136469703624,5.835734147602153,21.0,1,0.7288635302963762,20.271136469703624,20.5,21.5
495.0,20.077593098221758,20.273288754599783,5.837319475074856,21.0,1,0.7267112454002174,20.273288754599783,20.5,21.5
496.0,20.07974504349713,20.27544092635855,5.838904164892354,21.0,1,0.7245590736414513,20.27544092635855,20.5,21.5
497.0,20.08189687532141,20.277592984875508,5.840488215847837,21.0,1,0.7224070151244923,20.277592984875508,20.5,21.5
498.0,20.084048593589515,20.279744930046018,5.842071626734982,21.0,1,0.720255069953982,20.279744930046018,20.5,21.5
499.0,20.086200198196142,20.281896761765218,5.843654396347952,21.0,1,0.7181032382347823,20.281896761765218,20.5,21.5
500.0,20.088351689035772,20.28404847992802,5.8452365234813985,21.0,1,0.7159515200719788,20.28404847992802,20.5,21.5
501.0,20.09050306600266,20.286200084429126,5.846818006930464,21.0,1,0.7137999155708741,20.286200084429126,20.5,21.5
502.0,20.092654328990847,20.288351575163013,5.84839884549078,21.0,1,0.7116484248369872,20.288351575163013,20.5,21.5
503.0,20.09480547789415,20.29050295202394,5.8499790379584695,21.0,1,0.7094970479760612,20.29050295202394,20.5,21.5
504.0,20.096956512606162,20.292654214905944,5.851558583130146,21.0,1,0.7073457850940557,20.292654214905944,20.5,21.5
505.0,20.09910743302027,20.294805363702842,5.853137479802917,21.0,1,0.7051946362971577,20.294805363702842,20.5,21.5
506.0,20.101258239029626,20.296956398308232,5.854715726774385,21.0,1,0.7030436016917676,20.296956398308232,20.5,21.5
507.0,20.103408930527173,20.299107318615498,5.856293322842646,21.0,1,0.7008926813845022,20.299107318615498,20.5,21.5
508.0,20.105559507405637,20.301258124517794,5.857870266806292,21.0,1,0.6987418754822059,20.301258124517794,20.5,21.5
509.0,20.10770996955752,20.303408815908067,5.859446557464411,21.0,1,0.6965911840919325,20.303408815908067,20.5,21.5
510.0,20.1098603168751,20.305559392679037,5.8610221936165905,21.0,1,0.6944406073209635,20.305559392679037,20.5,21.5
511.0,20.11201054925045,20.3077098547232,5.8625971740629135,21.0,1,0.6922901452768002,20.3077098547232,20.5,21.5
512.0,20.114160666575412,20.309860201932846,5.864171497603965,21.0,1,0.690139798067154,20.309860201932846,20.5,21.5
513.0,20.11631066874162,20.312010434200044,5.8657451630408275,21.0,1,0.6879895657999562,20.312010434200044,20.5,21.5
514.0,20.11846055564048,20.314160551416638,5.867318169175088,21.0,1,0.6858394485833621,20.314160551416638,20.5,21.5
515.0,20.120610327163185,20.316310553474253,5.868890514808834,21.0,1,0.6836894465257473,20.316310553474253,20.5,21.5
516.0,20.122759983200712,20.318460440264307,5.870462198744655,21.0,1,0.6815395597356932,20.318460440264307,20.5,21.5
517.0,20.124909523643822,20.32061021167799,5.872033219785646,21.0,1,0.679389788322009,20.32061021167799,20.5,21.5
518.0,20.127058948383052,20.322759867606276,5.8736035767354045,21.0,1,0.6772401323937238,20.322759867606276,20.5,21.5
519.0,20.129208257308722,20.324909407939924,5.875173268398037,21.0,1,0.6750905920600765,20.324909407939924,20.5,21.5
520.0,20.13135745031094,20.327058832569477,5.876742293578155,21.0,1,0.6729411674305226,20.327058832569477,20.5,21.5
521.0,20.133506527279593,20.329208141385255,5.878310651080877,21.0,1,0.670791858614745,20.329208141385255,20.5,21.5
522.0,20.135655488104355,20.33135733427736,5.87987833971183,21.0,1,0.6686426657226399,20.33135733427736,20.5,21.5
523.0,20.137804332674676,20.333506411135684,5.881445358277152,21.0,1,0.6664935888643164,20.333506411135684,20.5,21.5
524.0,20.139953060879797,20.3356553718499,5.88301170558349,21.0,1,0.6643446281501006,20.3356553718499,20.5,21.5
525.0,20.14210167260874,20.337804216309458,5.884577380438002,21.0,1,0.6621957836905423,20.337804216309458,20.5,21.5
526.0,20.144250167750304,20.3399529444036,5.88614238164836,21.0,1,0.6600470555964009,20.3399529444036,20.5,21.5
527.0,20.146398546193083,20.342101556021344,5.887706708022744,21.0,1,0.6578984439786559,20.342101556021344,20.5,21.5
528.0,20.14854680782545,20.344250051051496,5.889270358369855,21.0,1,0.6557499489485039,20.344250051051496,20.5,21.5
529.0,20.15069495253556,20.346398429382653,5.890833331498904,21.0,1,0.6536015706173472,20.346398429382653,20.5,21.5
530.0,20.152842980211354,20.348546690903174,5.892395626219617,21.0,1,0.6514533090968264,20.348546690903174,20.5,21.5
531.0,20.154990890740557,20.350694835501223,5.8939572413422425,21.0,1,0.6493051644987773,20.350694835501223,20.5,21.5
532.0,20.157138684010675,20.352842863064744,5.895518175677539,21.0,1,0.647157136935256,20.352842863064744,20.5,21.5
533.0,20.159286359909007,20.354990773481454,5.89707842803679,21.0,1,0.6450092265185461,20.354990773481454,20.5,21.5
534.0,20.161433918322633,20.35713856663887,5.898637997231793,21.0,1,0.64286143336113,20.35713856663887,20.5,21.5
535.0,20.163581359138416,20.359286242424282,5.90019688207487,21.0,1,0.6407137575757176,20.359286242424282,20.5,21.5
536.0,20.165728682243003,20.361433800724775,5.9017550813788615,21.0,1,0.6385661992752247,20.361433800724775,20.5,21.5
537.0,20.16787588752283,20.363581241427205,5.903312593957131,21.0,1,0.6364187585727947,20.363581241427205,20.5,21.5
538.0,20.170022974864114,20.365728564418227,5.904869418623566,21.0,1,0.6342714355817733,20.365728564418227,20.5,21.5
539.0,20.172169944152866,20.36787576958427,5.906425554192575,21.0,1,0.6321242304157302,20.36787576958427,20.5,21.5
540.0,20.174316795274873,20.370022856811563,5.9079809994790935,21.0,1,0.6299771431884373,20.370022856811563,20.5,21.5
541.0,20.176463528115715,20.372169825986106,5.9095357532985835,21.0,1,0.6278301740138943,20.372169825986106,20.5,21.5
542.0,20.17861014256075,20.37431667699369,5.911089814467031,21.0,1,0.6256833230063101,20.37431667699369,20.5,21.5
543.0,20.18075663849513,20.376463409719893,5.912643181800951,21.0,1,0.6235365902801071,20.376463409719893,20.5,21.5
544.0,20.18290301580379,20.37861002405008,5.914195854117389,21.0,1,0.6213899759499206,20.37861002405008,20.5,21.5
545.0,20.185049274371455,20.380756519869397,5.915747830233913,21.0,1,0.6192434801306028,20.380756519869397,20.5,21.5
546.0,20.187195414082627,20.38290289706278,5.9172991089686295,21.0,1,0.617097102937219,20.38290289706278,20.5,21.5
547.0,20.189341434821603,20.385049155514952,5.918849689140171,21.0,1,0.6149508444850476,20.385049155514952,20.5,21.5
548.0,20.191487336472466,20.38719529511042,5.920399569567703,21.0,1,0.6128047048895802,20.38719529511042,20.5,21.5
549.0,20.193633118919085,20.38934131573348,5.921948749070925,21.0,1,0.6106586842665216,20.38934131573348,20.5,21.5
550.0,20.195778782045114,20.39148721726821,5.923497226470068,21.0,1,0.6085127827317898,20.39148721726821,20.5,21.5
551.0,20.197924325734,20.393632999598484,5.9250450005859,21.0,1,0.6063670004015158,20.393632999598484,20.5,21.5
552.0,20.20006974986897,20.395778662607956,5.926592070239724,21.0,1,0.604221337392044,20.395778662607956,20.5,21.5
553.0,20.202215054333045,20.397924206180072,5.928138434253378,21.0,1,0.6020757938199282,20.397924206180072,20.5,21.5
554.0,20.20436023900903,20.400069630198058,5.929684091449239,21.0,1,0.5999303698019425,20.400069630198058,20.5,21.5
555.0,20.20650530377952,20.40221493454494,5.931229040650223,21.0,1,0.59778506545506,20.40221493454494,20.5,21.5
556.0,20.208650248526894,20.404360119103522,5.932773280679783,21.0,1,0.5956398808964778,20.404360119103522,20.5,21.5
557.0,20.210795073133323,20.406505183756387,5.934316810361912,21.0,1,0.5934948162436129,20.406505183756387,20.5,21.5
558.0,20.21293977748077,20.408650128385936,5.935859628521147,21.0,1,0.5913498716140637,20.408650128385936,20.5,21.5
559.0,20.215084361450977,20.410794952874323,5.937401733982563,21.0,1,0.5892050471256773,20.410794952874323,20.5,21.5
560.0,20.217228824925485,20.412939657103514,5.9389431255717815,21.0,1,0.5870603428964856,20.412939657103514,20.5,21.5
561.0,20.219373167785616,20.41508424095526,5.940483802114964,21.0,1,0.5849157590447405,20.41508424095526,20.5,21.5
562.0,20.22151738991248,20.41722870431109,5.94202376243882,21.0,1,0.5827712956889108,20.41722870431109,20.5,21.5
563.0,20.223661491186988,20.419373047052332,5.943563005370601,21.0,1,0.580626952947668,20.419373047052332,20.5,21.5
564.0,20.225805471489824,20.4215172690601,5.945101529738108,21.0,1,0.5784827309398999,20.4215172690601,20.5,21.5
565.0,20.227949330701474,20.4236613702153,5.946639334369687,21.0,1,0.5763386297847006,20.4236613702153,20.5,21.5
566.0,20.230093068702207,20.425805350398615,5.948176418094232,21.0,1,0.5741946496013846,20.425805350398615,20.5,21.5
567.0,20.232236685372087,20.42794920949054,5.949712779741189,21.0,1,0.5720507905094614,20.42794920949054,20.5,21.5
568.0,20.23438018059096,20.43009294737133,5.95124841814055,21.0,1,0.5699070526286683,20.43009294737133,20.5,21.5
569.0,20.23652355423847,20.432236563921062,5.952783332122861,21.0,1,0.5677634360789376,20.432236563921062,20.5,21.5
570.0,20.238666806194047,20.434380059019578,5.954317520519217,21.0,1,0.5656199409804223,20.434380059019578,20.5,21.5
571.0,20.240809936336913,20.436523432546515,5.955850982161267,21.0,1,0.5634765674534847,20.436523432546515,20.5,21.5
572.0,20.242952944546076,20.438666684381314,5.957383715881214,21.0,1,0.5613333156186862,20.438666684381314,20.5,21.5
573.0,20.245095830700343,20.44080981440319,5.958915720511813,21.0,1,0.5591901855968118,20.44080981440319,20.5,21.5
574.0,20.247238594678304,20.442952822491158,5.960446994886378,21.0,1,0.5570471775088421,20.442952822491158,20.5,21.5
575.0,20.249381236358346,20.445095708524015,5.961977537838775,21.0,1,0.5549042914759852,20.445095708524015,20.5,21.5
576.0,20.251523755618642,20.44723847238036,5.96350734820343,21.0,1,0.5527615276196407,20.44723847238036,20.5,21.5
577.0,20.25366615233716,20.44938111393858,5.9650364248153265,21.0,1,0.5506188860614216,20.44938111393858,20.5,21.5
578.0,20.255808426391656,20.45152363307684,5.966564766510005,21.0,1,0.5484763669231612,20.45152363307684,20.5,21.5
579.0,20.25795057765968,20.453666029673116,5.968092372123566,21.0,1,0.5463339703268844,20.453666029673116,20.5,21.5
580.0,20.260092606018574,20.45580830360516,5.969619240492674,21.0,1,0.5441916963948401,20.45580830360516,20.5,21.5
581.0,20.26223451134547,20.457950454750527,5.9711453704545505,21.0,1,0.5420495452494727,20.457950454750527,20.5,21.5
582.0,20.26437629351729,20.460092482986553,5.972670760846981,21.0,1,0.5399075170134466,20.460092482986553,20.5,21.5
583.0,20.266517952410755,20.462234388190375,5.974195410508315,21.0,1,0.5377656118096255,20.462234388190375,20.5,21.5
584.0,20.268659487902376,20.46437617023891,5.9757193182774655,21.0,1,0.5356238297610894,20.46437617023891,20.5,21.5
585.0,20.27080089986845,20.466517829008886,5.97724248299391,21.0,1,0.533482170991114,20.466517829008886,20.5,21.5
586.0,20.272942188185077,20.468659364376805,5.978764903497693,21.0,1,0.5313406356231951,20.468659364376805,20.5,21.5
587.0,20.27508335272814,20.470800776218972,5.980286578629424,21.0,1,0.5291992237810277,20.470800776218972,20.5,21.5
588.0,20.27722439337332,20.472942064411487,5.981807507230282,21.0,1,0.5270579355885125,20.472942064411487,20.5,21.5
589.0,20.27936530999609,20.47508322883023,5.983327688142013,21.0,1,0.5249167711697709,20.47508322883023,20.5,21.5
590.0,20.28150610247172,20.477224269350884,5.984847120206934,21.0,1,0.5227757306491156,20.477224269350884,20.5,21.5
591.0,20.28364677067527,20.479365185848923,5.986365802267931,21.0,1,0.5206348141510766,20.479365185848923,20.5,21.5
592.0,20.28578731448159,20.481505978199614,5.987883733168462,21.0,1,0.518494021800386,20.481505978199614,20.5,21.5
593.0,20.287927733765326,20.483646646278014,5.989400911752556,21.0,1,0.5163533537219855,20.483646646278014,20.5,21.5
594.0,20.290068028400924,20.485787189958984,5.990917336864815,21.0,1,0.5142128100410162,20.485787189958984,20.5,21.5
595.0,20.292208198262617,20.48792760911716,5.992433007350416,21.0,1,0.5120723908828388,20.48792760911716,20.5,21.5
596.0,20.294348243224434,20.490067903626997,5.993947922055111,21.0,1,0.509932096373003,20.490067903626997,20.5,21.5
597.0,20.2964881631602,20.49220807336272,5.9954620798252245,21.0,1,0.5077919266372817,20.49220807336272,20.5,21.5
598.0,20.29862795794353,20.49434811819836,5.99697547950766,21.0,1,0.50565188180164,20.49434811819836,20.5,21.5
599.0,20.300767627447843,20.496488038007744,5.9984881199499,21.0,1,0.5035119619922561,20.496488038007744,20.5,21.5
600.0,20.302907171546345,20.49862783266449,6.0,21.0,1,0.5013721673355107,20.49862783266449,20.5,21.5
601.0,20.305046590112035,20.500767502042006,6.001511118506599,21.0,1,0.49923249795799407,20.500767502042006,20.5,21.5
602.0,20.307185883017713,20.50290704601351,6.003021474318914,21.0,1,0.49709295398648834,20.50290704601351,20.5,21.5
603.0,20.309325050135975,20.505046464452,6.004531066286745,21.0,1,0.4949535355479995,20.505046464452,20.5,21.5
604.0,20.311464091339204,20.50718575723027,6.0060398932604695,21.0,1,0.49281424276972885,20.50718575723027,20.5,21.5
605.0,20.313603006499587,20.509324924220923,6.007547954091052,21.0,1,0.49067507577907676,20.509324924220923,20.5,21.5
606.0,20.315741795489107,20.511463965296336,6.009055247630038,21.0,1,0.4885360347036638,20.511463965296336,20.5,21.5
607.0,20.317880458179534,20.5136028803287,6.010561772729559,21.0,1,0.48639711967129884,20.5136028803287,20.5,21.5
608.0,20.320018994442442,20.515741669189996,6.012067528242327,21.0,1,0.4842583308100039,20.515741669189996,20.5,21.5
609.0,20.322157404149202,20.517880331751993,6.013572513021648,21.0,1,0.4821196682480071,20.517880331751993,20.5,21.5
610.0,20.324295687170977,20.52001886788627,6.015076725921408,21.0,1,0.4799811321137284,20.52001886788627,20.5,21.5
611.0,20.326433843378727,20.522157277464196,6.016580165796085,21.0,1,0.4778427225358044,20.522157277464196,20.5,21.5
612.0,20.32857187264321,20.524295560356933,6.018082831500743,21.0,1,0.4757044396430672,20.524295560356933,20.5,21.5
613.0,20.330709774834983,20.52643371643544,6.019584721891037,21.0,1,0.47356628356455843,20.52643371643544,20.5,21.5
614.0,20.332847549824393,20.52857174557048,6.021085835823211,21.0,1,0.47142825442951874,20.52857174557048,20.5,21.5
615.0,20.334985197481593,20.5307096476326,6.022586172154104,21.0,1,0.46929035236739836,20.5307096476326,20.5,21.5
616.0,20.33712271767653,20.53284742249216,6.024085729741143,21.0,1,0.46715257750783934,20.53284742249216,20.5,21.5
617.0,20.339260110278943,20.53498507001931,6.02558450744235,21.0,1,0.46501492998068983,20.53498507001931,20.5,21.5
618.0,20.341397375158376,20.53712259008399,6.02708250411634,21.0,1,0.4628774099160111,20.53712259008399,20.5,21.5
619.0,20.343534512184167,20.53925998255594,6.028579718622325,21.0,1,0.4607400174440599,20.53925998255594,20.5,21.5
620.0,20.345671521225455,20.541397247304715,6.0300761498201085,21.0,1,0.4586027526952847,20.541397247304715,20.5,21.5
621.0,20.347808402151173,20.543534384199646,6.031571796570095,21.0,1,0.4564656158003544,20.543534384199646,20.5,21.5
622.0,20.349945154830056,20.545671393109867,6.033066657733284,21.0,1,0.4543286068901331,20.545671393109867,20.5,21.5
623.0,20.352081779130636,20.54780827390432,6.034560732171273,21.0,1,0.4521917260956805,20.54780827390432,20.5,21.5
624.0,20.354218274921244,20.549945026451734,6.036054018746261,21.0,1,0.45005497354826574,20.549945026451734,20.5,21.5
625.0,20.35635464207001,20.552081650620643,6.037546516321043,21.0,1,0.44791834937935704,20.552081650620643,20.5,21.5
626.0,20.358490880444858,20.554218146279382,6.039038223759019,21.0,1,0.44578185372061796,20.554218146279382,20.5,21.5
627.0,20.36062698991352,20.556354513296075,6.040529139924188,21.0,1,0.44364548670392523,20.556354513296075,20.5,21.5
628.0,20.36276297034352,20.55849075153865,6.042019263681153,21.0,1,0.441509248461351,20.55849075153865,20.5,21.5
629.0,20.36489882160219,20.56062686087484,6.043508593895119,21.0,1,0.4393731391251592,20.56062686087484,20.5,21.5
630.0,20.36703454355665,20.562762841172166,6.044997129431898,21.0,1,0.4372371588278341,20.562762841172166,20.5,21.5
631.0,20.369170136073823,20.56489869229796,6.046484869157903,21.0,1,0.43510130770204114,20.56489869229796,20.5,21.5
632.0,20.371305599020438,20.56703441411934,6.047971811940158,21.0,1,0.4329655858806589,20.56703441411934,20.5,21.5
633.0,20.373440932263023,20.569170006503242,6.04945795664629,21.0,1,0.4308299934967579,20.569170006503242,20.5,21.5
634.0,20.3755761356679,20.571305469316385,6.050943302144535,21.0,1,0.4286945306836145,20.571305469316385,20.5,21.5
635.0,20.377711209101193,20.573440802425296,6.052427847303739,21.0,1,0.4265591975747043,20.573440802425296,20.5,21.5
636.0,20.379846152428833,20.5755760056963,6.053911590993355,21.0,1,0.4244239943037016,20.5755760056963,20.5,21.5
637.0,20.381980965516547,20.57771107899552,6.055394532083448,21.0,1,0.4222889210044798,20.57771107899552,20.5,21.5
638.0,20.384115648229862,20.57984602218889,6.056876669444694,21.0,1,0.4201539778111112,20.57984602218889,20.5,21.5
639.0,20.386250200434105,20.58198083514213,6.058358001948381,21.0,1,0.4180191648578706,20.58198083514213,20.5,21.5
640.0,20.38838462199441,20.58411551772077,6.059838528466409,21.0,1,0.41588448227922825,20.58411551772077,20.5,21.5
641.0,20.390518912775704,20.586250069790147,6.061318247871295,21.0,1,0.4137499302098533,20.586250069790147,20.5,21.5
642.0,20.392653072642723,20.588384491215383,6.062797159036165,21.0,1,0.4116155087846174,20.588384491215383,20.5,21.5
643.0,20.39478710146,20.59051878186141,6.064275260834767,21.0,1,0.4094812181385912,20.59051878186141,20.5,21.5
644.0,20.396920999091876,20.592652941592963,6.0657525521414595,21.0,1,0.4073470584070371,20.592652941592963,20.5,21.5
645.0,20.399054765402486,20.594786970274576,6.067229031831223,21.0,1,0.4052130297254237,20.594786970274576,20.5,21.5
646.0,20.401188400255773,20.596920867770592,6.068704698779653,21.0,1,0.40307913222940783,20.596920867770592,20.5,21.5
647.0,20.40332190351548,20.599054633945144,6.070179551862964,21.0,1,0.40094536605485587,20.599054633945144,20.5,21.5
648.0,20.40545527504515,20.601188268662174,6.071653589957993,21.0,1,0.3988117313378261,20.601188268662174,20.5,21.5
649.0,20.40758851470813,20.603321771785424,6.0731268119421955,21.0,1,0.39667822821457577,20.603321771785424,20.5,21.5
650.0,20.409721622367577,20.60545514317844,6.074599216693647,21.0,1,0.39454485682156104,20.60545514317844,20.5,21.5
651.0,20.411854597886443,20.607588382704574,6.07607080309105,21.0,1,0.3924116172954264,20.607588382704574,20.5,21.5
652.0,20.41398744112748,20.609721490226974,6.077541570013726,21.0,1,0.3902785097730259,20.609721490226974,20.5,21.5
653.0,20.41612015195326,20.611854465608594,6.079011516341622,21.0,1,0.38814553439140553,20.611854465608594,20.5,21.5
654.0,20.418252730226136,20.613987308712197,6.08048064095531,21.0,1,0.386012691287803,20.613987308712197,20.5,21.5
655.0,20.42038517580828,20.616120019400338,6.081948942735988,21.0,1,0.3838799805996622,20.616120019400338,20.5,21.5
656.0,20.422517488561667,20.61825259753538,6.083416420565479,21.0,1,0.3817474024646188,20.61825259753538,20.5,21.5
657.0,20.424649668348067,20.6203850429795,6.084883073326237,21.0,1,0.3796149570205003,20.6203850429795,20.5,21.5
658.0,20.426781715029062,20.622517355594663,6.086348899901341,21.0,1,0.37748264440533674,20.622517355594663,20.5,21.5
659.0,20.428913628466038,20.624649535242646,6.087813899174501,21.0,1,0.37535046475735356,20.624649535242646,20.5,21.5
660.0,20.43104540852018,20.626781581785025,6.089278070030054,21.0,1,0.37321841821497515,20.626781581785025,20.5,21.5
661.0,20.433177055052482,20.62891349508319,6.0907414113529725,21.0,1,0.3710865049168106,20.62891349508319,20.5,21.5
662.0,20.43530856792374,20.63104527499832,6.092203922028858,21.0,1,0.3689547250016787,20.63104527499832,20.5,21.5
663.0,20.437439946994562,20.633176921391424,6.093665600943945,21.0,1,0.36682307860857577,20.633176921391424,20.5,21.5
664.0,20.439571192125353,20.635308434123285,6.0951264469851,21.0,1,0.3646915658767149,20.635308434123285,20.5,21.5
665.0,20.441702303176324,20.637439813054517,6.096586459039828,21.0,1,0.3625601869454833,20.637439813054517,20.5,21.5
666.0,20.443833280007496,20.63957105804552,6.098045635996264,21.0,1,0.3604289419544813,20.63957105804552,20.5,21.5
667.0,20.445964122478692,20.641702168956506,6.099503976743181,21.0,1,0.3582978310434939,20.641702168956506,20.5,21.5
668.0,20.448094830449545,20.643833145647505,6.100961480169991,21.0,1,0.3561668543524945,20.643833145647505,20.5,21.5
669.0,20.450225403779488,20.64596398797833,6.102418145166741,21.0,1,0.3540360120216697,20.64596398797833,20.5,21.5
670.0,20.452355842327766,20.648094695808616,6.103873970624116,21.0,1,0.35190530419138355,20.648094695808616,20.5,21.5
671.0,20.454486145953425,20.650225268997804,6.105328955433444,21.0,1,0.3497747310021957,20.650225268997804,20.5,21.5
672.0,20.45661631451532,20.65235570740513,6.106783098486688,21.0,1,0.34764429259487173,20.65235570740513,20.5,21.5
673.0,20.458746347872115,20.654486010889645,6.108236398676457,21.0,1,0.3455139891103549,20.654486010889645,20.5,21.5
674.0,20.460876245882275,20.656616179310202,6.109688854895999,21.0,1,0.3433838206897981,20.656616179310202,20.5,21.5
675.0,20.46300600840408,20.658746212525465,6.111140466039204,21.0,1,0.3412537874745354,20.658746212525465,20.5,21.5
676.0,20.465135635295606,20.6608761103939,6.11259123100061,21.0,1,0.33912388960609974,20.6608761103939,20.5,21.5
677.0,20.46726512641475,20.663005872773788,6.114041148675393,21.0,1,0.33699412722621247,20.663005872773788,20.5,21.5
678.0,20.4693944816192,20.665135499523203,6.11549021795938,21.0,1,0.3348645004767974,20.665135499523203,20.5,21.5
679.0,20.47152370076647,20.66726499050004,6.116938437749042,21.0,1,0.3327350094999595,20.66726499050004,20.5,21.5
680.0,20.473652783713863,20.669394345561997,6.118385806941494,21.0,1,0.3306056544380027,20.669394345561997,20.5,21.5
681.0,20.47578173031851,20.671523564566577,6.119832324434503,21.0,1,0.32847643543342286,20.671523564566577,20.5,21.5
682.0,20.477910540437332,20.673652647371092,6.121277989126483,21.0,1,0.32634735262890757,20.673652647371092,20.5,21.5
683.0,20.48003921392707,20.675781593832664,6.122722799916498,21.0,1,0.3242184061673363,20.675781593832664,20.5,21.5
684.0,20.48216775064427,20.677910403808223,6.124166755704261,21.0,1,0.3220895961917769,20.677910403808223,20.5,21.5
685.0,20.48429615044528,20.680039077154508,6.125609855390137,21.0,1,0.3199609228454925,20.680039077154508,20.5,21.5
686.0,20.48642441318627,20.682167613728062,6.1270520978751435,21.0,1,0.3178323862719381,20.682167613728062,20.5,21.5
687.0,20.48855253872321,20.68429601338524,6.128493482060948,21.0,1,0.3157039866147606,20.68429601338524,20.5,21.5
688.0,20.490680526911877,20.686424275982198,6.129934006849876,21.0,1,0.3135757240178023,20.686424275982198,20.5,21.5
689.0,20.492808377607865,20.688552401374917,6.131373671144904,21.0,1,0.3114475986250831,20.688552401374917,20.5,21.5
690.0,20.494936090666574,20.690680389419178,6.132812473849666,21.0,1,0.3093196105808218,20.690680389419178,20.5,21.5
691.0,20.49706366594321,20.692808239970564,6.1342504138684495,21.0,1,0.30719176002943627,20.692808239970564,20.5,21.5
692.0,20.499191103292794,20.69493595288448,6.135687490106203,21.0,1,0.3050640471155184,20.69493595288448,20.5,21.5
693.0,20.501318402570156,20.697063528016137,6.137123701468528,21.0,1,0.30293647198386253,20.697063528016137,20.5,21.5
694.0,20.503445563629935,20.69919096522055,6.138559046861689,21.0,1,0.3008090347794514,20.69919096522055,20.5,21.5
695.0,20.505572586326583,20.70131826435255,6.139993525192606,21.0,1,0.29868173564744893,20.70131826435255,20.5,21.5
696.0,20.507699470514357,20.703445425266782,6.141427135368863,21.0,1,0.2965545747332179,20.703445425266782,20.5,21.5
697.0,20.509826216047326,20.705572447817687,6.1428598762987034,21.0,1,0.294427552182313,20.705572447817687,20.5,21.5
698.0,20.511952822779378,20.707699331859533,6.1442917468910325,21.0,1,0.2923006681404665,20.707699331859533,20.5,21.5
699.0,20.5140792905642,20.709826077246383,6.145722746055418,21.0,1,0.29017392275361686,20.709826077246383,20.5,21.5
700.0,20.5162056192553,20.71195268383213,6.147152872702092,21.0,1,0.2880473161678694,20.71195268383213,20.5,21.5
701.0,20.518331808705987,20.714079151470454,6.148582125741951,21.0,1,0.28592084852954613,20.714079151470454,20.5,21.5
702.0,20.520457858769394,20.716205480014867,6.150010504086557,21.0,1,0.2837945199851326,20.716205480014867,20.5,21.5
703.0,20.522583769298457,20.71833166931868,6.151438006648137,21.0,1,0.28166833068132036,20.71833166931868,20.5,21.5
704.0,20.524709540145928,20.720457719235025,6.152864632339586,21.0,1,0.279542280764975,20.720457719235025,20.5,21.5
705.0,20.526835171164365,20.72258362961684,6.1542903800744675,21.0,1,0.27741637038316114,20.72258362961684,20.5,21.5
706.0,20.528960662206146,20.724709400316872,6.15571524876701,21.0,1,0.2752905996831281,20.724709400316872,20.5,21.5
707.0,20.531086013123456,20.726835031187683,6.157139237332117,21.0,1,0.273164968812317,20.726835031187683,20.5,21.5
708.0,20.533211223768298,20.728960522081653,6.1585623446853575,21.0,1,0.2710394779183467,20.728960522081653,20.5,21.5
709.0,20.535336293992483,20.731085872850965,6.159984569742974,21.0,1,0.26891412714903495,20.731085872850965,20.5,21.5
710.0,20.537461223647632,20.73321108334762,6.1614059114218795,21.0,1,0.2667889166523807,20.73321108334762,20.5,21.5
711.0,20.539586012585186,20.735336153423425,6.162826368639661,21.0,1,0.2646638465765747,20.735336153423425,20.5,21.5
712.0,20.541710660656396,20.737461082930015,6.164245940314579,21.0,1,0.26253891706998544,20.737461082930015,20.5,21.5
713.0,20.543835167712327,20.73958587171882,6.165664625365567,21.0,1,0.26041412828118027,20.73958587171882,20.5,21.5
714.0,20.54595953360386,20.741710519641096,6.167082422712235,21.0,1,0.2582894803589042,20.741710519641096,20.5,21.5
715.0,20.548083758181683,20.743835026547906,6.168499331274869,21.0,1,0.2561649734520941,20.743835026547906,20.5,21.5
716.0,20.550207841296302,20.745959392290125,6.169915349974431,21.0,1,0.25404060770987513,20.745959392290125,20.5,21.5
717.0,20.55233178279804,20.748083616718453,6.171330477732561,21.0,1,0.25191638328154653,20.748083616718453,20.5,21.5
718.0,20.554455582537024,20.750207699683394,6.1727447134715785,21.0,1,0.24979230031660649,20.750207699683394,20.5,21.5
719.0,20.55657924036321,20.752331641035262,6.17415805611448,21.0,1,0.24766835896473793,20.752331641035262,20.5,21.5
720.0,20.55870275612636,20.754455440624195,6.175570504584947,21.0,1,0.245544559375805,20.754455440624195,20.5,21.5
721.0,20.560826129676048,20.756579098300143,6.176982057807334,21.0,1,0.24342090169985653,20.756579098300143,20.5,21.5
722.0,20.562949360861673,20.75870261391287,6.178392714706684,21.0,1,0.2412973860871297,20.75870261391287,20.5,21.5
723.0,20.56507244953244,20.760825987311954,6.179802474208721,21.0,1,0.2391740126880464,20.760825987311954,20.5,21.5
724.0,20.567195395537375,20.762949218346787,6.181211335239851,21.0,1,0.23705078165321325,20.762949218346787,20.5,21.5
725.0,20.569318198725316,20.76507230686658,6.1826192967271645,21.0,1,0.23492769313342166,20.76507230686658,20.5,21.5
726.0,20.571440858944918,20.767195252720352,6.184026357598439,21.0,1,0.23280474727964773,20.767195252720352,20.5,21.5
727.0,20.57356337604465,20.769318055756948,6.185432516782136,21.0,1,0.23068194424305233,20.769318055756948,20.5,21.5
728.0,20.575685749872797,20.77144071582502,6.186837773207403,21.0,1,0.22855928417498106,20.77144071582502,20.5,21.5
729.0,20.577807980277463,20.773563232773036,6.188242125804077,21.0,1,0.22643676722696426,20.773563232773036,20.5,21.5
730.0,20.579930067106567,20.775685606449287,6.189645573502682,21.0,1,0.22431439355071348,20.775685606449287,20.5,21.5
731.0,20.582052010207846,20.777807836701875,6.191048115234433,21.0,1,0.22219216329812497,20.777807836701875,20.5,21.5
732.0,20.58417380942885,20.779929923378713,6.192449749931232,21.0,1,0.22007007662128686,20.779929923378713,20.5,21.5
733.0,20.586295464616953,20.782051866327546,6.1938504765256726,21.0,1,0.21794813367245425,20.782051866327546,20.5,21.5
734.0,20.588416975619335,20.784173665395922,6.195250293951043,21.0,1,0.21582633460407763,20.784173665395922,20.5,21.5
735.0,20.590538342283,20.78629532043121,6.196649201141318,21.0,1,0.2137046795687887,20.78629532043121,20.5,21.5
736.0,20.592659564454774,20.788416831280596,6.198047197031172,21.0,1,0.21158316871940386,20.788416831280596,20.5,21.5
737.0,20.594780641981288,20.790538197791086,6.199444280555968,21.0,1,0.20946180220891364,20.790538197791086,20.5,21.5
738.0,20.596901574709,20.792659419809493,6.200840450651768,21.0,1,0.2073405801905075,20.792659419809493,20.5,21.5
739.0,20.599022362484188,20.794780497182465,6.202235706255326,21.0,1,0.20521950281753476,20.794780497182465,20.5,21.5
740.0,20.60114300515294,20.796901429756453,6.203630046304096,21.0,1,0.20309857024354727,20.796901429756453,20.5,21.5
741.0,20.603263502561173,20.799022217377733,6.2050234697362265,21.0,1,0.2009777826222674,20.799022217377733,20.5,21.5
742.0,20.60538385455461,20.801142859892398,6.206415975490565,21.0,1,0.19885714010760225,20.801142859892398,20.5,21.5
743.0,20.607504060978798,20.803263357146356,6.207807562506657,21.0,1,0.19673664285364367,20.803263357146356,20.5,21.5
744.0,20.609624121679104,20.80538370898534,6.209198229724749,21.0,1,0.19461629101466116,20.80538370898534,20.5,21.5
745.0,20.611744036500713,20.807503915254895,6.2105879760857885,21.0,1,0.19249608474510538,20.807503915254895,20.5,21.5
746.0,20.61386380528863,20.80962397580039,6.211976800531422,21.0,1,0.19037602419961175,20.80962397580039,20.5,21.5
747.0,20.61598342788768,20.811743890467007,6.213364702003999,21.0,1,0.18825610953299332,20.811743890467007,20.5,21.5
748.0,20.618102904142503,20.813863659099745,6.214751679446573,21.0,1,0.186136340900255,20.813863659099745,20.5,21.5
749.0,20.620222233897564,20.81598328154344,6.216137731802901,21.0,1,0.18401671845656153,20.81598328154344,20.5,21.5
750.0,20.622341416997145,20.818102757642727,6.217522858017441,21.0,1,0.18189724235727311,20.818102757642727,20.5,21.5
751.0,20.624460453285348,20.82022208724207,6.218907057035362,21.0,1,0.1797779127579311,20.82022208724207,20.5,21.5
752.0,20.6265793426061,20.822341270185753,6.220290327802536,21.0,1,0.17765872981424735,20.822341270185753,20.5,21.5
753.0,20.62869808480314,20.824460306317878,6.22167266926554,21.0,1,0.17553969368212208,20.824460306317878,20.5,21.5
754.0,20.630816679720034,20.82657919548237,6.2230540803716625,21.0,1,0.17342080451762953,20.82657919548237,20.5,21.5
755.0,20.632935127200163,20.82869793752297,6.224434560068898,21.0,1,0.17130206247702873,20.82869793752297,20.5,21.5
756.0,20.63505342708674,20.83081653228325,6.225814107305953,21.0,1,0.1691834677167492,20.83081653228325,20.5,21.5
757.0,20.637171579222784,20.832934979606588,6.227192721032241,21.0,1,0.1670650203934123,20.832934979606588,20.5,21.5
758.0,20.639289583451145,20.83505327933619,6.228570400197887,21.0,1,0.16494672066381,20.83505327933619,20.5,21.5
759.0,20.641407439614493,20.83717143131508,6.229947143753728,21.0,1,0.1628285686849189,20.83717143131508,20.5,21.5
760.0,20.64352514755532,20.839289435386114,6.231322950651316,21.0,1,0.16071056461388622,20.839289435386114,20.5,21.5
761.0,20.64564270711594,20.841407291391956,6.2326978198429135,21.0,1,0.15859270860804386,20.841407291391956,20.5,21.5
762.0,20.647760118138486,20.843524999175095,6.2340717502814975,21.0,1,0.15647500082490495,20.843524999175095,20.5,21.5
763.0,20.649877380464915,20.84564255857785,6.23544474092076,21.0,1,0.15435744142214958,20.84564255857785,20.5,21.5
764.0,20.651994493937007,20.847759969442354,6.236816790715109,21.0,1,0.15224003055764612,20.847759969442354,20.5,21.5
765.0,20.65411145839636,20.84987723161056,6.2381878986196675,21.0,1,0.1501227683894406,20.84987723161056,20.5,21.5
766.0,20.656228273684405,20.851994344924254,6.23955806359028,21.0,1,0.14800565507574603,20.851994344924254,20.5,21.5
767.0,20.658344939642387,20.854111309225036,6.240927284583504,21.0,1,0.1458886907749637,20.854111309225036,20.5,21.5
768.0,20.660461456111374,20.856228124354324,6.24229556055662,21.0,1,0.14377187564567606,20.856228124354324,20.5,21.5
769.0,20.662577822932263,20.858344790153375,6.2436628904676255,21.0,1,0.1416552098466255,20.858344790153375,20.5,21.5
770.0,20.664694039945772,20.860461306463257,6.2450292732752395,21.0,1,0.13953869353674264,20.860461306463257,20.5,21.5
771.0,20.666810106992436,20.862577673124864,6.246394707938901,21.0,1,0.13742232687513578,20.862577673124864,20.5,21.5
772.0,20.668926023912626,20.864693889978913,6.247759193418772,21.0,1,0.13530611002108728,20.864693889978913,20.5,21.5
773.0,20.67104179054653,20.866809956865943,6.249122728675739,21.0,1,0.13319004313405713,20.866809956865943,20.5,21.5
774.0,20.673157406734155,20.86892587362632,6.25048531267141,21.0,1,0.13107412637367943,20.86892587362632,20.5,21.5
775.0,20.675272872315343,20.871041640100234,6.251846944368118,21.0,1,0.1289583598997659,20.871041640100234,20.5,21.5
776.0,20.677388187129754,20.873157256127698,6.253207622728921,21.0,1,0.12684274387230232,20.873157256127698,20.5,21.5
777.0,20.679503351016873,20.875272721548548,6.254567346717603,21.0,1,0.12472727845145215,20.875272721548548,20.5,21.5
778.0,20.681618363816014,20.877388036202447,6.255926115298676,21.0,1,0.1226119637975529,20.877388036202447,20.5,21.5
779.0,20.68373322536631,20.87950319992888,6.257283927437378,21.0,1,0.12049680007111974,20.87950319992888,20.5,21.5
780.0,20.685847935506725,20.881618212567155,6.258640782099675,21.0,1,0.11838178743284544,20.881618212567155,20.5,21.5
781.0,20.687962494076043,20.883733073956414,6.259996678252264,21.0,1,0.11626692604358624,20.883733073956414,20.5,21.5
782.0,20.690076900912878,20.885847783935617,6.261351614862573,21.0,1,0.11415221606438308,20.885847783935617,20.5,21.5
783.0,20.692191155855667,20.88796234234355,6.262705590898755,21.0,1,0.11203765765645102,20.88796234234355,20.5,21.5
784.0,20.694305258742677,20.89007674901882,6.264058605329701,21.0,1,0.10992325098117917,20.89007674901882,20.5,21.5
785.0,20.696419209411996,20.892191003799876,6.265410657125032,21.0,1,0.10780899620012363,20.892191003799876,20.5,21.5
786.0,20.69853300770154,20.894305106524975,6.2667617452551,21.0,1,0.10569489347502525,20.894305106524975,20.5,21.5
787.0,20.70064665344905,20.896419057032208,6.268111868690994,21.0,1,0.10358094296779186,20.896419057032208,20.5,21.5
788.0,20.702760146492096,20.898532855159495,6.269461026404535,21.0,1,0.10146714484050534,20.898532855159495,20.5,21.5
789.0,20.704873486668077,20.900646500744575,6.2708092173682815,21.0,1,0.09935349925542525,20.900646500744575,20.5,21.5
790.0,20.706986673814217,20.90275999362502,6.272156440555528,21.0,1,0.09724000637498165,20.90275999362502,20.5,21.5
791.0,20.709099707767567,20.90487333363822,6.273502694940304,21.0,1,0.09512666636177869,20.90487333363822,20.5,21.5
792.0,20.711212588365,20.906986520621412,6.2748479794973795,21.0,1,0.0930134793785875,20.906986520621412,20.5,21.5
793.0,20.713325315443228,20.90909955441164,6.276192293202261,21.0,1,0.09090044558836041,20.90909955441164,20.5,21.5
794.0,20.71543788883878,20.91121243484578,6.277535635031195,21.0,1,0.08878756515422026,20.91121243484578,20.5,21.5
795.0,20.717550308388017,20.91332516176054,6.27887800396117,21.0,1,0.08667483823946043,20.91332516176054,20.5,21.5
796.0,20.71966257392713,20.91543773499245,6.280219398969911,21.0,1,0.08456226500754838,20.91543773499245,20.5,21.5
797.0,20.72177468529214,20.917550154377878,6.2815598190358894,21.0,1,0.0824498456221221,20.917550154377878,20.5,21.5
798.0,20.723886642318888,20.91966241975301,6.282899263138315,21.0,1,0.08033758024699011,20.91966241975301,20.5,21.5
799.0,20.725998444843054,20.92177453095386,6.2842377302571455,21.0,1,0.07822546904613858,20.92177453095386,20.5,21.5
800.0,20.728110092700135,20.923886487816286,6.2855752193730785,21.0,1,0.07611351218371354,20.923886487816286,20.5,21.5
801.0,20.73022158572547,20.925998290175954,6.286911729467558,21.0,1,0.07400170982404575,20.925998290175954,20.5,21.5
802.0,20.732332923754218,20.92810993786837,6.288247259522773,21.0,1,0.0718900621316294,20.92810993786837,20.5,21.5
803.0,20.73444410662137,20.930221430728867,6.28958180852166,21.0,1,0.0697785692711328,20.930221430728867,20.5,21.5
804.0,20.73655513416175,20.93233276859261,6.290915375447901,21.0,1,0.06766723140739117,20.93233276859261,20.5,21.5
805.0,20.738666006210007,20.934443951294583,6.292247959285928,21.0,1,0.06555604870541742,20.934443951294583,20.5,21.5
806.0,20.74077672260062,20.936554978669612,6.293579559020919,21.0,1,0.06344502133038787,20.936554978669612,20.5,21.5
807.0,20.742887283167907,20.93866585055235,6.2949101736388045,21.0,1,0.061334149447649366,20.93866585055235,20.5,21.5
808.0,20.744997687746,20.940776566777277,6.296239802126262,21.0,1,0.05922343322272283,20.940776566777277,20.5,21.5
809.0,20.747107936168877,20.9428871271787,6.297568443470722,21.0,1,0.05711287282129973,20.9428871271787,20.5,21.5
810.0,20.749218028270338,20.94499753159077,6.298896096660367,21.0,1,0.0550024684092314,20.94499753159077,20.5,21.5
811.0,20.751327963884016,20.94710777984745,6.3002227606841315,21.0,1,0.05289222015255035,20.94710777984745,20.5,21.5
812.0,20.753437742843374,20.949217871782544,6.301548434531702,21.0,1,0.05078212821745609,20.949217871782544,20.5,21.5
813.0,20.755547364981712,20.951327807229685,6.302873117193521,21.0,1,0.04867219277031509,20.951327807229685,20.5,21.5
814.0,20.757656830132156,20.95343758602234,6.304196807660785,21.0,1,0.04656241397766081,20.95343758602234,20.5,21.5
815.0,20.759766138127663,20.955547207993806,6.305519504925445,21.0,1,0.044452792006193675,20.955547207993806,20.5,21.5
816.0,20.761875288801022,20.95765667297721,6.306841207980211,21.0,1,0.042343327022791755,20.95765667297721,20.5,21.5
817.0,20.763984281984857,20.959765980805507,6.308161915818548,21.0,1,0.04023401919449299,20.959765980805507,20.5,21.5
818.0,20.766093117511623,20.961875131311487,6.309481627434679,21.0,1,0.03812486868851295,20.961875131311487,20.5,21.5
819.0,20.768201795213606,20.963984124327776,6.310800341823588,21.0,1,0.03601587567222353,20.963984124327776,20.5,21.5
820.0,20.770310314922927,20.96609295968683,6.3121180579810146,21.0,1,0.03390704031317071,20.96609295968683,20.5,21.5
821.0,20.77241867647154,20.968201637220933,6.313434774903461,21.0,1,0.031798362779067446,20.968201637220933,20.5,21.5
822.0,20.774526879691226,20.970310156762206,6.314750491588192,21.0,1,0.029689843237793667,20.970310156762206,20.5,21.5
823.0,20.776634924413607,20.972418518142604,6.316065207033229,21.0,1,0.027581481857396284,20.972418518142604,20.5,21.5
824.0,20.77874281047013,20.974526721193907,6.317378920237361,21.0,1,0.025473278806092736,20.974526721193907,20.5,21.5
825.0,20.780850537692086,20.97663476574774,6.318691630200138,21.0,1,0.023365234252260336,20.97663476574774,20.5,21.5
826.0,20.782958105910588,20.97874265163555,6.320003335921873,21.0,1,0.02125734836445048,20.97874265163555,20.5,21.5
827.0,20.78506551495659,20.980850378688622,6.321314036403647,21.0,1,0.019149621311377985,20.980850378688622,20.5,21.5
828.0,20.787172764660877,20.98295794673808,6.322623730647304,21.0,1,0.017042053261921097,20.98295794673808,20.5,21.5
829.0,20.789279854854072,20.98506535561487,6.323932417655453,21.0,1,0.014934644385128593,20.98506535561487,20.5,21.5
830.0,20.791386785366633,20.987172605149777,6.325240096431475,21.0,1,0.012827394850223328,20.987172605149777,20.5,21.5
831.0,20.793493556028846,20.98927969517343,6.326546765979513,21.0,1,0.01072030482657027,20.98927969517343,20.5,21.5
832.0,20.795600166670837,20.99138662551628,6.327852425304483,21.0,1,0.008613374483719127,20.99138662551628,20.5,21.5
833.0,20.797706617122564,20.99349339600862,6.329157073412068,21.0,1,0.006506603991379478,20.99349339600862,20.5,21.5
834.0,20.799812907213823,20.99560000648057,6.3304607093087215,21.0,1,0.004399993519431433,20.99560000648057,20.5,21.5
835.0,20.801919036774244,20.997706456762092,6.331763332001668,21.0,1,0.002293543237907869,20.997706456762092,20.5,21.5
836.0,20.80402500563329,20.999812746682977,6.333064940498905,21.0,1,0.00018725331702285075,20.999812746682977,20.5,21.5
837.0,20.80613081362026,21.00191887607286,6.3343655338091995,21.0,1,-0.0019188760728603427,21.00191887607286,20.5,21.5
838.0,20.8082364605643,21.00402484476121,6.335665110942093,21.0,1,-0.004024844761211455,21.00402484476121,20.5,21.5
839.0,20.810341946294376,21.00613065257732,6.3369636709079025,21.0,1,-0.00613065257731904,21.00613065257732,20.5,21.5
840.0,20.812447270639296,21.008236299350333,6.3382612127177165,21.0,1,-0.008236299350333098,21.008236299350333,20.5,21.5
841.0,20.81455243342771,21.01034178490922,6.339557735383401,21.0,1,-0.010341784909218887,21.01034178490922,20.5,21.5
842.0,20.816657434488103,21.01244710908279,6.340853237917598,21.0,1,-0.012447109082788899,21.01244710908279,20.5,21.5
843.0,20.81876227364879,21.01455227169969,6.342147719333726,21.0,1,-0.014552271699688646,21.01455227169969,20.5,21.5
844.0,20.820866950737926,21.016657272588397,6.34344117864598,21.0,1,-0.016657272588396665,21.016657272588397,20.5,21.5
845.0,20.822971465583507,21.01876211157724,6.344733614869336,21.0,1,-0.018762111577238727,21.01876211157724,20.5,21.5
846.0,20.825075818013364,21.02086678849437,6.346025027019547,21.0,1,-0.02086678849437007,21.02086678849437,20.5,21.5
847.0,20.827180007855166,21.022971303167783,6.347315414113146,21.0,1,-0.02297130316778251,21.022971303167783,20.5,21.5
848.0,20.829284034936418,21.025075655425304,6.348604775167447,21.0,1,-0.025075655425304433,21.025075655425304,20.5,21.5
849.0,20.831387899084465,21.027179845094615,6.349893109200545,21.0,1,-0.02717984509461502,21.027179845094615,20.5,21.5
850.0,20.83349160012649,21.02928387200321,6.351180415231321,21.0,1,-0.0292838720032087,21.02928387200321,20.5,21.5
851.0,20.83559513788951,21.031387735978438,6.352466692279431,21.0,1,-0.0313877359784378,21.031387735978438,20.5,21.5
852.0,20.837698512200387,21.033491436847484,6.3537519393653215,21.0,1,-0.033491436847484124,21.033491436847484,20.5,21.5
853.0,20.83980172288582,21.035594974437366,6.35503615551022,21.0,1,-0.035594974437366034,21.035594974437366,20.5,21.5
854.0,20.841904769772345,21.037698348574942,6.3563193397361415,21.0,1,-0.03769834857494203,21.037698348574942,20.5,21.5
855.0,20.844007652686336,21.039801559086914,6.357601491065884,21.0,1,-0.039801559086914295,21.039801559086914,20.5,21.5
856.0,20.846110371454014,21.04190460579981,6.358882608523033,21.0,1,-0.04190460579981092,21.04190460579981,20.5,21.5
857.0,20.84821292590143,21.044007488540018,6.360162691131963,21.0,1,-0.0440074885400179,21.044007488540018,20.5,21.5
858.0,20.850315315854473,21.04611020713375,6.361441737917835,21.0,1,-0.04611020713375069,21.04611020713375,20.5,21.5
859.0,20.852417541138887,21.048212761407058,6.3627197479066,21.0,1,-0.04821276140705777,21.048212761407058,20.5,21.5
860.0,20.85451960158024,21.05031515118584,6.363996720124997,21.0,1,-0.0503151511858384,21.05031515118584,20.5,21.5
861.0,20.85662149700395,21.052417376295825,6.365272653600556,21.0,1,-0.05241737629582488,21.052417376295825,20.5,21.5
862.0,20.85872322723527,21.054519436562593,6.3665475473615984,21.0,1,-0.05451943656259317,21.054519436562593,20.5,21.5
863.0,20.860824792099294,21.05662133181156,6.367821400437236,21.0,1,-0.05662133181155937,21.05662133181156,20.5,21.5
864.0,20.86292619142096,21.058723061867973,6.3690942118573775,21.0,1,-0.058723061867972604,21.058723061867973,20.5,21.5
865.0,20.865027425025048,21.060824626556933,6.370365980652718,21.0,1,-0.06082462655693277,21.060824626556933,20.5,21.5
866.0,20.867128492736175,21.06292602570338,6.371636705854753,21.0,1,-0.0629260257033799,21.06292602570338,20.5,21.5
867.0,20.8692293943788,21.065027259132087,6.372906386495767,21.0,1,-0.06502725913208707,21.065027259132087,20.5,21.5
868.0,20.87133012977722,21.06712832666767,6.3741750216088455,21.0,1,-0.06712832666767099,21.06712832666767,20.5,21.5
869.0,20.873430698755588,21.069229228134596,6.375442610227868,21.0,1,-0.06922922813459564,21.069229228134596,20.5,21.5
870.0,20.87553110113788,21.071329963357165,6.376709151387508,21.0,1,-0.07132996335716513,21.071329963357165,20.5,21.5
871.0,20.877631336747932,21.073430532159513,6.377974644123241,21.0,1,-0.073430532159513,21.073430532159513,20.5,21.5
872.0,20.879731405409405,21.075530934365638,6.37923908747134,21.0,1,-0.07553093436563785,21.075530934365638,20.5,21.5
873.0,20.881831306945816,21.077631169799353,6.380502480468874,21.0,1,-0.07763116979935347,21.077631169799353,20.5,21.5
874.0,20.88393104118052,21.079731238284342,6.381764822153716,21.0,1,-0.07973123828434225,21.079731238284342,20.5,21.5
875.0,20.886030607936714,21.08183113964411,6.383026111564538,21.0,1,-0.08183113964410893,21.08183113964411,20.5,21.5
876.0,20.88813000703744,21.08393087370201,6.384286347740813,21.0,1,-0.08393087370200902,21.08393087370201,20.5,21.5
877.0,20.89022923830558,21.086030440281245,6.385545529722816,21.0,1,-0.08603044028124529,21.086030440281245,20.5,21.5
878.0,20.892328301563865,21.088129839204857,6.386803656551626,21.0,1,-0.08812983920485706,21.088129839204857,20.5,21.5
879.0,20.89442719663486,21.090229070295724,6.3880607272691226,21.0,1,-0.0902290702957238,21.090229070295724,20.5,21.5
880.0,20.896525923340988,21.092328133376576,6.3893167409179945,21.0,1,-0.09232813337657575,21.092328133376576,20.5,21.5
881.0,20.898624481504502,21.09442702826999,6.3905716965417305,21.0,1,-0.09442702826999039,21.09442702826999,20.5,21.5
882.0,20.900722870947508,21.096525754798375,6.391825593184628,21.0,1,-0.09652575479837466,21.096525754798375,20.5,21.5
883.0,20.902821091491955,21.098624312783993,6.393078429891791,21.0,1,-0.09862431278399342,21.098624312783993,20.5,21.5
884.0,20.904919142959635,21.100722702048948,6.394330205709129,21.0,1,-0.10072270204894807,21.100722702048948,20.5,21.5
885.0,20.907017025172184,21.102820922415187,6.39558091968336,21.0,1,-0.10282092241518725,21.102820922415187,20.5,21.5
886.0,20.909114737951086,21.104918973704507,6.3968305708620115,21.0,1,-0.10491897370450687,21.104918973704507,20.5,21.5
887.0,20.911212281117667,21.107016855738536,6.39807915829342,21.0,1,-0.10701685573853581,21.107016855738536,20.5,21.5
888.0,20.9133096544931,21.109114568338764,6.39932668102673,21.0,1,-0.10911456833876443,21.109114568338764,20.5,21.5
889.0,20.915406857898407,21.11121211132652,6.400573138111902,21.0,1,-0.11121211132651965,21.11121211132652,20.5,21.5
890.0,20.91750389115445,21.113309484522972,6.401818528599701,21.0,1,-0.11330948452297207,21.113309484522972,20.5,21.5
891.0,20.919600754081937,21.115406687749143,6.403062851541711,21.0,1,-0.11540668774914309,21.115406687749143,20.5,21.5
892.0,20.92169744650143,21.117503720825898,6.404306105990325,21.0,1,-0.11750372082589777,21.117503720825898,20.5,21.5
893.0,20.923793968233326,21.11960058357394,6.40554829099875,21.0,1,-0.11960058357394132,21.11960058357394,20.5,21.5
894.0,20.925890319097878,21.121697275813837,6.406789405621008,21.0,1,-0.12169727581383682,21.121697275813837,20.5,21.5
895.0,20.927986498915182,21.123793797365984,6.408029448911937,21.0,1,-0.12379379736598395,21.123793797365984,20.5,21.5
896.0,20.93008250750518,21.125890148050633,6.409268419927189,21.0,1,-0.12589014805063314,21.125890148050633,20.5,21.5
897.0,20.932178344687664,21.12798632768788,6.410506317723235,21.0,1,-0.12798632768787854,21.12798632768788,20.5,21.5
898.0,20.93427401028227,21.130082336097665,6.411743141357362,21.0,1,-0.13008233609766506,21.130082336097665,20.5,21.5
899.0,20.936369504108484,21.13217817309979,6.412978889887674,21.0,1,-0.1321781730997884,21.13217817309979,20.5,21.5
900.0,20.93846482598564,21.13427383851388,6.414213562373095,21.0,1,-0.13427383851388086,21.13427383851388,20.5,21.5
901.0,20.940559975732917,21.136369332159425,6.415447157873368,21.0,1,-0.13636933215942548,21.136369332159425,20.5,21.5
902.0,20.942654953169345,21.138464653855763,6.416679675449058,21.0,1,-0.13846465385576323,21.138464653855763,20.5,21.5
903.0,20.9447497581138,21.14055980342207,6.417911114161547,21.0,1,-0.14055980342207164,21.14055980342207,20.5,21.5
904.0,20.94684439038501,21.142654780677375,6.419141473073042,21.0,1,-0.14265478067737547,21.142654780677375,20.5,21.5
905.0,20.948938849801547,21.144749585440557,6.420370751246571,21.0,1,-0.14474958544055738,21.144749585440557,20.5,21.5
906.0,20.951033136181834,21.146844217530344,6.421598947745985,21.0,1,-0.1468442175303437,21.146844217530344,20.5,21.5
907.0,20.953127249344146,21.148938676765304,6.422826061635959,21.0,1,-0.14893867676530448,21.148938676765304,20.5,21.5
908.0,20.955221189106602,21.151032962963864,6.424052091981993,21.0,1,-0.15103296296386404,21.151032962963864,20.5,21.5
909.0,20.957314955287178,21.153127075944298,6.425277037850411,21.0,1,-0.15312707594429753,21.153127075944298,20.5,21.5
910.0,20.959408547703692,21.155221015524727,6.426500898308364,21.0,1,-0.15522101552472733,21.155221015524727,20.5,21.5
911.0,20.961501966173813,21.157314781523123,6.427723672423827,21.0,1,-0.15731478152312306,21.157314781523123,20.5,21.5
912.0,20.963595210515063,21.159408373757305,6.428945359265606,21.0,1,-0.1594083737573051,21.159408373757305,20.5,21.5
913.0,20.965688280544814,21.161501792044948,6.430165957903335,21.0,1,-0.1615017920449482,21.161501792044948,20.5,21.5
914.0,20.967781176080287,21.163595036203567,6.4313854674074715,21.0,1,-0.1635950362035672,21.163595036203567,20.5,21.5
915.0,20.96987389693855,21.165688106050542,6.432603886849308,21.0,1,-0.16568810605054196,21.165688106050542,20.5,21.5
916.0,20.971966442936534,21.167781001403085,6.4338212153009655,21.0,1,-0.16778100140308538,21.167781001403085,20.5,21.5
917.0,20.974058813891006,21.169873722078272,6.435037451835394,21.0,1,-0.16987372207827178,21.169873722078272,20.5,21.5
918.0,20.976151009618594,21.17196626789303,6.436252595526378,21.0,1,-0.17196626789302982,21.17196626789303,20.5,21.5
919.0,20.978243029935776,21.17405863866413,6.437466645448531,21.0,1,-0.1740586386641283,21.17405863866413,20.5,21.5
920.0,20.98033487465888,21.176150834208194,6.438679600677302,21.0,1,-0.17615083420819388,21.176150834208194,20.5,21.5
921.0,20.982426543604085,21.1782428543417,6.439891460288973,21.0,1,-0.1782428543417005,21.1782428543417,20.5,21.5
922.0,20.98451803658742,21.180334698880984,6.4411022233606605,21.0,1,-0.18033469888098352,21.180334698880984,20.5,21.5
923.0,20.986609353424775,21.18242636764222,6.442311888970315,21.0,1,-0.18242636764221842,21.18242636764222,20.5,21.5
924.0,20.988700493931884,21.18451786044144,6.443520456196724,21.0,1,-0.18451786044143859,21.18451786044144,20.5,21.5
925.0,20.990791457924338,21.18660917709453,6.444727924119511,21.0,1,-0.18660917709453173,21.18660917709453,20.5,21.5
926.0,20.992882245217576,21.18870031741723,6.445934291819136,21.0,1,-0.18870031741722926,21.18870031741723,20.5,21.5
927.0,20.994972855626894,21.190791281225124,6.4471395583768984,21.0,1,-0.190791281225124,21.190791281225124,20.5,21.5
928.0,20.997063288967443,21.192882068333656,6.4483437228749345,21.0,1,-0.19288206833365606,21.192882068333656,20.5,21.5
929.0,20.999153545054224,21.194972678558123,6.4495467843962215,21.0,1,-0.1949726785581234,21.194972678558123,20.5,21.5
930.0,21.00124362370209,21.19706311171367,6.450748742024575,21.0,1,-0.1970631117136712,21.19706311171367,20.5,21.5
931.0,21.003333524725758,21.199153367615306,6.451949594844653,21.0,1,-0.1991533676153061,21.199153367615306,20.5,21.5
932.0,21.00542324793978,21.201243446077882,6.453149341941952,21.0,1,-0.20124344607788203,21.201243446077882,20.5,21.5
933.0,21.007512793158583,21.20333334691611,6.454347982402814,21.0,1,-0.2033333469161107,21.20333334691611,20.5,21.5
934.0,21.009602160196433,21.20542306994455,6.455545515314421,21.0,1,-0.20542306994455117,21.20542306994455,20.5,21.5
935.0,21.01169134886746,21.207512614977624,6.4567419397648,21.0,1,-0.20751261497762385,21.207512614977624,20.5,21.5
936.0,21.01378035898564,21.2096019818296,6.4579372548428235,21.0,1,-0.2096019818296,21.2096019818296,20.5,21.5
937.0,21.01586919036481,21.211691170314605,6.459131459638204,21.0,1,-0.21169117031460516,21.211691170314605,20.5,21.5
938.0,21.017957842818664,21.213780180246623,6.460324553241504,21.0,1,-0.21378018024662282,21.213780180246623,20.5,21.5
939.0,21.020046316160748,21.215869011439487,6.461516534744132,21.0,1,-0.21586901143948722,21.215869011439487,20.5,21.5
940.0,21.022134610204464,21.217957663706887,6.4627074032383405,21.0,1,-0.21795766370688696,21.217957663706887,20.5,21.5
941.0,21.02422272476307,21.220046136862372,6.463897157817232,21.0,1,-0.22004613686237207,21.220046136862372,20.5,21.5
942.0,21.02631065964968,21.222134430719347,6.4650857975747575,21.0,1,-0.2221344307193469,21.222134430719347,20.5,21.5
943.0,21.028398414677266,21.224222545091067,6.466273321605715,21.0,1,-0.22422254509106665,21.224222545091067,20.5,21.5
944.0,21.03048598965865,21.226310479790648,6.4674597290057525,21.0,1,-0.2263104797906479,21.226310479790648,20.5,21.5
945.0,21.03257338440652,21.228398234631058,6.468645018871371,21.0,1,-0.22839823463105802,21.228398234631058,20.5,21.5
946.0,21.03466059873341,21.230485809425126,6.46982919029992,21.0,1,-0.23048580942512586,21.230485809425126,20.5,21.5
947.0,21.036747632451725,21.232573203985535,6.471012242389601,21.0,1,-0.2325732039855346,21.232573203985535,20.5,21.5
948.0,21.038834485373712,21.234660418124825,6.472194174239469,21.0,1,-0.2346604181248253,21.234660418124825,20.5,21.5
949.0,21.040921157311484,21.236747451655393,6.47337498494943,21.0,1,-0.23674745165539335,21.236747451655393,20.5,21.5
950.0,21.043007648077012,21.238834304389492,6.474554673620248,21.0,1,-0.23883430438949205,21.238834304389492,20.5,21.5
951.0,21.04509395748212,21.24092097613923,6.475733239353537,21.0,1,-0.24092097613922903,21.24092097613923,20.5,21.5
952.0,21.047180085338493,21.243007466716584,6.476910681251767,21.0,1,-0.24300746671658402,21.243007466716584,20.5,21.5
953.0,21.049266031457677,21.245093775933377,6.478086998418267,21.0,1,-0.2450937759333769,21.245093775933377,20.5,21.5
954.0,21.05135179565107,21.247179903601296,6.479262189957219,21.0,1,-0.24717990360129605,21.247179903601296,20.5,21.5
955.0,21.05343737772993,21.24926584953188,6.4804362549736645,21.0,1,-0.2492658495318807,21.24926584953188,20.5,21.5
956.0,21.05552277750538,21.25135161353653,6.4816091925735,21.0,1,-0.25135161353653146,21.25135161353653,20.5,21.5
957.0,21.057607994788395,21.25343719542651,6.482781001863485,21.0,1,-0.25343719542651044,21.25343719542651,20.5,21.5
958.0,21.05969302938981,21.255522595012938,6.483951681951233,21.0,1,-0.2555225950129376,21.255522595012938,20.5,21.5
959.0,21.06177788112032,21.25760781210679,6.485121231945222,21.0,1,-0.25760781210679085,21.25760781210679,20.5,21.5
960.0,21.063862549790485,21.259692846518902,6.486289650954788,21.0,1,-0.25969284651890234,21.259692846518902,20.5,21.5
961.0,21.06594703521072,21.26177769805997,6.487456938090131,21.0,1,-0.2617776980599693,21.26177769805997,20.5,21.5
962.0,21.068031337191297,21.263862366540547,6.4886230924623085,21.0,1,-0.26386236654054684,21.263862366540547,20.5,21.5
963.0,21.07011545554235,21.265946851771055,6.489788113183244,21.0,1,-0.26594685177105504,21.265946851771055,20.5,21.5
964.0,21.072199390073877,21.26803115356177,6.490951999365724,21.0,1,-0.2680311535617683,21.26803115356177,20.5,21.5
965.0,21.074283140595735,21.270115271722815,6.492114750123399,21.0,1,-0.27011527172281546,21.270115271722815,20.5,21.5
966.0,21.07636670691764,21.2721992060642,6.493276364570782,21.0,1,-0.2721992060642009,21.2721992060642,20.5,21.5
967.0,21.07845008884917,21.274282956395773,6.494436841823255,21.0,1,-0.2742829563957727,21.274282956395773,20.5,21.5
968.0,21.080533286199763,21.276366522527255,6.4955961809970635,21.0,1,-0.2763665225272547,21.276366522527255,20.5,21.5
969.0,21.082616298778724,21.27844990426822,6.49675438120932,21.0,1,-0.27844990426822136,21.27844990426822,20.5,21.5
970.0,21.08469912639521,21.28053310142812,6.497911441578005,21.0,1,-0.2805331014281194,21.28053310142812,20.5,21.5
971.0,21.08678176885825,21.28261611381624,6.499067361221965,21.0,1,-0.2826161138162391,21.28261611381624,20.5,21.5
972.0,21.08886422597672,21.28469894124175,6.500222139260919,21.0,1,-0.28469894124175,21.28469894124175,20.5,21.5
973.0,21.09094649755938,21.286781583513676,6.501375774815453,21.0,1,-0.286781583513676,21.286781583513676,20.5,21.5
974.0,21.09302858341483,21.2888640404409,6.502528267007023,21.0,1,-0.28886404044089886,21.2888640404409,20.5,21.5
975.0,21.09511048335155,21.290946311832165,6.503679614957955,21.0,1,-0.29094631183216535,21.290946311832165,20.5,21.5
976.0,21.097192197177872,21.29302839749609,6.504829817791449,21.0,1,-0.2930283974960908,21.29302839749609,20.5,21.5
977.0,21.099273724701995,21.295110297241145,6.505978874631575,21.0,1,-0.2951102972411448,21.295110297241145,20.5,21.5
978.0,21.10135506573198,21.297192010875666,6.507126784603276,21.0,1,-0.2971920108756656,21.297192010875666,20.5,21.5
979.0,21.103436220075753,21.29927353820785,6.508273546832369,21.0,1,-0.2992735382078493,21.29927353820785,20.5,21.5
980.0,21.105517187541103,21.301354879045757,6.509419160445544,21.0,1,-0.301354879045757,21.301354879045757,20.5,21.5
981.0,21.107597967935686,21.30343603319732,6.510563624570367,21.0,1,-0.30343603319731827,21.30343603319732,20.5,21.5
982.0,21.109678561067014,21.305517000470324,6.511706938335279,21.0,1,-0.30551700047032426,21.305517000470324,20.5,21.5
983.0,21.111758966742467,21.307597780672417,6.512849100869596,21.0,1,-0.30759778067241683,21.307597780672417,20.5,21.5
984.0,21.113839184769294,21.309678373611128,6.513990111303513,21.0,1,-0.3096783736111277,21.309678373611128,20.5,21.5
985.0,21.1159192149546,21.31175877909383,6.515129968768099,21.0,1,-0.31175877909382876,21.31175877909383,20.5,21.5
986.0,21.117999057105365,21.313838996927764,6.516268672395304,21.0,1,-0.31383899692776396,21.313838996927764,20.5,21.5
987.0,21.120078711028423,21.315919026920046,6.517406221317956,21.0,1,-0.3159190269200458,21.315919026920046,20.5,21.5
988.0,21.12215817653048,21.317998868877645,6.518542614669761,21.0,1,-0.3179988688776447,21.317998868877645,20.5,21.5
989.0,21.124237453418107,21.32007852260741,6.519677851585308,21.0,1,-0.3200785226074103,21.32007852260741,20.5,21.5
990.0,21.12631654149774,21.322157987916036,6.520811931200062,21.0,1,-0.3221579879160359,21.322157987916036,20.5,21.5
991.0,21.12839544057568,21.324237264610097,6.521944852650374,21.0,1,-0.3242372646100975,21.324237264610097,20.5,21.5
992.0,21.130474150458095,21.32631635249603,6.523076615073474,21.0,1,-0.3263163524960291,21.32631635249603,20.5,21.5
993.0,21.132552670951018,21.328395251380137,6.524207217607476,21.0,1,-0.3283952513801367,21.328395251380137,20.5,21.5
994.0,21.13463100186035,21.330473961068584,6.525336659391376,21.0,1,-0.3304739610685843,21.330473961068584,20.5,21.5
995.0,21.136709142991855,21.332552481367408,6.526464939565058,21.0,1,-0.3325524813674079,21.332552481367408,20.5,21.5
996.0,21.13878709415117,21.334630812082505,6.527592057269285,21.0,1,-0.334630812082505,21.334630812082505,20.5,21.5
997.0,21.140864855143793,21.33670895301965,6.528718011645708,21.0,1,-0.33670895301964876,21.33670895301965,20.5,21.5
998.0,21.142942425775093,21.338786903984467,6.529842801836864,21.0,1,-0.33878690398446665,21.338786903984467,20.5,21.5
999.0,21.145019805850307,21.34086466478246,6.5309664269861765,21.0,1,-0.34086466478245825,21.34086466478246,20.5,21.5
1000.0,21.147096995174532,21.34294223521899,6.532088886237956,21.0,1,-0.3429422352189917,21.34294223521899,20.5,21.5
1001.0,21.149173993552743,21.345019615099307,6.533210178737401,21.0,1,-0.34501961509930723,21.345019615099307,20.5,21.5
1002.0,21.15125080078978,21.347096804228507,6.534330303630599,21.0,1,-0.34709680422850653,21.347096804228507,20.5,21.5
1003.0,21.153327416690345,21.349173802411556,6.535449260064525,21.0,1,-0.34917380241155627,21.349173802411556,20.5,21.5
1004.0,21.15540384105902,21.351250609453295,6.536567047187047,21.0,1,-0.3512506094532952,21.351250609453295,20.5,21.5
1005.0,21.157480073700246,21.353327225158445,6.537683664146919,21.0,1,-0.35332722515844495,21.353327225158445,20.5,21.5
1006.0,21.159556114418336,21.35540364933156,6.53879911009379,21.0,1,-0.35540364933156,21.35540364933156,20.5,21.5
1007.0,21.16163196301747,21.357479881777095,6.539913384178199,21.0,1,-0.35747988177709544,21.357479881777095,20.5,21.5
1008.0,21.163707619301704,21.359555922299364,6.541026485551578,21.0,1,-0.3595559222993643,21.359555922299364,20.5,21.5
1009.0,21.165783083074952,21.36163177070255,6.542138413366253,21.0,1,-0.3616317707025516,21.36163177070255,20.5,21.5
1010.0,21.16785835414101,21.363707426790704,6.54324916677544,21.0,1,-0.3637074267907039,21.363707426790704,20.5,21.5
1011.0,21.169933432303537,21.365782890367743,6.544358744933254,21.0,1,-0.36578289036774336,21.365782890367743,20.5,21.5
1012.0,21.172008317366064,21.367858161237457,6.545467146994702,21.0,1,-0.3678581612374572,21.367858161237457,20.5,21.5
1013.0,21.17408300913199,21.36993323920351,6.546574372115688,21.0,1,-0.36993323920351173,21.36993323920351,20.5,21.5
1014.0,21.176157507404586,21.372008124069442,6.5476804194530125,21.0,1,-0.37200812406944195,21.372008124069442,20.5,21.5
1015.0,21.178231811986997,21.37408281563864,6.548785288164371,21.0,1,-0.37408281563864065,21.37408281563864,20.5,21.5
1016.0,21.180305922682233,21.37615731371438,6.54988897740836,21.0,1,-0.3761573137143799,21.37615731371438,20.5,21.5
1017.0,21.18237983929318,21.3782316180998,6.5509914863444685,21.0,1,-0.3782316180998002,21.3782316180998,20.5,21.5
1018.0,21.18445356162259,21.38030572859792,6.552092814133092,21.0,1,-0.38030572859792144,21.38030572859792,20.5,21.5
1019.0,21.186527089473092,21.382379645011618,6.553192959935519,21.0,1,-0.3823796450116177,21.382379645011618,20.5,21.5
1020.0,21.188600422647184,21.384453367143657,6.554291922913942,21.0,1,-0.3844533671436565,21.384453367143657,20.5,21.5
1021.0,21.190673560947236,21.386526894796656,6.555389702231452,21.0,1,-0.38652689479665625,21.386526894796656,20.5,21.5
1022.0,21.192746504175492,21.388600227773118,6.556486297052042,21.0,1,-0.388600227773118,21.388600227773118,20.5,21.5
1023.0,21.194819252134067,21.390673365875408,6.557581706540608,21.0,1,-0.3906733658754078,21.390673365875408,20.5,21.5
1024.0,21.196891804624947,21.392746308905778,6.5586759298629485,21.0,1,-0.3927463089057781,21.392746308905778,20.5,21.5
1025.0,21.198964161449993,21.394819056666343,6.559768966185763,21.0,1,-0.39481905666634276,21.394819056666343,20.5,21.5
1026.0,21.20103632241094,21.39689160895908,6.560860814676659,21.0,1,-0.3968916089590806,21.39689160895908,20.5,21.5
1027.0,21.20310828730939,21.39896396558586,6.561951474504146,21.0,1,-0.39896396558586034,21.39896396558586,20.5,21.5
1028.0,21.20518005594683,21.401036126348416,6.5630409448376374,21.0,1,-0.4010361263484157,21.401036126348416,20.5,21.5
1029.0,21.20725162812461,21.403108091048345,6.564129224847456,21.0,1,-0.40310809104834533,21.403108091048345,20.5,21.5
1030.0,21.209323003643956,21.405179859487138,6.565216313704828,21.0,1,-0.40517985948713786,21.405179859487138,20.5,21.5
1031.0,21.211394182305966,21.407251431466143,6.566302210581888,21.0,1,-0.4072514314661433,21.407251431466143,20.5,21.5
1032.0,21.21346516391162,21.409322806786584,6.56738691465168,21.0,1,-0.4093228067865837,21.409322806786584,20.5,21.5
1033.0,21.21553594826177,21.41139398524957,6.568470425088152,21.0,1,-0.41139398524957116,21.41139398524957,20.5,21.5
1034.0,21.217606535157135,21.413464966656072,6.569552741066166,21.0,1,-0.4134649666560719,21.413464966656072,20.5,21.5
1035.0,21.219676924398318,21.415535750806946,6.57063386176149,21.0,1,-0.4155357508069457,21.415535750806946,20.5,21.5
1036.0,21.22174711578579,21.41760633750291,6.571713786350804,21.0,1,-0.4176063375029102,21.41760633750291,20.5,21.5
1037.0,21.223817109119903,21.41967672654457,6.572792514011698,21.0,1,-0.41967672654456933,21.41967672654457,20.5,21.5
1038.0,21.22588690420088,21.42174691773239,6.573870043922675,21.0,1,-0.4217469177323885,21.42174691773239,20.5,21.5
1039.0,21.227956500828824,21.423816910866726,6.574946375263147,21.0,1,-0.42381691086672646,21.423816910866726,20.5,21.5
1040.0,21.23002589880371,21.425886705747807,6.576021507213444,21.0,1,-0.42588670574780707,21.425886705747807,20.5,21.5
1041.0,21.23209509792539,21.427956302175726,6.577095438954804,21.0,1,-0.4279563021757262,21.427956302175726,20.5,21.5
1042.0,21.2341640979936,21.430025699950466,6.5781681696693814,21.0,1,-0.43002569995046613,21.430025699950466,20.5,21.5
1043.0,21.236232898807934,21.432094898871874,6.5792396985402455,21.0,1,-0.432094898871874,21.432094898871874,20.5,21.5
1044.0,21.238301500167882,21.43416389873969,6.58031002475138,21.0,1,-0.4341638987396905,21.43416389873969,20.5,21.5
1045.0,21.2403699018728,21.436232699353507,6.581379147487686,21.0,1,-0.43623269935350706,21.436232699353507,20.5,21.5
1046.0,21.242438103721923,21.438301300512812,6.58244706593498,21.0,1,-0.438301300512812,21.438301300512812,20.5,21.5
1047.0,21.244506105514365,21.440369702016966,6.583513779279994,21.0,1,-0.4403697020169659,21.440369702016966,20.5,21.5
1048.0,21.246573907049118,21.442437903665205,6.584579286710381,21.0,1,-0.44243790366520486,21.442437903665205,20.5,21.5
1049.0,21.24864150812505,21.44450590525664,6.58564358741471,21.0,1,-0.4445059052566407,21.44450590525664,20.5,21.5
1050.0,21.250708908540908,21.446573706590264,6.58670668058247,21.0,1,-0.4465737065902644,21.446573706590264,20.5,21.5
1051.0,21.252776108095315,21.448641307464946,6.587768565404069,21.0,1,-0.44864130746494624,21.448641307464946,20.5,21.5
1052.0,21.254843106586776,21.45070870767943,6.588829241070837,21.0,1,-0.4507087076794285,21.45070870767943,20.5,21.5
1053.0,21.25690990381367,21.45277590703234,6.58988870677502,21.0,1,-0.45277590703233983,21.45277590703234,20.5,21.5
1054.0,21.258976499574263,21.454842905322185,6.5909469617097916,21.0,1,-0.4548429053221845,21.454842905322185,20.5,21.5
1055.0,21.26104289366669,21.45690970234734,6.592004005069244,21.0,1,-0.45690970234733896,21.45690970234734,20.5,21.5
1056.0,21.26310908588897,21.45897629790607,6.5930598360483925,21.0,1,-0.4589762979060694,21.45897629790607,20.5,21.5
1057.0,21.265175076039004,21.461042691796514,6.594114453843176,21.0,1,-0.46104269179651425,21.461042691796514,20.5,21.5
1058.0,21.267240863914566,21.463108883816695,6.595167857650457,21.0,1,-0.46310888381669457,21.463108883816695,20.5,21.5
1059.0,21.269306449313312,21.465174873764507,6.596220046668023,21.0,1,-0.46517487376450717,21.465174873764507,20.5,21.5
1060.0,21.271371832032784,21.467240661437724,6.597271020094586,21.0,1,-0.46724066143772447,21.467240661437724,20.5,21.5
1061.0,21.273437011870396,21.46930624663401,6.598320777129784,21.0,1,-0.4693062466340088,21.46930624663401,20.5,21.5
1062.0,21.275501988623446,21.471371629150894,6.599369316974181,21.0,1,-0.4713716291508945,21.471371629150894,20.5,21.5
1063.0,21.277566762089116,21.473436808785802,6.6004166388292695,21.0,1,-0.4734368087858023,21.473436808785802,20.5,21.5
1064.0,21.279631332064465,21.475501785336036,6.601462741897467,21.0,1,-0.4755017853360357,21.475501785336036,20.5,21.5
1065.0,21.281695698346432,21.477566558598767,6.602507625382121,21.0,1,-0.47756655859876673,21.477566558598767,20.5,21.5
1066.0,21.283759860731838,21.47963112837105,6.603551288487508,21.0,1,-0.47963112837105015,21.47963112837105,20.5,21.5
1067.0,21.285823819017388,21.481695494449838,6.6045937304188325,21.0,1,-0.4816954944498377,21.481695494449838,20.5,21.5
1068.0,21.28788757299967,21.483759656631946,6.605634950382229,21.0,1,-0.4837596566319462,21.483759656631946,20.5,21.5
1069.0,21.289951122475145,21.485823614714082,6.606674947584764,21.0,1,-0.4858236147140822,21.485823614714082,20.5,21.5
1070.0,21.29201446724017,21.487887368492828,6.607713721234434,21.0,1,-0.487887368492828,21.487887368492828,20.5,21.5
1071.0,21.294077607090966,21.489950917764652,6.608751270540169,21.0,1,-0.48995091776465216,21.489950917764652,20.5,21.5
1072.0,21.296140541823654,21.49201426232591,6.609787594711828,21.0,1,-0.4920142623259096,21.49201426232591,20.5,21.5
1073.0,21.298203271234232,21.494077401972824,6.610822692960206,21.0,1,-0.4940774019728238,21.494077401972824,20.5,21.5
1074.0,21.300265795118577,21.49614033650151,6.611856564497032,21.0,1,-0.49614033650151157,21.49614033650151,20.5,21.5
1075.0,21.302328113272452,21.498203065707965,6.612889208534965,21.0,1,-0.49820306570796546,21.498203065707965,20.5,21.5
1076.0,21.304390225491506,21.50026558938807,6.613920624287604,21.0,0,-0.5002655893880714,21.50026558938807,20.5,21.5
1077.0,21.301452131571267,21.501327907337593,6.6149508109694795,21.0,0,-0.5013279073375934,21.501327907337593,20.5,21.5
1078.0,21.29851483130715,21.501390219352178,6.615979767796061,21.0,0,-0.501390219352178,21.501390219352178,20.5,21.5
1079.0,21.295578324294446,21.50045272518735,6.617007493983752,21.0,0,-0.5004527251873512,21.50045272518735,20.5,21.5
1080.0,21.292642610128386,21.498515624558536,6.618033988749895,21.0,0,-0.4985156245585358,21.498515624558536,20.5,21.5
1081.0,21.28970768840411,21.495579117141055,6.619059251312769,21.0,0,-0.4955791171410553,21.495579117141055,20.5,21.5
1082.0,21.286773558716693,21.492643402570142,6.620083280891592,21.0,0,-0.49264340257014183,21.492643402570142,20.5,21.5
1083.0,21.283840220661126,21.489708480440935,6.621106076706521,21.0,0,-0.4897084804409353,21.489708480440935,20.5,21.5
1084.0,21.280907673832335,21.48677435034852,6.622127637978653,21.0,0,-0.4867743503485187,21.48677435034852,20.5,21.5
1085.0,21.277975917825163,21.483841011887872,6.623147963930025,21.0,0,-0.483841011887872,21.483841011887872,20.5,21.5
1086.0,21.275044952234385,21.48090846465393,6.624167053783612,21.0,0,-0.480908464653929,21.48090846465393,20.5,21.5
1087.0,21.272114776654696,21.477976708241535,6.6251849067633355,21.0,0,-0.4779767082415347,21.477976708241535,20.5,21.5
1088.0,21.26918539068072,21.47504574224545,6.626201522094055,21.0,0,-0.4750457422454488,21.47504574224545,20.5,21.5
1089.0,21.266256793907,21.47211556626038,6.627216899001574,21.0,0,-0.4721155662603813,21.47211556626038,20.5,21.5
1090.0,21.26332898592802,21.469186179880953,6.628231036712639,21.0,0,-0.46918617988095335,21.469186179880953,20.5,21.5
1091.0,21.260401966338176,21.46625758270171,6.629243934454938,21.0,0,-0.46625758270171147,21.46625758270171,20.5,21.5
1092.0,21.2574757347318,21.46332977431713,6.630255591457108,21.0,0,-0.4633297743171312,21.46332977431713,20.5,21.5
1093.0,21.254550290703143,21.460402754321617,6.631266006948728,21.0,0,-0.4604027543216169,21.460402754321617,20.5,21.5
1094.0,21.25162563384639,21.45747652230949,6.63227518016032,21.0,0,-0.45747652230949143,21.45747652230949,20.5,21.5
1095.0,21.248701763755655,21.454551077875017,6.633283110323358,21.0,0,-0.45455107787501703,21.454551077875017,20.5,21.5
1096.0,21.24577868002497,21.451626420612378,6.634289796670257,21.0,0,-0.4516264206123779,21.451626420612378,20.5,21.5
1097.0,21.2428563822483,21.448702550115677,6.635295238434383,21.0,0,-0.4487025501156765,21.448702550115677,20.5,21.5
1098.0,21.239934870019535,21.445779465978955,6.636299434850047,21.0,0,-0.4457794659789549,21.445779465978955,20.5,21.5
1099.0,21.2370141429325,21.442857167796177,6.637302385152511,21.0,0,-0.442857167796177,21.442857167796177,20.5,21.5
1100.0,21.234094200580945,21.439935655161236,6.638304088577984,21.0,0,-0.4399356551612357,21.439935655161236,20.5,21.5
1101.0,21.231175042558544,21.437014927667953,6.639304544363625,21.0,0,-0.4370149276679527,21.437014927667953,20.5,21.5
1102.0,21.228256668458904,21.434094984910075,6.640303751747544,21.0,0,-0.43409498491007525,21.434094984910075,20.5,21.5
1103.0,21.225339077875564,21.43117582648128,6.641301709968801,21.0,0,-0.4311758264812795,21.43117582648128,20.5,21.5
1104.0,21.22242227040198,21.428257451975178,6.6422984182674085,21.0,0,-0.4282574519751776,21.428257451975178,20.5,21.5
1105.0,21.219506245631553,21.425339860985297,6.643293875884327,21.0,0,-0.4253398609852965,21.425339860985297,20.5,21.5
1106.0,21.216591003157603,21.42242305310511,6.6442880820614745,21.0,0,-0.42242305310510986,21.42242305310511,20.5,21.5
1107.0,21.213676542573385,21.419507027928002,6.64528103604172,21.0,0,-0.41950702792800243,21.419507027928002,20.5,21.5
1108.0,21.210762863472077,21.416591785047306,6.646272737068884,21.0,0,-0.41659178504730576,21.416591785047306,20.5,21.5
1109.0,21.207849965446798,21.41367732405627,6.647263184387744,21.0,0,-0.41367732405626967,21.41367732405627,20.5,21.5
1110.0,21.204937848090587,21.410763644548076,6.648252377244031,21.0,0,-0.41076364454807646,21.410763644548076,20.5,21.5
1111.0,21.20202651099642,21.407850746115837,6.649240314884432,21.0,0,-0.4078507461158374,21.407850746115837,20.5,21.5
1112.0,21.199115953757197,21.4049386283526,6.65022699655659,21.0,0,-0.40493862835259975,21.4049386283526,20.5,21.5
1113.0,21.196206175965756,21.402027290851336,6.651212421509103,21.0,0,-0.40202729085133626,21.402027290851336,20.5,21.5
1114.0,21.193297177214866,21.399116733204952,6.6521965889915275,21.0,0,-0.3991167332049521,21.399116733204952,20.5,21.5
1115.0,21.190388957097223,21.396206955006278,6.653179498254377,21.0,0,-0.3962069550062779,21.396206955006278,20.5,21.5
1116.0,21.187481515205455,21.393297955848084,6.654161148549123,21.0,0,-0.3932979558480838,21.393297955848084,20.5,21.5
1117.0,21.184574851132123,21.390389735323073,6.655141539128198,21.0,0,-0.39038973532307253,21.390389735323073,20.5,21.5
1118.0,21.181668964469722,21.387482293023865,6.656120669244989,21.0,0,-0.38748229302386505,21.387482293023865,20.5,21.5
1119.0,21.178763854810676,21.38457562854303,6.657098538153847,21.0,0,-0.38457562854302907,21.38457562854303,20.5,21.5
1120.0,21.175859521747345,21.381669741473054,6.658075145110083,21.0,0,-0.3816697414730541,21.381669741473054,20.5,21.5
1121.0,21.172955964872017,21.378764631406362,6.659050489369968,21.0,0,-0.3787646314063622,21.378764631406362,20.5,21.5
1122.0,21.170053183776915,21.375860297935322,6.6600245701907355,21.0,0,-0.37586029793532205,21.375860297935322,20.5,21.5
1123.0,21.167151178054198,21.372956740652217,6.660997386830578,21.0,0,-0.3729567406522172,21.372956740652217,20.5,21.5
1124.0,21.164249947295954,21.37005395914927,6.6619689385486565,21.0,0,-0.37005395914927064,21.37005395914927,20.5,21.5
1125.0,21.161349491094203,21.367151953018645,6.662939224605091,21.0,0,-0.3671519530186451,21.367151953018645,20.5,21.5
1126.0,21.158449809040906,21.36425072185242,6.663908244260965,21.0,0,-0.3642507218524216,21.36425072185242,20.5,21.5
1127.0,21.15555090072795,21.361350265242628,6.6648759967783295,21.0,0,-0.3613502652426277,21.361350265242628,20.5,21.5
1128.0,21.15265276574716,21.358450582781224,6.665842481420199,21.0,0,-0.35845058278122366,21.358450582781224,20.5,21.5
1129.0,21.149755403690293,21.35555167406009,6.666807697450553,21.0,0,-0.35555167406009147,21.35555167406009,20.5,21.5
1130.0,21.146858814149045,21.35265353867106,6.667771644134336,21.0,0,-0.35265353867105986,21.35265353867106,20.5,21.5
1131.0,21.143962996715043,21.349756176205887,6.668734320737463,21.0,0,-0.3497561762058865,21.349756176205887,20.5,21.5
1132.0,21.14106795097985,21.34685958625627,6.669695726526813,21.0,0,-0.34685958625626867,21.34685958625627,20.5,21.5
1133.0,21.138173676534958,21.34396376841383,6.670655860770234,21.0,0,-0.34396376841382903,21.34396376841383,20.5,21.5
1134.0,21.135280172971804,21.34106872227013,6.671614722736541,21.0,0,-0.34106872227012985,21.34106872227013,20.5,21.5
1135.0,21.132387439881757,21.338174447416673,6.672572311695519,21.0,0,-0.338174447416673,21.338174447416673,20.5,21.5
1136.0,21.12949547685612,21.33528094344489,6.673528626917923,21.0,0,-0.33528094344488935,21.33528094344489,20.5,21.5
1137.0,21.126604283486135,21.332388209946142,6.674483667675478,21.0,0,-0.33238820994614215,21.332388209946142,20.5,21.5
1138.0,21.123713859362972,21.329496246511745,6.6754374332408775,21.0,0,-0.32949624651174503,21.329496246511745,20.5,21.5
1139.0,21.12082420407775,21.326605052732937,6.676389922887788,21.0,0,-0.32660505273293694,21.326605052732937,20.5,21.5
1140.0,21.117935317221512,21.323714628200886,6.677341135890848,21.0,0,-0.3237146282008858,21.323714628200886,20.5,21.5
1141.0,21.115047198385245,21.32082497250671,6.678291071525667,21.0,0,-0.3208249725067098,21.32082497250671,20.5,21.5
1142.0,21.112159847159873,21.31793608524146,6.679239729068827,21.0,0,-0.31793608524145966,21.31793608524146,20.5,21.5
1143.0,21.109273263136256,21.31504796599612,6.680187107797884,21.0,0,-0.3150479659961185,21.31504796599612,20.5,21.5
1144.0,21.106387445905188,21.312160614361606,6.681133206991369,21.0,0,-0.3121606143616056,21.312160614361606,20.5,21.5
1145.0,21.103502395057404,21.309274029928783,6.682078025928785,21.0,0,-0.3092740299287833,21.309274029928783,20.5,21.5
1146.0,21.10061811018358,21.30638821228845,6.6830215638906125,21.0,0,-0.30638821228845003,21.30638821228845,20.5,21.5
1147.0,21.09773459087432,21.30350316103134,6.683963820158306,21.0,0,-0.30350316103134034,21.30350316103134,20.5,21.5
1148.0,21.094851836720178,21.300618875748125,6.684904794014296,21.0,0,-0.30061887574812474,21.300618875748125,20.5,21.5
1149.0,21.09196984731164,21.297735356029413,6.685844484741989,21.0,0,-0.29773535602941337,21.297735356029413,20.5,21.5
1150.0,21.089088622239125,21.294852601465756,6.686782891625771,21.0,0,-0.294852601465756,21.294852601465756,20.5,21.5
1151.0,21.086208161093,21.291970611647642,6.687720013951005,21.0,0,-0.29197061164764193,21.291970611647642,20.5,21.5
1152.0,21.083328463463573,21.289089386165493,6.688655851004031,21.0,0,-0.28908938616549307,21.289089386165493,20.5,21.5
1153.0,21.08044952894108,21.286208924609674,6.689590402072167,21.0,0,-0.2862089246096744,21.286208924609674,20.5,21.5
1154.0,21.07757135711571,21.283329226570487,6.690523666443712,21.0,0,-0.283329226570487,21.283329226570487,20.5,21.5
1155.0,21.074693947577575,21.28045029163818,6.691455643407947,21.0,0,-0.2804502916381786,21.28045029163818,20.5,21.5
1156.0,21.07181729991674,21.277572119402926,6.692386332255128,21.0,0,-0.2775721194029259,21.277572119402926,20.5,21.5
1157.0,21.06894141372321,21.274694709454856,6.693315732276497,21.0,0,-0.27469470945485597,21.274694709454856,20.5,21.5
1158.0,21.06606628858692,21.271818061384025,6.6942438427642745,21.0,0,-0.27181806138402465,21.271818061384025,20.5,21.5
1159.0,21.063191924097755,21.268942174780435,6.695170663011664,21.0,0,-0.2689421747804346,21.268942174780435,20.5,21.5
1160.0,21.06031831984554,21.266067049234028,6.696096192312852,21.0,0,-0.266067049234028,21.266067049234028,20.5,21.5
1161.0,21.05744547542003,21.263192684334683,6.697020429963008,21.0,0,-0.26319268433468324,21.263192684334683,20.5,21.5
1162.0,21.05457339041094,21.26031907967223,6.697943375258283,21.0,0,-0.2603190796722288,21.26031907967223,20.5,21.5
1163.0,21.05170206440791,21.257446234836426,6.698865027495816,21.0,0,-0.2574462348364257,21.257446234836426,20.5,21.5
1164.0,21.048831497000528,21.254574149416978,6.699785385973728,21.0,0,-0.2545741494169782,21.254574149416978,20.5,21.5
1165.0,21.045961687778323,21.251702823003534,6.700704449991125,21.0,0,-0.25170282300353364,21.251702823003534,20.5,21.5
1166.0,21.043092636330766,21.248832255185683,6.701622218848103,21.0,0,-0.24883225518568253,21.248832255185683,20.5,21.5
1167.0,21.04022434224727,21.24596244555295,6.702538691845737,21.0,0,-0.24596244555295144,21.24596244555295,20.5,21.5
1168.0,21.03735680511719,21.243093393694807,6.703453868286095,21.0,0,-0.24309339369480654,21.243093393694807,20.5,21.5
1169.0,21.034490024529827,21.240225099200668,6.704367747472231,21.0,0,-0.2402250992006678,21.240225099200668,20.5,21.5
1170.0,21.031624000074416,21.237357561659888,6.705280328708184,21.0,0,-0.23735756165988775,21.237357561659888,20.5,21.5
1171.0,21.028758731340144,21.234490780661766,6.706191611298986,21.0,0,-0.23449078066176554,21.234490780661766,20.5,21.5
1172.0,21.025894217916136,21.231624755795536,6.707101594550655,21.0,0,-0.23162475579553643,21.231624755795536,20.5,21.5
1173.0,21.023030459391464,21.228759486650393,6.708010277770198,21.0,0,-0.22875948665039303,21.228759486650393,20.5,21.5
1174.0,21.02016745535514,21.225894972815457,6.708917660265615,21.0,0,-0.2258949728154569,21.225894972815457,20.5,21.5
1175.0,21.01730520539612,21.223031213879796,6.709823741345893,21.0,0,-0.2230312138797963,21.223031213879796,20.5,21.5
1176.0,21.01444370910331,21.220168209432426,6.710728520321013,21.0,0,-0.2201682094324262,21.220168209432426,20.5,21.5
1177.0,21.011582966065554,21.21730595906231,6.711631996501946,21.0,0,-0.21730595906230832,21.21730595906231,20.5,21.5
1178.0,21.008722975871642,21.214444462358344,6.712534169200657,21.0,0,-0.2144444623583439,21.214444462358344,20.5,21.5
1179.0,21.005863738110307,21.211583718909377,6.713435037730099,21.0,0,-0.21158371890937744,21.211583718909377,20.5,21.5
1180.0,21.00300525237023,21.2087237283042,6.714334601404225,21.0,0,-0.20872372830420005,21.2087237283042,20.5,21.5
1181.0,21.000147518240038,21.205864490131546,6.715232859537975,21.0,0,-0.20586449013154606,21.205864490131546,20.5,21.5
1182.0,20.9972905353083,21.203006003980096,6.716129811447289,21.0,0,-0.2030060039800965,21.203006003980096,20.5,21.5
1183.0,20.994434303163526,21.200148269438472,6.717025456449098,21.0,0,-0.20014826943847197,21.200148269438472,20.5,21.5
1184.0,20.991578821394185,21.197291286095247,6.717919793861329,21.0,0,-0.19729128609524693,21.197291286095247,20.5,21.5
1185.0,20.98872408958868,21.194435053538935,6.718812823002906,21.0,0,-0.19443505353893542,21.194435053538935,20.5,21.5
1186.0,20.985870107335362,21.191579571357998,6.719704543193747,21.0,0,-0.1915795713579982,21.191579571357998,20.5,21.5
1187.0,20.983016874222535,21.188724839140846,6.72059495375477,21.0,0,-0.18872483914084626,21.188724839140846,20.5,21.5
1188.0,20.980164389838443,21.185870856475827,6.721484054007887,21.0,0,-0.18587085647582668,21.185870856475827,20.5,21.5
1189.0,20.977312653771275,21.183017622951247,6.722371843276012,21.0,0,-0.18301762295124746,21.183017622951247,20.5,21.5
1190.0,20.974461665609176,21.180165138155346,6.723258320883051,21.0,0,-0.18016513815534552,21.180165138155346,20.5,21.5
1191.0,20.97161142494023,21.17731340167632,6.724143486153917,21.0,0,-0.1773134016763187,21.17731340167632,20.5,21.5
1192.0,20.968761931352475,21.174462413102308,6.725027338414515,21.0,0,-0.17446241310230803,21.174462413102308,20.5,21.5
1193.0,20.965913184433887,21.171612172021398,6.7259098769917545,21.0,0,-0.17161217202139767,21.171612172021398,20.5,21.5
1194.0,20.9630651837724,21.168762678021626,6.726791101213543,21.0,0,-0.1687626780216256,21.168762678021626,20.5,21.5
1195.0,20.96021792895589,21.16591393069097,6.727671010408791,21.0,0,-0.16591393069096938,21.16591393069097,20.5,21.5
1196.0,20.95737141957218,21.163065929617357,6.7285496039074095,21.0,0,-0.1630659296173569,21.163065929617357,20.5,21.5
1197.0,20.954525655209046,21.16021867438867,6.72942688104031,21.0,0,-0.16021867438866977,21.16021867438867,20.5,21.5
1198.0,20.951680635454213,21.157372164592736,6.730302841139409,21.0,0,-0.1573721645927364,21.157372164592736,20.5,21.5
1199.0,20.94883635989535,21.154526399817325,6.731177483537624,21.0,0,-0.15452639981732474,21.154526399817325,20.5,21.5
1200.0,20.945992828120076,21.151681379650164,-3.2679491924311233,21.0,0,-0.1516813796501637,21.151681379650164,20.5,21.5
1201.0,20.941150039715964,21.14843710367892,-3.267077187431906,21.0,0,-0.14843710367891916,21.14843710367892,20.5,21.5
1202.0,20.936308394270533,21.144793651491216,-3.266206502128794,21.0,0,-0.14479365149121648,21.144793651491216,20.5,21.5
1203.0,20.931467891291252,21.140751102658623,-3.2653371371848543,21.0,0,-0.14075110265862278,21.140751102658623,20.5,21.5
1204.0,20.926628530285555,21.13630953673667,-3.264469093262143,21.0,0,-0.13630953673666824,21.13630953673667,20.5,21.5
1205.0,20.921790310760844,21.13146903326482,-3.2636023710217152,21.0,0,-0.13146903326482118,21.13146903326482,20.5,21.5
1206.0,20.916953232224486,21.126629671766526,-3.2627369711236174,21.0,0,-0.12662967176652629,21.126629671766526,20.5,21.5
1207.0,20.912117294183815,21.121791451749182,-3.2618728942268893,21.0,0,-0.12179145174918204,21.121791451749182,20.5,21.5
1208.0,20.907282496146134,21.116954372720162,-3.261010140989562,21.0,0,-0.11695437272016207,21.116954372720162,20.5,21.5
1209.0,20.902448837618707,21.11211843418679,-3.260148712068661,21.0,0,-0.11211843418679024,21.11211843418679,20.5,21.5
1210.0,20.89761631810877,21.107283635656376,-3.259288608120201,21.0,0,-0.10728363565637622,21.107283635656376,20.5,21.5
1211.0,20.892784937123526,21.102449976636183,-3.258429829799189,21.0,0,-0.10244997663618349,21.102449976636183,20.5,21.5
1212.0,20.88795469417014,21.097617456633447,-3.2575723777596215,21.0,0,-0.09761745663344712,21.097617456633447,20.5,21.5
1213.0,20.883125588755753,21.092786075155367,-3.2567162526544857,21.0,0,-0.09278607515536663,21.092786075155367,20.5,21.5
1214.0,20.87829762038747,21.08795583170912,-3.2558614551357588,21.0,0,-0.08795583170912025,21.08795583170912,20.5,21.5
1215.0,20.873470788572366,21.08312672580184,-3.255007985854406,21.0,0,-0.08312672580184,21.08312672580184,20.5,21.5
1216.0,20.86864509281748,21.07829875694063,-3.2541558454603807,21.0,0,-0.07829875694062949,21.07829875694063,20.5,21.5
1217.0,20.863820532629823,21.073471924632564,-3.2533050346026258,21.0,0,-0.07347192463256391,21.073471924632564,20.5,21.5
1218.0,20.858997107516377,21.06864622838469,-3.252455553929069,21.0,0,-0.06864622838469003,21.06864622838469,20.5,21.5
1219.0,20.854174816984088,21.063821667704012,-3.25160740408663,21.0,0,-0.06382166770401199,21.063821667704012,20.5,21.5
1220.0,20.849353660539872,21.058998242097516,-3.250760585721208,21.0,0,-0.05899824209751614,21.058998242097516,20.5,21.5
1221.0,20.84453363769062,21.054175951072146,-3.249915099477695,21.0,0,-0.05417595107214623,21.054175951072146,20.5,21.5
1222.0,20.839714747943187,21.04935479413482,-3.2490709459999643,21.0,0,-0.049354794134821134,21.04935479413482,20.5,21.5
1223.0,20.8348969908044,21.044534770792424,-3.2482281259308756,21.0,0,-0.04453477079242418,21.044534770792424,20.5,21.5
1224.0,20.83008036578105,21.039715880551817,-3.247386639912273,21.0,0,-0.039715880551817406,21.039715880551817,20.5,21.5
1225.0,20.82526487237991,21.03489812291982,-3.2465464885849844,21.0,0,-0.034898122919820196,21.03489812291982,20.5,21.5
1226.0,20.82045051010772,21.03008149740324,-3.2457076725888223,21.0,0,-0.030081497403241286,21.03008149740324,20.5,21.5
1227.0,20.81563727847118,21.02526600350884,-3.2448701925625816,21.0,0,-0.025266003508839674,21.02526600350884,20.5,21.5
1228.0,20.810825176976973,21.020451640743353,-3.244034049144039,21.0,0,-0.02045164074335304,21.020451640743353,20.5,21.5
1229.0,20.80601420513175,21.015638408613494,-3.243199242969954,21.0,0,-0.015638408613494192,21.015638408613494,20.5,21.5
1230.0,20.801204362442128,21.010826306625937,-3.2423657746760695,21.0,0,-0.010826306625936866,21.010826306625937,20.5,21.5
1231.0,20.796395648414705,21.006015334287333,-3.241533644897106,21.0,0,-0.006015334287333474,21.006015334287333,20.5,21.5
1232.0,20.791588062556045,21.001205491104308,-3.2407028542667673,21.0,0,-0.0012054911043080097,21.001205491104308,20.5,21.5
1233.0,20.78678160437268,20.996396776583452,-3.239873403417736,21.0,0,0.0036032234165475074,20.996396776583452,20.5,21.5
1234.0,20.78197627337112,20.991589190231327,-3.239045292981676,21.0,0,0.008410809768673033,20.991589190231327,20.5,21.5
1235.0,20.77717206905785,20.98678273155447,-3.2382185235892287,21.0,0,0.01321726844552984,20.98678273155447,20.5,21.5
1236.0,20.77236899093932,20.981977400059392,-3.237393095870016,21.0,0,0.01802259994060762,20.981977400059392,20.5,21.5
1237.0,20.767567038521957,20.977173195252572,-3.2365690104526355,21.0,0,0.022826804747428042,20.977173195252572,20.5,21.5
1238.0,20.76276621131216,20.97237011664047,-3.2357462679646645,21.0,0,0.027629883359530538,20.97237011664047,20.5,21.5
1239.0,20.757966508816306,20.967568163729503,-3.2349248690326577,21.0,0,0.03243183627049717,20.967568163729503,20.5,21.5
1240.0,20.753167930540737,20.962767336026083,-3.234104814282146,21.0,0,0.03723266397391711,20.962767336026083,20.5,21.5
1241.0,20.748370475991774,20.95796763303657,-3.233286104337637,21.0,0,0.04203236696342927,20.95796763303657,20.5,21.5
1242.0,20.74357414467571,20.953169054267324,-3.232468739822613,21.0,0,0.0468309457326761,20.953169054267324,20.5,21.5
1243.0,20.738778936098807,20.94837159922465,-3.2316527213595334,21.0,0,0.0516284007753498,20.94837159922465,20.5,21.5
1244.0,20.733984849767317,20.943575267414854,-3.230838049569832,21.0,0,0.05642473258514613,20.943575267414854,20.5,21.5
1245.0,20.72919188518745,20.938780058344197,-3.2300247250739167,21.0,0,0.06121994165580347,20.938780058344197,20.5,21.5
1246.0,20.724400041865398,20.933985971518922,-3.229212748491168,21.0,0,0.06601402848107796,20.933985971518922,20.5,21.5
1247.0,20.719609319307327,20.929193006445246,-3.2284021204399433,21.0,0,0.07080699355475417,20.929193006445246,20.5,21.5
1248.0,20.714819717019378,20.924401162629362,-3.2275928415375708,21.0,0,0.075598837370638,20.924401162629362,20.5,21.5
1249.0,20.710031234507667,20.919610439577433,-3.2267849124003503,21.0,0,0.08038956042256729,20.919610439577433,20.5,21.5
1250.0,20.705243871278284,20.914820836795602,-3.225978333643557,21.0,0,0.08517916320439767,20.914820836795602,20.5,21.5
1251.0,20.7004576268373,20.91003235378998,-3.2251731058814332,21.0,0,0.08996764621002029,20.91003235378998,20.5,21.5
1252.0,20.695672500690755,20.905244990066667,-3.2243692297271975,21.0,0,0.09475500993333341,20.905244990066667,20.5,21.5
1253.0,20.690888492344673,20.900458745131726,-3.2235667057930346,21.0,0,0.09954125486827436,20.900458745131726,20.5,21.5
1254.0,20.686105601305044,20.8956736184912,-3.2227655346901027,21.0,0,0.10432638150879825,20.8956736184912,20.5,21.5
1255.0,20.681323827077847,20.890889609651115,-3.221965717028527,21.0,0,0.10911039034888503,20.890889609651115,20.5,21.5
1256.0,20.676543169169026,20.88610671811746,-3.2211672534174047,21.0,0,0.11389328188253955,20.88610671811746,20.5,21.5
1257.0,20.67176362708451,20.881324943396212,-3.2203701444648,21.0,0,0.11867505660378797,20.881324943396212,20.5,21.5
1258.0,20.6669852003302,20.87654428499332,-3.2195743907777468,21.0,0,0.12345571500668129,20.87654428499332,20.5,21.5
1259.0,20.662207888411977,20.871764742414705,-3.2187799929622454,21.0,0,0.12823525758529541,20.871764742414705,20.5,21.5
1260.0,20.657431690835704,20.866986315166272,-3.2179869516232644,21.0,0,0.13301368483372755,20.866986315166272,20.5,21.5
1261.0,20.65265660710721,20.862209002753907,-3.2171952673647395,21.0,0,0.13779099724609267,20.862209002753907,20.5,21.5
1262.0,20.647882636732316,20.85743280468347,-3.2164049407895723,21.0,0,0.14256719531653061,20.85743280468347,20.5,21.5
1263.0,20.64310977921681,20.85265772046079,-3.2156159724996307,21.0,0,0.14734227953920964,20.85265772046079,20.5,21.5
1264.0,20.638338034066468,20.84788374959169,-3.214828363095749,21.0,0,0.15211625040830867,20.84788374959169,20.5,21.5
1265.0,20.633567400787037,20.843110891581954,-3.214042113177726,21.0,0,0.1568891084180457,20.843110891581954,20.5,21.5
1266.0,20.628797878884242,20.83833914593736,-3.213257223344325,21.0,0,0.16166085406263875,20.83833914593736,20.5,21.5
1267.0,20.624029467863796,20.83356851216366,-3.2124736941932737,21.0,0,0.16643148783634132,20.83356851216366,20.5,21.5
1268.0,20.619262167231383,20.828798989766575,-3.211691526321264,21.0,0,0.1712010102334247,20.828798989766575,20.5,21.5
1269.0,20.614495976492673,20.824030578251815,-3.21091072032395,21.0,0,0.17596942174818508,20.824030578251815,20.5,21.5
1270.0,20.60973089515331,20.81926327712507,-3.2101312767959502,21.0,0,0.18073672287492926,20.81926327712507,20.5,21.5
1271.0,20.60496692271892,20.814497085892008,-3.209353196330844,21.0,0,0.18550291410799247,20.814497085892008,20.5,21.5
1272.0,20.60020405869511,20.80973200405827,-3.2085764795211738,21.0,0,0.19026799594173127,20.80973200405827,20.5,21.5
1273.0,20.595442302587465,20.804968031129484,-3.2078011269584445,21.0,0,0.19503196887051644,20.804968031129484,20.5,21.5
1274.0,20.590681653901555,20.80020516661126,-3.2070271392331193,21.0,0,0.19979483338874005,20.80020516661126,20.5,21.5
1275.0,20.585922112142928,20.795443410009185,-3.2062545169346235,21.0,0,0.2045565899908155,20.795443410009185,20.5,21.5
1276.0,20.581163676817113,20.790682760828822,-3.2054832606513433,21.0,0,0.2093172391711775,20.790682760828822,20.5,21.5
1277.0,20.576406347429618,20.785923218575725,-3.204713370970623,21.0,0,0.214076781424275,20.785923218575725,20.5,21.5
1278.0,20.571650123485938,20.781164782755422,-3.203944848478769,21.0,0,0.21883521724457822,20.781164782755422,20.5,21.5
1279.0,20.566895004491546,20.77640745287342,-3.2031776937610426,21.0,0,0.22359254712657872,20.77640745287342,20.5,21.5
1280.0,20.562140989951896,20.771651228435214,-3.2024119074016664,21.0,0,0.22834877156478584,20.771651228435214,20.5,21.5
1281.0,20.557388079372426,20.766896108946277,-3.201647489983819,21.0,0,0.2331038910537231,20.766896108946277,20.5,21.5
1282.0,20.552636272258557,20.762142093912068,-3.200884442089639,21.0,0,0.23785790608793178,20.762142093912068,20.5,21.5
1283.0,20.54788556811569,20.75738918283802,-3.20012276430022,21.0,0,0.24261081716198163,20.75738918283802,20.5,21.5
1284.0,20.543135966449206,20.752637375229547,-3.1993624571956127,21.0,0,0.247362624770453,20.752637375229547,20.5,21.5
1285.0,20.538387466764476,20.747886670592067,-3.1986035213548245,21.0,0,0.2521133294079334,20.747886670592067,20.5,21.5
1286.0,20.533640068566854,20.74313706843095,-3.197845957355817,21.0,0,0.2568629315690494,20.74313706843095,20.5,21.5
1287.0,20.52889377136167,20.738388568251573,-3.197089765775509,21.0,0,0.2616114317484275,20.738388568251573,20.5,21.5
1288.0,20.52414857465424,20.733641169559284,-3.196334947189772,21.0,0,0.2663588304407156,20.733641169559284,20.5,21.5
1289.0,20.519404477949873,20.728894871859417,-3.195581502173436,21.0,0,0.27110512814058296,20.728894871859417,20.5,21.5
1290.0,20.514661480753848,20.72414967465729,-3.1948294313002794,21.0,0,0.27585032534270937,20.72414967465729,20.5,21.5
1291.0,20.509919582571438,20.71940557745821,-3.1940787351430373,21.0,0,0.2805944225417889,20.71940557745821,20.5,21.5
1292.0,20.505178782907894,20.714662579767456,-3.193329414273398,21.0,0,0.28533742023254405,20.714662579767456,20.5,21.5
1293.0,20.500439081268457,20.7099206810903,-3.192581469262003,21.0,0,0.29007931890970085,20.7099206810903,20.5,21.5
1294.0,20.49570047715835,20.705179880931997,-3.191834900678444,21.0,0,0.2948201190680031,20.705179880931997,20.5,21.5
1295.0,20.490962970082784,20.700440178797784,-3.1910897090912638,21.0,0,0.2995598212022159,20.700440178797784,20.5,21.5
1296.0,20.48622655954695,20.695701574192885,-3.190345895067961,21.0,0,0.3042984258071151,20.695701574192885,20.5,21.5
1297.0,20.481491245056027,20.69096406662251,-3.1896034591749807,21.0,0,0.3090359333774906,20.69096406662251,20.5,21.5
1298.0,20.47675702611518,20.686227655591857,-3.1888624019777208,21.0,0,0.31377234440814306,20.686227655591857,20.5,21.5
1299.0,20.472023902229562,20.681492340606095,-3.1881227240405288,21.0,0,0.31850765939390513,20.681492340606095,20.5,21.5
1300.0,20.46729187290431,20.6767581211704,-3.1873844259267,21.0,0,0.32324187882959876,20.6767581211704,20.5,21.5
1301.0,20.462560937644543,20.67202499678992,-3.186647508198482,21.0,0,0.32797500321008144,20.67202499678992,20.5,21.5
1302.0,20.457831095955374,20.66729296696979,-3.1859119714170703,21.0,0,0.33270703303021065,20.66729296696979,20.5,21.5
1303.0,20.4531023473419,20.66256203121513,-3.1851778161426063,21.0,0,0.33743796878486876,20.66256203121513,20.5,21.5
1304.0,20.448374691309205,20.65783218903106,-3.1844450429341826,21.0,0,0.34216781096894167,20.65783218903106,20.5,21.5
1305.0,20.443648127362355,20.653103439922667,-3.1837136523498373,21.0,0,0.34689656007733305,20.653103439922667,20.5,21.5
1306.0,20.43892265500641,20.64837578339504,-3.1829836449465567,21.0,0,0.3516242166049608,20.64837578339504,20.5,21.5
1307.0,20.43419827374642,20.64364921895325,-3.1822550212802723,21.0,0,0.3563507810467499,20.64364921895325,20.5,21.5
1308.0,20.429474983087417,20.638923746102353,-3.1815277819058627,21.0,0,0.36107625389764664,20.638923746102353,20.5,21.5
1309.0,20.42475278253442,20.634199364347396,-3.1808019273771535,21.0,0,0.36580063565260446,20.634199364347396,20.5,21.5
1310.0,20.420031671592437,20.62947607319341,-3.180077458246913,21.0,0,0.37052392680659096,20.62947607319341,20.5,21.5
1311.0,20.41531164976647,20.624753872145423,-3.1793543750668576,21.0,0,0.37524612785457734,20.624753872145423,20.5,21.5
1312.0,20.410592716561503,20.620032760708437,-3.178632678387646,21.0,0,0.3799672392915632,20.620032760708437,20.5,21.5
1313.0,20.405874871482514,20.615312738387455,-3.1779123687588804,21.0,0,0.3846872616125445,20.615312738387455,20.5,21.5
1314.0,20.401158114034466,20.610593804687465,-3.1771934467291096,21.0,0,0.3894061953125352,20.610593804687465,20.5,21.5
1315.0,20.396442443722314,20.60587595911344,-3.176475912845823,21.0,0,0.3941240408865596,20.60587595911344,20.5,21.5
1316.0,20.391727860051002,20.601159201170347,-3.175759767655454,21.0,0,0.39884079882965295,20.601159201170347,20.5,21.5
1317.0,20.387014362525463,20.59644353036314,-3.1750450117033786,21.0,0,0.403556469636861,20.59644353036314,20.5,21.5
1318.0,20.382301950650618,20.59172894619676,-3.174331645533915,21.0,0,0.40827105380324014,20.59172894619676,20.5,21.5
1319.0,20.377590623931383,20.587015448176146,-3.1736196696903205,21.0,0,0.41298455182385396,20.587015448176146,20.5,21.5
1320.0,20.37288038187266,20.582303035806216,-3.1729090847147985,21.0,0,0.41769696419378377,20.582303035806216,20.5,21.5
1321.0,20.368171223979342,20.577591708591882,-3.1721998911484883,21.0,0,0.422408291408118,20.577591708591882,20.5,21.5
1322.0,20.363463149756317,20.57288146603805,-3.1714920895314727,21.0,0,0.42711853396194854,20.57288146603805,20.5,21.5
1323.0,20.35875615870846,20.568172307649622,-3.1707856804027728,21.0,0,0.4318276923503781,20.568172307649622,20.5,21.5
1324.0,20.354050250340638,20.563464232931473,-3.1700806643003503,21.0,0,0.43653576706852704,20.563464232931473,20.5,21.5
1325.0,20.34934542415771,20.55875724138848,-3.1693770417611056,21.0,0,0.4412427586115193,20.55875724138848,20.5,21.5
1326.0,20.344641679664527,20.554051332525518,-3.1686748133208784,21.0,0,0.44594866747448236,20.554051332525518,20.5,21.5
1327.0,20.33993901636593,20.549346505847442,-3.1679739795144446,21.0,0,0.45065349415255795,20.549346505847442,20.5,21.5
1328.0,20.335237433766753,20.544642760859098,-3.167274540875521,21.0,0,0.455357239140902,20.544642760859098,20.5,21.5
1329.0,20.330536931371824,20.539940097065337,-3.1665764979367594,21.0,0,0.46005990293466326,20.539940097065337,20.5,21.5
1330.0,20.325837508685964,20.535238513970988,-3.165879851229752,21.0,0,0.4647614860290119,20.535238513970988,20.5,21.5
1331.0,20.32113916521398,20.530538011080882,-3.1651846012850235,21.0,0,0.46946198891911806,20.530538011080882,20.5,21.5
1332.0,20.31644190046068,20.52583858789983,-3.164490748632038,21.0,0,0.4741614121001696,20.52583858789983,20.5,21.5
1333.0,20.31174571393086,20.521140243932653,-3.1637982937991938,21.0,0,0.4788597560673473,20.521140243932653,20.5,21.5
1334.0,20.307050605129316,20.51644297868415,-3.1631072373138256,21.0,0,0.48355702131584977,20.51644297868415,20.5,21.5
1335.0,20.30235657356083,20.511746791659125,-3.162417579702204,21.0,0,0.4882532083408755,20.511746791659125,20.5,21.5
1336.0,20.297663618730176,20.507051682362363,-3.1617293214895312,21.0,0,0.49294831763763725,20.507051682362363,20.5,21.5
1337.0,20.292971740142132,20.502357650298656,-3.161042463199948,21.0,0,0.49764234970134424,20.502357650298656,20.5,21.5
1338.0,20.288280937301465,20.497664694972777,-3.1603570053565253,21.0,1,0.5023353050272235,20.497664694972777,20.5,21.5
1339.0,20.288591209712934,20.4939728158895,-3.159672948481269,21.0,1,0.5060271841105006,20.4939728158895,20.5,21.5
1340.0,20.288901556881296,20.49128181255359,-3.158990293095119,21.0,1,0.5087181874464086,20.49128181255359,20.5,21.5
1341.0,20.2892119785113,20.489591484509816,-3.158309039717947,21.0,1,0.5104085154901838,20.489591484509816,20.5,21.5
1342.0,20.289522474307656,20.48890163134292,-3.157629188868558,21.0,1,0.5110983686570805,20.48890163134292,20.5,21.5
1343.0,20.289833043975023,20.48921205267763,-3.1569507410646853,21.0,1,0.5107879473223704,20.48921205267763,20.5,21.5
1344.0,20.290143687218016,20.48952254817865,-3.156273696822999,21.0,1,0.5104774518213517,20.48952254817865,20.5,21.5
1345.0,20.290454403741208,20.48983311755063,-3.1555980566590964,21.0,1,0.5101668824493686,20.48983311755063,20.5,21.5
1346.0,20.29076519324913,20.4901437604982,-3.1549238210875075,21.0,1,0.5098562395018007,20.4901437604982,20.5,21.5
1347.0,20.29107605544626,20.490454476725922,-3.1542509906216907,21.0,1,0.5095455232740775,20.490454476725922,20.5,21.5
1348.0,20.291386990037047,20.490765265938325,-3.153579565774038,21.0,1,0.5092347340616747,20.490765265938325,20.5,21.5
1349.0,20.291697996725883,20.491076127839897,-3.1529095470558666,21.0,1,0.5089238721601035,20.491076127839897,20.5,21.5
1350.0,20.292009075217127,20.491387062135082,-3.152240934977426,21.0,1,0.5086129378649176,20.491387062135082,20.5,21.5
1351.0,20.29232022521509,20.491698068528272,-3.151573730047893,21.0,1,0.5083019314717276,20.491698068528272,20.5,21.5
1352.0,20.292631446424036,20.49200914672383,-3.1509079327753735,21.0,1,0.5079908532761692,20.49200914672383,20.5,21.5
1353.0,20.292942738548195,20.492320296426062,-3.1502435436669014,21.0,1,0.5076797035739382,20.492320296426062,20.5,21.5
1354.0,20.29325410129175,20.492631517339237,-3.1495805632284357,21.0,1,0.5073684826607625,20.492631517339237,20.5,21.5
1355.0,20.293565534358848,20.49294280916758,-3.1489189919648677,21.0,1,0.5070571908324197,20.49294280916758,20.5,21.5
1356.0,20.293877037453584,20.49325417161528,-3.1482588303800103,21.0,1,0.5067458283847195,20.49325417161528,20.5,21.5
1357.0,20.294188610280017,20.493565604386475,-3.147600078976607,21.0,1,0.5064343956135247,20.493565604386475,20.5,21.5
1358.0,20.294500252542164,20.49387710718527,-3.1469427382563255,21.0,1,0.5061228928147301,20.49387710718527,20.5,21.5
1359.0,20.294811963944003,20.49418867971572,-3.1462868087197586,21.0,1,0.5058113202842804,20.49418867971572,20.5,21.5
1360.0,20.29512374418947,20.494500321681844,-3.145632290866425,21.0,1,0.5054996783181558,20.494500321681844,20.5,21.5
1361.0,20.29543559298246,20.494812032787618,-3.14497918519477,21.0,1,0.5051879672123825,20.494812032787618,20.5,21.5
1362.0,20.295747510026825,20.495123812736978,-3.1443274922021605,21.0,1,0.5048761872630223,20.495123812736978,20.5,21.5
1363.0,20.29605949502638,20.49543566123382,-3.1436772123848886,21.0,1,0.5045643387661798,20.49543566123382,20.5,21.5
1364.0,20.2963715476849,20.495747577981998,-3.1430283462381734,21.0,1,0.504252422018002,20.495747577981998,20.5,21.5
1365.0,20.296683667706116,20.496059562685325,-3.142380894256151,21.0,1,0.5039404373146752,20.496059562685325,20.5,21.5
1366.0,20.296995854793725,20.49637161504758,-3.1417348569318877,21.0,1,0.503628384952421,20.49637161504758,20.5,21.5
1367.0,20.29730810865138,20.49668373477249,-3.1410902347573675,21.0,1,0.5033162652275109,20.49668373477249,20.5,21.5
1368.0,20.297620428982697,20.49699592156375,-3.1404470282234973,21.0,1,0.5030040784362484,20.49699592156375,20.5,21.5
1369.0,20.297932815491254,20.49730817512502,-3.1398052378201076,21.0,1,0.5026918248749794,20.49730817512502,20.5,21.5
1370.0,20.298245267880592,20.497620495159918,-3.1391648640359513,21.0,1,0.5023795048400821,20.497620495159918,20.5,21.5
1371.0,20.298557785854207,20.497932881372016,-3.138525907358698,21.0,1,0.5020671186279841,20.497932881372016,20.5,21.5
1372.0,20.298870369115566,20.49824533346485,-3.137888368274943,21.0,1,0.5017546665351489,20.49824533346485,20.5,21.5
1373.0,20.299183017368087,20.49855785114193,-3.1372522472702,21.0,1,0.5014421488580716,20.49855785114193,20.5,21.5
1374.0,20.299495730315158,20.49887043410671,-3.136617544828902,21.0,1,0.5011295658932902,20.49887043410671,20.5,21.5
1375.0,20.299808507660128,20.49918308206262,-3.1359842614344036,21.0,1,0.5008169179373816,20.49918308206262,20.5,21.5
1376.0,20.30012134910631,20.499495794713038,-3.135352397568976,21.0,1,0.5005042052869619,20.499495794713038,20.5,21.5
1377.0,20.300434254356976,20.49980857176132,-3.134721953713812,21.0,1,0.5001914282386792,20.49980857176132,20.5,21.5
1378.0,20.300747223115362,20.500121412910776,-3.1340929303490217,21.0,1,0.49987858708922417,20.500121412910776,20.5,21.5
1379.0,20.301060255084668,20.500434317864677,-3.133465327953635,21.0,1,0.49956568213532293,20.500434317864677,20.5,21.5
1380.0,20.30137334996806,20.500747286326266,-3.1328391470055967,21.0,1,0.4992527136737337,20.500747286326266,20.5,21.5
1381.0,20.301686507468666,20.501060317998736,-3.1322143879817714,21.0,1,0.4989396820012644,20.501060317998736,20.5,21.5
1382.0,20.301999727289576,20.501373412585256,-3.1315910513579412,21.0,1,0.4986265874147442,20.501373412585256,20.5,21.5
1383.0,20.302313009133847,20.50168656978895,-3.130969137608803,21.0,1,0.49831343021104857,20.50168656978895,20.5,21.5
1384.0,20.3026263527045,20.501999789312915,-3.1303486472079713,21.0,1,0.4980002106870849,20.501999789312915,20.5,21.5
1385.0,20.302939757704518,20.502313070860204,-3.129729580627977,21.0,1,0.49768692913979606,20.502313070860204,20.5,21.5
1386.0,20.30325322383685,20.502626414133843,-3.129111938340266,21.0,1,0.497373585866157,20.502626414133843,20.5,21.5
1387.0,20.303566750804414,20.50293981883681,-3.1284957208151987,21.0,1,0.49706018116318873,20.50293981883681,20.5,21.5
1388.0,20.30388033831009,20.50325328467206,-3.1278809285220532,21.0,1,0.4967467153279408,20.50325328467206,20.5,21.5
1389.0,20.304193986056724,20.503566811342502,-3.1272675619290204,21.0,1,0.4964331886574982,20.503566811342502,20.5,21.5
1390.0,20.304507693747126,20.503880398551026,-3.126655621503205,21.0,1,0.4961196014489744,20.503880398551026,20.5,21.5
1391.0,20.304821461084078,20.50419404600047,-3.1260451077106257,21.0,1,0.495805953999529,20.50419404600047,20.5,21.5
1392.0,20.30513528777032,20.50450775339365,-3.125436021016217,21.0,1,0.49549224660635005,20.50450775339365,20.5,21.5
1393.0,20.305449173508563,20.504821520433346,-3.1248283618838233,21.0,1,0.49517847956665406,20.504821520433346,20.5,21.5
1394.0,20.305763118001487,20.5051353468223,-3.1242221307762046,21.0,1,0.4948646531777001,20.5051353468223,20.5,21.5
1395.0,20.30607712095173,20.50544923226322,-3.1236173281550315,21.0,1,0.4945507677367793,20.50544923226322,20.5,21.5
1396.0,20.30639118206191,20.505763176458785,-3.1230139544808884,21.0,1,0.4942368235412147,20.505763176458785,20.5,21.5
1397.0,20.3067053010346,20.506077179111642,-3.122412010213269,21.0,1,0.4939228208883577,20.506077179111642,20.5,21.5
1398.0,20.30701947757235,20.506391239924397,-3.121811495810582,21.0,1,0.4936087600756025,20.506391239924397,20.5,21.5
1399.0,20.307333711377673,20.506705358599636,-3.121212411730143,21.0,1,0.4932946414003645,20.506705358599636,20.5,21.5
1400.0,20.30764800215305,20.5070195348399,-3.120614758428183,21.0,1,0.49298046516010174,20.5070195348399,20.5,21.5
1401.0,20.307962349600935,20.507333768347703,-3.12001853635984,21.0,1,0.49266623165229717,20.507333768347703,20.5,21.5
1402.0,20.308276753423744,20.50764805882553,-3.1194237459791623,21.0,1,0.49235194117446923,20.50764805882553,20.5,21.5
1403.0,20.308591213323865,20.50796240597584,-3.1188303877391093,21.0,1,0.49203759402416125,20.50796240597584,20.5,21.5
1404.0,20.30890572900365,20.508276809501034,-3.118238462091549,21.0,1,0.4917231904989663,20.508276809501034,20.5,21.5
1405.0,20.309220300165432,20.508591269103512,-3.1176479694872583,21.0,1,0.49140873089648807,20.508591269103512,20.5,21.5
1406.0,20.3095349265115,20.508905784485624,-3.117058910375924,21.0,1,0.4910942155143765,20.508905784485624,20.5,21.5
1407.0,20.309849607744123,20.5092203553497,-3.1164712852061394,21.0,1,0.4907796446502992,20.5092203553497,20.5,21.5
1408.0,20.310164343565532,20.509534981398033,-3.1158850944254066,21.0,1,0.49046501860196656,20.509534981398033,20.5,21.5
1409.0,20.310479133677934,20.50984966233289,-3.115300338480136,21.0,1,0.49015033766711014,20.50984966233289,20.5,21.5
1410.0,20.3107939777835,20.510164397856506,-3.114717017815643,21.0,1,0.48983560214349353,20.510164397856506,20.5,21.5
1411.0,20.31110887558438,20.51047918767108,-3.1141351328761537,21.0,1,0.4895208123289194,20.51047918767108,20.5,21.5
1412.0,20.31142382678269,20.51079403147879,-3.1135546841047983,21.0,1,0.48920596852120823,20.51079403147879,20.5,21.5
1413.0,20.31173883108051,20.511108928981788,-3.1129756719436124,21.0,1,0.4888910710182124,20.511108928981788,20.5,21.5
1414.0,20.312053888179907,20.51142387988218,-3.112398096833541,21.0,1,0.4885761201178198,20.51142387988218,20.5,21.5
1415.0,20.312368997782905,20.51173888388206,-3.1118219592144314,21.0,1,0.48826111611793976,20.51173888388206,20.5,21.5
1416.0,20.312684159591505,20.512053940683483,-3.1112472595250376,21.0,1,0.487946059316517,20.512053940683483,20.5,21.5
1417.0,20.312999373307683,20.512369049988482,-3.110673998203019,21.0,1,0.4876309500115177,20.512369049988482,20.5,21.5
1418.0,20.31331463863338,20.512684211499057,-3.110102175684938,21.0,1,0.48731578850094337,20.512684211499057,20.5,21.5
1419.0,20.313629955270514,20.512999424917176,-3.1095317924062638,21.0,1,0.4870005750828241,20.512999424917176,20.5,21.5
1420.0,20.31394532292098,20.513314689944792,-3.108962848801367,21.0,1,0.48668531005520776,20.513314689944792,20.5,21.5
1421.0,20.314260741286635,20.51363000628382,-3.1083953453035225,21.0,1,0.48636999371618117,20.51363000628382,20.5,21.5
1422.0,20.314576210069315,20.513945373636147,-3.107829282344909,21.0,1,0.48605462636385255,20.513945373636147,20.5,21.5
1423.0,20.31489172897083,20.51426079170364,-3.107264660356609,21.0,1,0.4857392082963585,20.51426079170364,20.5,21.5
1424.0,20.315207297692965,20.51457626018813,-3.106701479768607,21.0,1,0.48542373981187126,20.51457626018813,20.5,21.5
1425.0,20.31552291593747,20.51489177879143,-3.1061397410097893,21.0,1,0.48510822120857,20.51489177879143,20.5,21.5
1426.0,20.31583858340608,20.515207347215316,-3.105579444507942,21.0,1,0.48479265278468375,20.515207347215316,20.5,21.5
1427.0,20.3161542998005,20.51552296516155,-3.105020590689758,21.0,1,0.4844770348384486,20.51552296516155,20.5,21.5
1428.0,20.3164700648224,20.515838632331867,-3.1044631799808284,21.0,1,0.48416136766813267,20.515838632331867,20.5,21.5
1429.0,20.31678587817344,20.51615434842796,-3.1039072128056455,21.0,1,0.4838456515720395,20.51615434842796,20.5,21.5
1430.0,20.317101739555245,20.516470113151517,-3.1033526895876014,21.0,1,0.4835298868484834,20.516470113151517,20.5,21.5
1431.0,20.317417648669416,20.516785926204186,-3.102799610748991,21.0,1,0.48321407379581416,20.516785926204186,20.5,21.5
1432.0,20.317733605217533,20.51710178728759,-3.1022479767110074,21.0,1,0.48289821271240996,20.51710178728759,20.5,21.5
1433.0,20.31804960890115,20.51741769610334,-3.101697787893743,21.0,1,0.4825823038966597,20.51741769610334,20.5,21.5
1434.0,20.31836565942179,20.51773365235301,-3.101149044716193,21.0,1,0.4822663476469913,20.51773365235301,20.5,21.5
1435.0,20.318681756480963,20.518049655738153,-3.1006017475962455,21.0,1,0.4819503442618469,20.518049655738153,20.5,21.5
1436.0,20.318997899780147,20.5183657059603,-3.1000558969506953,21.0,1,0.4816342940397007,20.5183657059603,20.5,21.5
1437.0,20.3193140890208,20.518681802720952,-3.0995114931952283,21.0,1,0.4813181972790481,20.518681802720952,20.5,21.5
1438.0,20.319630323904356,20.51899794572159,-3.098968536744433,21.0,1,0.4810020542784095,20.51899794572159,20.5,21.5
1439.0,20.319946604132227,20.51931413466368,-3.098427028011793,21.0,1,0.4806858653363193,20.51931413466368,20.5,21.5
1440.0,20.320262929405796,20.51963036924865,-3.0978869674096927,21.0,1,0.4803696307513512,20.51963036924865,20.5,21.5
1441.0,20.320579299426434,20.519946649177903,-3.0973483553494106,21.0,1,0.48005335082209655,20.519946649177903,20.5,21.5
1442.0,20.320895713895478,20.52026297415284,-3.0968111922411232,21.0,1,0.47973702584716094,20.52026297415284,20.5,21.5
1443.0,20.32121217251425,20.52057934387482,-3.0962754784939044,21.0,1,0.47942065612517837,20.52057934387482,20.5,21.5
1444.0,20.321528674984048,20.520895758045185,-3.095741214515723,21.0,1,0.4791042419548148,20.520895758045185,20.5,21.5
1445.0,20.321845221006146,20.521212216365257,-3.0952084007134433,21.0,1,0.4787877836347434,20.521212216365257,20.5,21.5
1446.0,20.322161810281802,20.52152871853633,-3.0946770374928274,21.0,1,0.47847128146366913,20.52152871853633,20.5,21.5
1447.0,20.322478442512246,20.521845264259685,-3.094147125258531,21.0,1,0.47815473574031486,20.521845264259685,20.5,21.5
1448.0,20.32279511739869,20.52216185323657,-3.093618664414106,21.0,1,0.4778381467634283,20.52216185323657,20.5,21.5
1449.0,20.32311183464233,20.52247848516823,-3.093091655361997,21.0,1,0.4775215148317713,20.52247848516823,20.5,21.5
1450.0,20.323428593944328,20.522795159755866,-3.0925660985035464,21.0,1,0.47720484024413423,20.522795159755866,20.5,21.5
1451.0,20.32374539500584,20.52311187670067,-3.0920419942389863,21.0,1,0.4768881232993287,20.52311187670067,20.5,21.5
1452.0,20.32406223752799,20.523428635703816,-3.0915193429674463,21.0,1,0.4765713642961842,20.523428635703816,20.5,21.5
1453.0,20.32437912121189,20.52374543646646,-3.0909981450869477,21.0,1,0.4762545635335407,20.52374543646646,20.5,21.5
1454.0,20.324696045758632,20.52406227868972,-3.090478400994405,21.0,1,0.4759377213102809,20.52406227868972,20.5,21.5
1455.0,20.32501301086928,20.52437916207471,-3.0899601110856274,21.0,1,0.4756208379252911,20.52437916207471,20.5,21.5
1456.0,20.32533001624489,20.524696086322518,-3.089443275755313,21.0,1,0.47530391367748237,20.524696086322518,20.5,21.5
1457.0,20.32564706158649,20.525013051134216,-3.088927895397056,21.0,1,0.47498694886578363,20.525013051134216,20.5,21.5
1458.0,20.325964146595094,20.525330056210855,-3.08841397040334,21.0,1,0.47466994378914507,20.525330056210855,20.5,21.5
1459.0,20.326281270971695,20.52564710125347,-3.0879015011655415,21.0,1,0.4743528987465311,20.52564710125347,20.5,21.5
1460.0,20.326598434417267,20.52596418596307,-3.087390488073929,21.0,1,0.47403581403693096,20.52596418596307,20.5,21.5
1461.0,20.32691563663277,20.52628131004064,-3.08688093151766,21.0,1,0.47371868995935884,20.52628131004064,20.5,21.5
1462.0,20.32723287731914,20.52659847318717,-3.086372831884785,21.0,1,0.4734015268128289,20.52659847318717,20.5,21.5
1463.0,20.3275501561773,20.526915675103613,-3.0858661895622435,21.0,1,0.4730843248963872,20.526915675103613,20.5,21.5
1464.0,20.32786747290815,20.527232915490906,-3.0853610049358657,21.0,1,0.4727670845090941,20.527232915490906,20.5,21.5
1465.0,20.32818482721258,20.52755019404997,-3.0848572783903716,21.0,1,0.4724498059500313,20.52755019404997,20.5,21.5
1466.0,20.32850221879146,20.527867510481705,-3.0843550103093698,21.0,1,0.47213248951829456,20.527867510481705,20.5,21.5
1467.0,20.32881964734564,20.52818486448701,-3.0838542010753613,21.0,1,0.4718151355129905,20.52818486448701,20.5,21.5
1468.0,20.329137112575957,20.52850225576674,-3.0833548510697337,21.0,1,0.4714977442332611,20.52850225576674,20.5,21.5
1469.0,20.329454614183227,20.528819684021755,-3.0828569606727623,21.0,1,0.47118031597824483,20.528819684021755,20.5,21.5
1470.0,20.329772151868255,20.52913714895289,-3.082360530263614,21.0,1,0.4708628510471087,20.52913714895289,20.5,21.5
1471.0,20.330089725331828,20.529454650260966,-3.081865560220341,21.0,1,0.4705453497390337,20.529454650260966,20.5,21.5
1472.0,20.330407334274717,20.529772187646778,-3.081372050919885,21.0,1,0.4702278123532224,20.529772187646778,20.5,21.5
1473.0,20.33072497839768,20.530089760811123,-3.080880002738075,21.0,1,0.4699102391888772,20.530089760811123,20.5,21.5
1474.0,20.33104265740145,20.530407369454768,-3.080389416049626,21.0,1,0.4695926305452325,20.530407369454768,20.5,21.5
1475.0,20.33136037098676,20.530725013278467,-3.0799002912281424,21.0,1,0.46927498672153334,20.530725013278467,20.5,21.5
1476.0,20.331678118854317,20.531042691982964,-3.0794126286461143,21.0,1,0.4689573080170355,20.531042691982964,20.5,21.5
1477.0,20.33199590070482,20.531360405268984,-3.078926428674916,21.0,1,0.468639594731016,20.531360405268984,20.5,21.5
1478.0,20.332313716238943,20.531678152837237,-3.0784416916848123,21.0,1,0.4683218471627626,20.531678152837237,20.5,21.5
1479.0,20.332631565157357,20.53199593438842,-3.0779584180449486,21.0,1,0.4680040656115807,20.53199593438842,20.5,21.5
1480.0,20.332949447160715,20.53231374962321,-3.077476608123362,21.0,1,0.46768625037679,20.53231374962321,20.5,21.5
1481.0,20.33326736194966,20.53263159824228,-3.07699626228697,21.0,1,0.4673684017577209,20.53263159824228,20.5,21.5
1482.0,20.333585309224812,20.532949479946275,-3.076517380901578,21.0,1,0.46705052005372494,20.532949479946275,20.5,21.5
1483.0,20.333903288686788,20.533267394435846,-3.0760399643318728,21.0,1,0.46673260556415386,20.533267394435846,20.5,21.5
1484.0,20.334221300036184,20.53358534141161,-3.0755640129414292,21.0,1,0.46641465858839126,20.53358534141161,20.5,21.5
1485.0,20.33453934297359,20.533903320574183,-3.0750895270927057,21.0,1,0.46609667942581723,20.533903320574183,20.5,21.5
1486.0,20.334857417199576,20.534221331624167,-3.0746165071470424,21.0,1,0.46577866837583315,20.534221331624167,20.5,21.5
1487.0,20.335175522414705,20.534539374262145,-3.074144953464666,21.0,1,0.4654606257378546,20.534539374262145,20.5,21.5
1488.0,20.33549365831953,20.534857448188696,-3.0736748664046836,21.0,1,0.46514255181130437,20.534857448188696,20.5,21.5
1489.0,20.335811824614584,20.535175553104374,-3.073206246325088,21.0,1,0.4648244468956264,20.535175553104374,20.5,21.5
1490.0,20.336130021000397,20.535493688709735,-3.0727390935827543,21.0,1,0.46450631129026476,20.535493688709735,20.5,21.5
1491.0,20.33644824717748,20.535811854705315,-3.072273408533438,21.0,1,0.4641881452946848,20.535811854705315,20.5,21.5
1492.0,20.336766502846338,20.53613005079164,-3.07180919153178,21.0,1,0.4638699492083589,20.53613005079164,20.5,21.5
1493.0,20.33708478770746,20.536448276669226,-3.0713464429313007,21.0,1,0.46355172333077377,20.536448276669226,20.5,21.5
1494.0,20.337403101461334,20.536766532038577,-3.0708851630844034,21.0,1,0.4632334679614232,20.536766532038577,20.5,21.5
1495.0,20.337721443808423,20.537084816600185,-3.070425352342374,21.0,1,0.4629151833998151,20.537084816600185,20.5,21.5
1496.0,20.338039814449193,20.53740313005453,-3.069967011055377,21.0,1,0.46259686994547167,20.53740313005453,20.5,21.5
1497.0,20.338358213084092,20.53772147210208,-3.0695101395724596,21.0,1,0.4622785278979187,20.53772147210208,20.5,21.5
1498.0,20.33867663941356,20.538039842443304,-3.06905473824155,21.0,1,0.46196015755669606,20.538039842443304,20.5,21.5
1499.0,20.338995093138028,20.538358240778642,-3.068600807409455,21.0,1,0.461641759221358,20.538358240778642,20.5,21.5
1500.0,20.339313573957917,20.538676666808538,6.931851652578136,21.0,1,0.4613233331914621,20.538676666808538,20.5,21.5
1501.0,20.34163208157364,20.53939512023343,6.932302641376657,21.0,1,0.4606048797665707,20.53939512023343,20.5,21.5
1502.0,20.3439502156856,20.540513520753727,6.932752158642659,21.0,1,0.45948647924627295,20.540513520753727,20.5,21.5
1503.0,20.34626797607419,20.542031788085854,6.933200204033815,21.0,1,0.45796821191414594,20.542031788085854,20.5,21.5
1504.0,20.348585362519785,20.543949841962206,6.933646777208919,21.0,1,0.4560501580377938,20.543949841962206,20.5,21.5
1505.0,20.350902374802722,20.546267602131167,6.934091877827886,21.0,1,0.45373239786883346,20.546267602131167,20.5,21.5
1506.0,20.353219012703327,20.548584988357103,6.934535505551754,21.0,1,0.4514150116428972,20.548584988357103,20.5,21.5
1507.0,20.3555352760019,20.55090200042036,6.934977660042679,21.0,1,0.4490979995796387,20.55090200042036,20.5,21.5
1508.0,20.357851164478706,20.553218638101264,6.935418340963942,21.0,1,0.4467813618987364,20.553218638101264,20.5,21.5
1509.0,20.360166677914002,20.555534901180106,6.935857547979946,21.0,1,0.4444650988198937,20.555534901180106,20.5,21.5
1510.0,20.362481816088014,20.557850789437165,6.936295280756216,21.0,1,0.4421492105628353,20.557850789437165,20.5,21.5
1511.0,20.364796578780947,20.56016630265269,6.936731538959397,21.0,1,0.4398336973473107,20.56016630265269,20.5,21.5
1512.0,20.367110965772984,20.562481440606906,6.937166322257262,21.0,1,0.43751855939309436,20.562481440606906,20.5,21.5
1513.0,20.36942497684428,20.564796203080018,6.9375996303187035,21.0,1,0.435203796919982,20.564796203080018,20.5,21.5
1514.0,20.371738611774973,20.567110589852213,6.938031462813739,21.0,1,0.43288941014778715,20.567110589852213,20.5,21.5
1515.0,20.37405187034518,20.56942460070365,6.938461819413509,21.0,1,0.4305753992963517,20.56942460070365,20.5,21.5
1516.0,20.376364752334993,20.571738235414458,6.938890699790278,21.0,1,0.42826176458554244,20.571738235414458,20.5,21.5
1517.0,20.378677257524483,20.57405149376476,6.939318103617435,21.0,1,0.4259485062352404,20.57405149376476,20.5,21.5
1518.0,20.380989385693702,20.576364375534645,6.939744030569494,21.0,1,0.42363562446535497,20.576364375534645,20.5,21.5
1519.0,20.383301136622677,20.578676880504183,6.940168480322091,21.0,1,0.4213231194958169,20.578676880504183,20.5,21.5
1520.0,20.385612510091416,20.58098900845343,6.940591452551993,21.0,1,0.4190109915465712,20.58098900845343,20.5,21.5
1521.0,20.387923505879908,20.58330075916241,6.941012946937085,21.0,1,0.41669924083759113,20.58330075916241,20.5,21.5
1522.0,20.39023412376812,20.585612132411136,6.941432963156382,21.0,1,0.41438786758886437,20.585612132411136,20.5,21.5
1523.0,20.392544363535997,20.587923127979597,6.941851500890023,21.0,1,0.41207687202040333,20.587923127979597,20.5,21.5
1524.0,20.394854224963467,20.590233745647755,6.942268559819272,21.0,1,0.40976625435224534,20.590233745647755,20.5,21.5
1525.0,20.397163707830437,20.592543985195555,6.942684139626523,21.0,1,0.4074560148044455,20.592543985195555,20.5,21.5
1526.0,20.399472811916795,20.594853846402934,6.943098239995292,21.0,1,0.40514615359706596,20.594853846402934,20.5,21.5
1527.0,20.40178153700241,20.597163329049796,6.943510860610225,21.0,1,0.4028366709502045,20.597163329049796,20.5,21.5
1528.0,20.404089882867133,20.599472432916023,6.943922001157093,21.0,1,0.4005275670839765,20.599472432916023,20.5,21.5
1529.0,20.40639784929079,20.601781157781485,6.944331661322793,21.0,1,0.39821884221851533,20.601781157781485,20.5,21.5
1530.0,20.408705436053197,20.60408950342604,6.944739840795354,21.0,1,0.39591049657396127,20.60408950342604,20.5,21.5
1531.0,20.411012642934146,20.606397469629506,6.945146539263926,21.0,1,0.39360253037049375,20.606397469629506,20.5,21.5
1532.0,20.41331946971341,20.608705056171708,6.9455517564187925,21.0,1,0.3912949438282922,20.608705056171708,20.5,21.5
1533.0,20.41562591617075,20.611012262832435,6.945955491951364,21.0,1,0.3889877371675645,20.611012262832435,20.5,21.5
1534.0,20.417931982085907,20.61331908939146,6.9463577455541765,21.0,1,0.3866809106085398,20.61331908939146,20.5,21.5
1535.0,20.420237667238602,20.61562553562854,6.946758516920897,21.0,1,0.3843744643714615,20.61562553562854,20.5,21.5
1536.0,20.42254297140854,20.617931601323416,6.94715780574632,21.0,1,0.3820683986765836,20.617931601323416,20.5,21.5
1537.0,20.424847894375407,20.620237286255815,6.947555611726371,21.0,1,0.379762713744185,20.620237286255815,20.5,21.5
1538.0,20.427152435918877,20.622542590205438,6.947951934558104,21.0,1,0.37745740979456244,20.622542590205438,20.5,21.5
1539.0,20.429456595818607,20.62484751295198,6.948346773939699,21.0,1,0.3751524870480196,20.62484751295198,20.5,21.5
1540.0,20.43176037385423,20.627152054275108,6.948740129570471,21.0,1,0.3728479457248923,20.627152054275108,20.5,21.5
1541.0,20.434063769805373,20.629456213954473,6.949132001150861,21.0,1,0.37054378604552696,20.629456213954473,20.5,21.5
1542.0,20.436366783451643,20.63175999176972,6.9495223883824435,21.0,1,0.3682400082302806,20.63175999176972,20.5,21.5
1543.0,20.43866941457263,20.634063387500472,6.94991129096792,21.0,1,0.365936612499528,20.634063387500472,20.5,21.5
1544.0,20.44097166294791,20.63636640092633,6.950298708611126,21.0,1,0.363633599073669,20.63636640092633,20.5,21.5
1545.0,20.443273528357043,20.638669031826893,6.950684641017025,21.0,1,0.3613309681731067,20.638669031826893,20.5,21.5
1546.0,20.445575010579574,20.640971279981734,6.951069087891713,21.0,1,0.3590287200182658,20.640971279981734,20.5,21.5
1547.0,20.447876109395036,20.64327314517041,6.951452048942417,21.0,1,0.35672685482958855,20.64327314517041,20.5,21.5
1548.0,20.450176824582947,20.645574627172472,6.951833523877495,21.0,1,0.35442537282752795,20.645574627172472,20.5,21.5
1549.0,20.452477155922807,20.647875725767456,6.952213512406438,21.0,1,0.3521242742325441,20.647875725767456,20.5,21.5
1550.0,20.454777103194104,20.650176440734867,6.952592014239867,21.0,1,0.34982355926513264,20.650176440734867,20.5,21.5
1551.0,20.457076666176313,20.652476771854214,6.952969029089537,21.0,1,0.3475232281457856,20.652476771854214,20.5,21.5
1552.0,20.459375844648896,20.654776718904987,6.953344556668336,21.0,1,0.3452232810950129,20.654776718904987,20.5,21.5
1553.0,20.4616746383913,20.657076281666658,6.9537185966902815,21.0,1,0.342923718333342,20.657076281666658,20.5,21.5
1554.0,20.46397304718296,20.65937545991869,6.954091148870527,21.0,1,0.34062454008131127,20.65937545991869,20.5,21.5
1555.0,20.466271070803298,20.661674253440527,6.954462212925358,21.0,1,0.3383257465594731,20.661674253440527,20.5,21.5
1556.0,20.46856870903172,20.66397266201161,6.954831788572192,21.0,1,0.3360273379883907,20.66397266201161,20.5,21.5
1557.0,20.47086596164763,20.666270685411355,6.955199875529582,21.0,1,0.33372931458864485,20.666270685411355,20.5,21.5
1558.0,20.473162828430404,20.668568323419176,6.955566473517212,21.0,1,0.3314316765808236,20.668568323419176,20.5,21.5
1559.0,20.475459309159422,20.670865575814467,6.9559315822559045,21.0,1,0.32913442418553274,20.670865575814467,20.5,21.5
1560.0,20.47775540361404,20.673162442376615,6.956295201467611,21.0,1,0.32683755762338507,20.673162442376615,20.5,21.5
1561.0,20.480051111573612,20.675458922884996,6.956657330875421,21.0,1,0.32454107711500413,20.675458922884996,20.5,21.5
1562.0,20.482346432817472,20.677755017118965,6.957017970203557,21.0,1,0.32224498288103476,20.677755017118965,20.5,21.5
1563.0,20.48464136712495,20.680050724857875,6.957377119177376,21.0,1,0.31994927514212534,20.680050724857875,20.5,21.5
1564.0,20.48693591427536,20.68234604588106,6.95773477752337,21.0,1,0.3176539541189385,20.68234604588106,20.5,21.5
1565.0,20.48923007404801,20.684640979967856,6.958090944969168,21.0,1,0.3153590200321439,20.684640979967856,20.5,21.5
1566.0,20.491523846222194,20.68693552689757,6.9584456212435315,21.0,1,0.313064473102429,20.68693552689757,20.5,21.5
1567.0,20.493817230577196,20.689229686449515,6.95879880607636,21.0,1,0.3107703135504849,20.689229686449515,20.5,21.5
1568.0,20.496110226892295,20.691523458402987,6.959150499198688,21.0,1,0.3084765415970132,20.691523458402987,20.5,21.5
1569.0,20.498402834946756,20.693816842537267,6.959500700342685,21.0,1,0.3061831574627334,20.693816842537267,20.5,21.5
1570.0,20.500695054519834,20.69610983863163,6.959849409241659,21.0,1,0.30389016136836844,20.69610983863163,20.5,21.5
1571.0,20.50298688539078,20.698402446465348,6.9601966256300525,21.0,1,0.301597553534652,20.698402446465348,20.5,21.5
1572.0,20.50527832733883,20.700694665817675,6.960542349243443,21.0,1,0.29930533418232486,20.700694665817675,20.5,21.5
1573.0,20.50756938014321,20.70298649646786,6.960886579818551,21.0,1,0.2970135035321384,20.70298649646786,20.5,21.5
1574.0,20.509860043583146,20.705277938195138,6.961229317093226,21.0,1,0.2947220618048618,20.705277938195138,20.5,21.5
1575.0,20.512150317437847,20.707568990778743,6.961570560806461,21.0,1,0.2924310092212572,20.707568990778743,20.5,21.5
1576.0,20.514440201486522,20.709859653997892,6.961910310698383,21.0,1,0.2901403460021079,20.709859653997892,20.5,21.5
1577.0,20.516729695508364,20.7121499276318,6.962248566510258,21.0,1,0.2878500723682009,20.7121499276318,20.5,21.5
1578.0,20.519018799282563,20.71443981145967,6.96258532798449,21.0,1,0.2855601885403303,20.71443981145967,20.5,21.5
1579.0,20.521307512588304,20.716729305260703,6.96292059486462,21.0,1,0.2832706947392971,20.716729305260703,20.5,21.5
1580.0,20.52359583520476,20.719018408814087,6.9632543668953275,21.0,1,0.28098159118591326,20.719018408814087,20.5,21.5
1581.0,20.525883766911097,20.721307121899,6.963586643822431,21.0,1,0.2786928781010012,20.721307121899,20.5,21.5
1582.0,20.528171307486478,20.723595444294624,6.9639174253928875,21.0,1,0.27640455570537625,20.723595444294624,20.5,21.5
1583.0,20.530458456710058,20.72588337578012,6.964246711354791,21.0,1,0.2741166242198787,20.72588337578012,20.5,21.5
1584.0,20.532745214360986,20.728170916134655,6.964574501457378,21.0,1,0.2718290838653452,20.728170916134655,20.5,21.5
1585.0,20.535031580218405,20.730458065137384,6.964900795451019,21.0,1,0.269541934862616,20.730458065137384,20.5,21.5
1586.0,20.537317554061453,20.732744822567454,6.96522559308723,21.0,1,0.26725517743254557,20.732744822567454,20.5,21.5
1587.0,20.539603135669257,20.73503118820401,6.965548894118663,21.0,1,0.2649688117959883,20.73503118820401,20.5,21.5
1588.0,20.541888324820945,20.73731716182619,6.965870698299108,21.0,1,0.26268283817380933,20.73731716182619,20.5,21.5
1589.0,20.544173121295643,20.73960274321312,6.9661910053835,21.0,1,0.26039725678688086,20.73960274321312,20.5,21.5
1590.0,20.54645752487246,20.741887932143932,6.966509815127909,21.0,1,0.258112067856068,20.741887932143932,20.5,21.5
1591.0,20.54874153533051,20.744172728397743,6.966827127289549,21.0,1,0.25582727160225716,20.744172728397743,20.5,21.5
1592.0,20.5510251524489,20.746457131753672,6.967142941626772,21.0,1,0.25354286824632766,20.746457131753672,20.5,21.5
1593.0,20.553308376006736,20.748741141990827,6.967457257899071,21.0,1,0.251258858009173,20.748741141990827,20.5,21.5
1594.0,20.555591205783116,20.751024758888324,6.967770075867083,21.0,1,0.24897524111167613,20.751024758888324,20.5,21.5
1595.0,20.557873641557133,20.75330798222526,6.9680813952925815,21.0,1,0.24669201777474115,20.75330798222526,20.5,21.5
1596.0,20.56015568310788,20.755590811780735,6.9683912159384835,21.0,1,0.24440918821926516,20.755590811780735,20.5,21.5
1597.0,20.562437330214447,20.757873247333844,6.968699537568848,21.0,1,0.2421267526661559,20.757873247333844,20.5,21.5
1598.0,20.564718582655917,20.76015528866368,6.969006359948873,21.0,1,0.23984471133632113,20.76015528866368,20.5,21.5
1599.0,20.566999440211376,20.76243693554933,6.969311682844902,21.0,1,0.23756306445066855,20.76243693554933,20.5,21.5
1600.0,20.569279902659904,20.764718187769887,6.969615506024416,21.0,1,0.23528181223011302,20.764718187769887,20.5,21.5
1601.0,20.571559969780576,20.766999045104427,6.969917829256042,21.0,1,0.23300095489557293,20.766999045104427,20.5,21.5
1602.0,20.57383964135247,20.769279507332033,6.970218652309548,21.0,1,0.23072049266796668,20.769279507332033,20.5,21.5
1603.0,20.576118917154663,20.77155957423178,6.970517974955843,21.0,1,0.22844042576821977,20.77155957423178,20.5,21.5
1604.0,20.57839779696622,20.77383924558275,6.97081579696698,21.0,1,0.2261607544172506,20.77383924558275,20.5,21.5
1605.0,20.580676280566223,20.776118521164015,6.971112118116156,21.0,1,0.22388147883598464,20.776118521164015,20.5,21.5
1606.0,20.582954367733734,20.77839740075465,6.971406938177707,21.0,1,0.22160259924535097,20.77839740075465,20.5,21.5
1607.0,20.585232058247822,20.78067588413372,6.971700256927117,21.0,1,0.21932411586627865,20.78067588413372,20.5,21.5
1608.0,20.587509351887558,20.782953971080296,6.97199207414101,21.0,1,0.21704602891970382,20.782953971080296,20.5,21.5
1609.0,20.58978624843201,20.785231661373455,6.972282389597154,21.0,1,0.21476833862654487,20.785231661373455,20.5,21.5
1610.0,20.592062747660243,20.78750895479226,6.972571203074462,21.0,1,0.21249104520774154,20.78750895479226,20.5,21.5
1611.0,20.594338849351328,20.789785851115777,6.972858514352991,21.0,1,0.21021414888422285,20.789785851115777,20.5,21.5
1612.0,20.59661455328433,20.792062350123082,6.973144323213939,21.0,1,0.20793764987691787,20.792062350123082,20.5,21.5
1613.0,20.598889859238316,20.794338451593234,6.973428629439651,21.0,1,0.20566154840676631,20.794338451593234,20.5,21.5
1614.0,20.601164766992355,20.796614155305303,6.973711432813614,21.0,1,0.20338584469469723,20.796614155305303,20.5,21.5
1615.0,20.60343927632552,20.79888946103836,6.973992733120464,21.0,1,0.20111053896163966,20.79888946103836,20.5,21.5
1616.0,20.60571338701688,20.80116436857147,6.974272530145976,21.0,1,0.19883563142852978,20.80116436857147,20.5,21.5
1617.0,20.607987098845506,20.803438877683707,6.974550823677073,21.0,1,0.19656112231629308,20.803438877683707,20.5,21.5
1618.0,20.61026041159047,20.805712988154138,6.974827613501823,21.0,1,0.19428701184586217,20.805712988154138,20.5,21.5
1619.0,20.612533325030853,20.807986699761837,6.975102899409437,21.0,1,0.19201330023816254,20.807986699761837,20.5,21.5
1620.0,20.614805838945728,20.81026001228588,6.9753766811902755,21.0,1,0.1897399877141197,20.81026001228588,20.5,21.5
1621.0,20.617077953114176,20.81253292550534,6.975648958635839,21.0,1,0.18746707449465916,20.81253292550534,20.5,21.5
1622.0,20.61934966731528,20.814805439199297,6.975919731538778,21.0,1,0.18519456080070285,20.814805439199297,20.5,21.5
1623.0,20.621620981328125,20.817077553146827,6.976188999692887,21.0,1,0.18292244685317272,20.817077553146827,20.5,21.5
1624.0,20.6238918949318,20.819349267127016,6.976456762893106,21.0,1,0.1806507328729836,20.819349267127016,20.5,21.5
1625.0,20.62616240790539,20.821620580918946,6.9767230209355215,21.0,1,0.17837941908105392,20.821620580918946,20.5,21.5
1626.0,20.628432520027996,20.82389149430171,6.976987773617367,21.0,1,0.1761085056982914,20.82389149430171,20.5,21.5
1627.0,20.630702231078715,20.826162007054396,6.977251020737022,21.0,1,0.17383799294560376,20.826162007054396,20.5,21.5
1628.0,20.632971540836646,20.8284321189561,6.977512762094012,21.0,1,0.17156788104389875,20.8284321189561,20.5,21.5
1629.0,20.635240449080896,20.83070182978592,6.977772997489009,21.0,1,0.16929817021408056,20.83070182978592,20.5,21.5
1630.0,20.63750895559058,20.832971139322957,6.978031726723834,21.0,1,0.1670288606770427,20.832971139322957,20.5,21.5
1631.0,20.639777060144805,20.83524004734632,6.978288949601452,21.0,1,0.1647599526536787,20.83524004734632,20.5,21.5
1632.0,20.642044762522698,20.837508553635118,6.978544665925977,21.0,1,0.1624914463648821,20.837508553635118,20.5,21.5
1633.0,20.644312062503378,20.839776657968464,6.97879887550267,21.0,1,0.16022334203153576,20.839776657968464,20.5,21.5
1634.0,20.646578959865977,20.842044360125477,6.9790515781379385,21.0,1,0.15795563987452255,20.842044360125477,20.5,21.5
1635.0,20.64884545438963,20.84431165988529,6.979302773639341,21.0,1,0.1556883401147111,20.84431165988529,20.5,21.5
1636.0,20.651111545853478,20.846578557027026,6.979552461815578,21.0,1,0.15342144297297367,20.846578557027026,20.5,21.5
1637.0,20.65337723403667,20.848845051329825,6.979800642476503,21.0,1,0.15115494867017532,20.848845051329825,20.5,21.5
1638.0,20.65564251871836,20.85111114257282,6.980047315433115,21.0,1,0.14888885742718116,20.85111114257282,20.5,21.5
1639.0,20.6579073996777,20.85337683053516,6.980292480497562,21.0,1,0.14662316946483855,20.85337683053516,20.5,21.5
1640.0,20.660171876693866,20.85564211499601,6.98053613748314,21.0,1,0.14435788500399127,20.85564211499601,20.5,21.5
1641.0,20.662435949546023,20.85790699573452,6.980778286204295,21.0,1,0.14209300426547955,20.85790699573452,20.5,21.5
1642.0,20.664699618013355,20.86017147252986,6.981018926476618,21.0,1,0.13982852747014007,20.86017147252986,20.5,21.5
1643.0,20.666962881875047,20.862435545161198,6.981258058116851,21.0,1,0.13756445483880242,20.862435545161198,20.5,21.5
1644.0,20.669225740910296,20.864699213407714,6.981495680942887,21.0,1,0.1353007865922855,20.864699213407714,20.5,21.5
1645.0,20.671488194898302,20.866962477048602,6.981731794773765,21.0,1,0.1330375229513976,20.866962477048602,20.5,21.5
1646.0,20.673750243618276,20.869225335863053,6.981966399429672,21.0,1,0.13077466413694694,20.869225335863053,20.5,21.5
1647.0,20.676011886849437,20.871487789630272,6.982199494731949,21.0,1,0.1285122103697276,20.871487789630272,20.5,21.5
1648.0,20.678273124371014,20.873749838129463,6.982431080503083,21.0,1,0.12625016187053717,20.873749838129463,20.5,21.5
1649.0,20.68053395596224,20.87601148113985,6.982661156566712,21.0,1,0.12398851886014839,20.87601148113985,20.5,21.5
1650.0,20.68279438140236,20.878272718440662,6.982889722747621,21.0,1,0.12172728155933754,20.878272718440662,20.5,21.5
1651.0,20.68505440047063,20.880533549811133,6.983116778871748,21.0,1,0.1194664501888667,20.880533549811133,20.5,21.5
1652.0,20.68731401294631,20.882793975030506,6.9833423247661806,21.0,1,0.1172060249694944,20.882793975030506,20.5,21.5
1653.0,20.689573218608672,20.88505399387804,6.983566360259156,21.0,1,0.11494600612196137,20.88505399387804,20.5,21.5
1654.0,20.691832017237,20.88731360613299,6.98378888518006,21.0,1,0.1126863938670084,20.88731360613299,20.5,21.5
1655.0,20.694090408610588,20.889572811574634,6.98400989935943,21.0,1,0.11042718842536559,20.889572811574634,20.5,21.5
1656.0,20.69634839250874,20.891831609982255,6.984229402628955,21.0,1,0.10816839001774525,20.891831609982255,20.5,21.5
1657.0,20.698605968710762,20.894090001135147,6.9844473948214745,21.0,1,0.10590999886485264,20.894090001135147,20.5,21.5
1658.0,20.700863136995984,20.89634798481261,6.984663875770977,21.0,1,0.10365201518738942,20.89634798481261,20.5,21.5
1659.0,20.70311989714374,20.89860556079396,6.984878845312603,21.0,1,0.10139443920603952,20.89860556079396,20.5,21.5
1660.0,20.705376248933373,20.900862728858517,6.985092303282644,21.0,1,0.0991372711414833,20.900862728858517,20.5,21.5
1661.0,20.707632192144242,20.903119488785613,6.985304249518542,21.0,1,0.0968805112143869,20.903119488785613,20.5,21.5
1662.0,20.709887726555717,20.905375840354605,6.9855146838588915,21.0,1,0.09462415964539517,20.905375840354605,20.5,21.5
1663.0,20.712142851947178,20.907631783344847,6.985723606143436,21.0,1,0.09236821665515293,20.907631783344847,20.5,21.5
1664.0,20.71439756809802,20.909887317535702,6.985931016213074,21.0,1,0.09011268246429793,20.909887317535702,20.5,21.5
1665.0,20.71665187478764,20.912142442706557,6.986136913909853,21.0,1,0.08785755729344302,20.912142442706557,20.5,21.5
1666.0,20.718905771795466,20.914397158636802,6.986341299076972,21.0,1,0.08560284136319751,20.914397158636802,20.5,21.5
1667.0,20.721159258900922,20.916651465105843,6.986544171558784,21.0,1,0.0833485348941565,20.916651465105843,20.5,21.5
1668.0,20.723412335883452,20.9189053618931,6.986745531200793,21.0,1,0.08109463810690087,20.9189053618931,20.5,21.5
1669.0,20.725665002522515,20.921158848778,6.986945377849654,21.0,1,0.07884115122200086,20.921158848778,20.5,21.5
1670.0,20.72791725859758,20.923411925539984,6.987143711353175,21.0,1,0.07658807446001603,20.923411925539984,20.5,21.5
1671.0,20.73016910388813,20.925664591958515,6.987340531560317,21.0,1,0.07433540804148464,20.925664591958515,20.5,21.5
1672.0,20.732420538173663,20.927916847813066,6.987535838321193,21.0,1,0.07208315218693429,20.927916847813066,20.5,21.5
1673.0,20.734671561233693,20.930168692883115,6.987729631487067,21.0,1,0.06983130711688545,20.930168692883115,20.5,21.5
1674.0,20.736922172847745,20.93242012694816,6.98792191091036,21.0,1,0.06757987305184088,20.93242012694816,20.5,21.5
1675.0,20.73917237279536,20.934671149787714,6.988112676444639,21.0,1,0.06532885021228552,20.934671149787714,20.5,21.5
1676.0,20.74142216085609,20.936921761181306,6.988301927944631,21.0,1,0.06307823881869368,20.936921761181306,20.5,21.5
1677.0,20.743671536809508,20.939171960908475,6.9884896652662105,21.0,1,0.060828039091525454,20.939171960908475,20.5,21.5
1678.0,20.7459205004352,20.941421748748773,6.9886758882664095,21.0,1,0.05857825125122673,20.941421748748773,20.5,21.5
1679.0,20.748169051512768,20.943671124481778,6.988860596803409,21.0,1,0.05632887551822208,20.943671124481778,20.5,21.5
1680.0,20.750417189821825,20.94592008788707,6.989043790736547,21.0,1,0.05407991211292895,20.94592008788707,20.5,21.5
1681.0,20.752664915142006,20.948168638744256,6.989225469926312,21.0,1,0.0518313612557435,20.948168638744256,20.5,21.5
1682.0,20.754912227252962,20.950416776832945,6.989405634234348,21.0,1,0.04958322316705477,20.950416776832945,20.5,21.5
1683.0,20.757159125934358,20.952664501932777,6.9895842835234525,21.0,1,0.04733549806722337,20.952664501932777,20.5,21.5
1684.0,20.759405610965874,20.954911813823397,6.989761417657577,21.0,1,0.04508818617660282,20.954911813823397,20.5,21.5
1685.0,20.761651682127212,20.957158712284475,6.989937036501823,21.0,1,0.04284128771552531,20.957158712284475,20.5,21.5
1686.0,20.76389733919809,20.95940519709569,6.990111139922453,21.0,1,0.040594802904308835,20.95940519709569,20.5,21.5
1687.0,20.766142581958235,20.961651268036746,6.990283727786877,21.0,1,0.03834873196325361,20.961651268036746,20.5,21.5
1688.0,20.7683874101874,20.963896924887358,6.990454799963662,21.0,1,0.0361030751126421,20.963896924887358,20.5,21.5
1689.0,20.770631823665358,20.966142167427254,6.990624356322531,21.0,1,0.033857832572746105,20.966142167427254,20.5,21.5
1690.0,20.77287582217189,20.968386995436187,6.990792396734357,21.0,1,0.03161300456381255,20.968386995436187,20.5,21.5
1691.0,20.7751194054868,20.970631408693933,6.990958921071172,21.0,1,0.02936859130606706,20.970631408693933,20.5,21.5
1692.0,20.77736257338992,20.972875406980272,6.99112392920616,21.0,1,0.027124593019728138,20.972875406980272,20.5,21.5
1693.0,20.77960532566108,20.975118990075007,6.991287421013659,21.0,1,0.02488100992499298,20.975118990075007,20.5,21.5
1694.0,20.78184766208015,20.977362157757963,6.991449396369164,21.0,1,0.022637842242037465,20.977362157757963,20.5,21.5
1695.0,20.784089582427008,20.979604909808987,6.991609855149323,21.0,1,0.0203950901910126,20.979604909808987,20.5,21.5
1696.0,20.786331086481553,20.981847246007938,6.9917687972319404,21.0,1,0.018152753992062287,20.981847246007938,20.5,21.5
1697.0,20.788572174023702,20.98408916613469,6.991926222495975,21.0,1,0.015910833865309115,20.98408916613469,20.5,21.5
1698.0,20.790812844833397,20.986330669969156,6.992082130821539,21.0,1,0.013669330030843696,20.986330669969156,20.5,21.5
1699.0,20.793053098690596,20.988571757291243,6.992236522089903,21.0,1,0.011428242708756642,20.988571757291243,20.5,21.5
1700.0,20.795292935375276,20.990812427880897,6.992389396183491,21.0,1,0.009187572119103038,20.990812427880897,20.5,21.5
1701.0,20.79753235466744,20.993052681518073,6.9925407529858825,21.0,1,0.0069473184819273115,20.993052681518073,20.5,21.5
1702.0,20.7997713563471,20.995292517982755,6.992690592381813,21.0,1,0.004707482017245468,20.995292517982755,20.5,21.5
1703.0,20.802009940194306,20.997531937054934,6.992838914257173,21.0,1,0.002468062945066407,20.997531937054934,20.5,21.5
1704.0,20.804248105989117,20.999770938514636,6.992985718499009,21.0,1,0.00022906148536350202,20.999770938514636,20.5,21.5
1705.0,20.80648585351162,21.002009522141908,6.993131004995523,21.0,1,-0.002009522141907638,21.002009522141908,20.5,21.5
1706.0,20.808723182541918,21.004247687716802,6.993274773636073,21.0,1,-0.004247687716802062,21.004247687716802,20.5,21.5
1707.0,20.810960092860135,21.006485435019407,6.9934170243111735,21.0,1,-0.006485435019406793,21.006485435019407,20.5,21.5
1708.0,20.813196584246427,21.00872276382983,6.9935577569124945,21.0,1,-0.008722763829830171,21.00872276382983,20.5,21.5
1709.0,20.81543265648096,21.0109596739282,6.993696971332861,21.0,1,-0.010959673928198299,21.0109596739282,20.5,21.5
1710.0,20.817668309343933,21.013196165094662,6.993834667466256,21.0,1,-0.013196165094662149,21.013196165094662,20.5,21.5
1711.0,20.819903542615556,21.015432237109387,6.9939708452078175,21.0,1,-0.015432237109386904,21.015432237109387,20.5,21.5
1712.0,20.822138356076074,21.017667889752577,6.994105504453841,21.0,1,-0.017667889752576826,21.017667889752577,20.5,21.5
1713.0,20.82437274950575,21.01990312280444,6.994238645101776,21.0,1,-0.019903122804439732,21.01990312280444,20.5,21.5
1714.0,20.82660672268487,21.02213793604522,6.994370267050232,21.0,1,-0.022137936045218964,21.02213793604522,20.5,21.5
1715.0,20.82884027539374,21.024372329255183,6.994500370198971,21.0,1,-0.024372329255182734,21.024372329255183,20.5,21.5
1716.0,20.831073407412703,21.026606302214613,6.994628954448916,21.0,1,-0.026606302214613464,21.026606302214613,20.5,21.5
1717.0,20.83330611852211,21.028839854703822,6.994756019702144,21.0,1,-0.028839854703822,21.028839854703822,20.5,21.5
1718.0,20.835538408502345,21.03107298650314,6.994881565861888,21.0,1,-0.0310729865031405,21.03107298650314,20.5,21.5
1719.0,20.837770277133817,21.033305697392933,6.99500559283254,21.0,1,-0.0333056973929331,21.033305697392933,20.5,21.5
1720.0,20.840001724196956,21.035537987153578,6.995128100519649,21.0,1,-0.03553798715357814,21.035537987153578,20.5,21.5
1721.0,20.84223274947222,21.03776985556548,6.995249088829918,21.0,1,-0.03776985556547885,21.03776985556548,20.5,21.5
1722.0,20.844463352740092,21.040001302409078,6.995368557671211,21.0,1,-0.04000130240907751,21.040001302409078,20.5,21.5
1723.0,20.846693533781078,21.042232327464824,6.995486506952545,21.0,1,-0.04223232746482353,21.042232327464824,20.5,21.5
1724.0,20.848923292375712,21.044462930513205,6.9956029365841,21.0,1,-0.04446293051320538,21.044462930513205,20.5,21.5
1725.0,20.851152628304554,21.046693111334726,6.995717846477207,21.0,1,-0.046693111334725756,21.046693111334726,20.5,21.5
1726.0,20.853381541348188,21.04892286970992,6.995831236544358,21.0,1,-0.048922869709919325,21.04892286970992,20.5,21.5
1727.0,20.855610031287227,21.051152205419346,6.995943106699201,21.0,1,-0.05115220541934562,21.051152205419346,20.5,21.5
1728.0,20.85783809790231,21.05338111824359,6.996053456856544,21.0,1,-0.05338111824358904,21.05338111824359,20.5,21.5
1729.0,20.8600657409741,21.055609607963266,6.996162286932347,21.0,1,-0.05560960796326597,21.055609607963266,20.5,21.5
1730.0,20.86229296028329,21.057837674359014,6.996269596843733,21.0,1,-0.0578376743590141,21.057837674359014,20.5,21.5
1731.0,20.864519755610605,21.060065317211496,6.996375386508983,21.0,1,-0.060065317211495994,21.060065317211496,20.5,21.5
1732.0,20.866746126736786,21.062292536301406,6.996479655847531,21.0,1,-0.06229253630140619,21.062292536301406,20.5,21.5
1733.0,20.868972073442606,21.064519331409468,6.996582404779971,21.0,1,-0.06451933140946764,21.064519331409468,20.5,21.5
1734.0,20.871197595508875,21.066745702316425,6.996683633228057,21.0,1,-0.06674570231642463,21.066745702316425,20.5,21.5
1735.0,20.873422692716417,21.06897164880305,6.996783341114698,21.0,1,-0.06897164880304985,21.06897164880305,20.5,21.5
1736.0,20.875647364846095,21.071197170650148,6.9968815283639625,21.0,1,-0.07119717065014797,21.071197170650148,20.5,21.5
1737.0,20.8778716116788,21.073422267638552,6.996978194901076,21.0,1,-0.07342226763855209,21.073422267638552,20.5,21.5
1738.0,20.880095432995443,21.07564693954912,6.997073340652424,21.0,1,-0.07564693954912016,21.07564693954912,20.5,21.5
1739.0,20.882318828576974,21.07787118616274,6.9971669655455475,21.0,1,-0.07787118616273858,21.07787118616274,20.5,21.5
1740.0,20.884541798204367,21.08009500726033,6.9972590695091474,21.0,1,-0.08009500726032925,21.08009500726033,20.5,21.5
1741.0,20.88676434165863,21.082318402622835,6.997349652473083,21.0,1,-0.08231840262283541,21.082318402622835,20.5,21.5
1742.0,20.888986458720794,21.084541372031232,6.997438714368372,21.0,1,-0.08454137203123224,21.084541372031232,20.5,21.5
1743.0,20.891208149171923,21.086763915266527,6.997526255127189,21.0,1,-0.08676391526652694,21.086763915266527,20.5,21.5
1744.0,20.893429412793115,21.088986032109755,6.997612274682868,21.0,1,-0.08898603210975509,21.088986032109755,20.5,21.5
1745.0,20.89565024936549,21.09120772234198,6.997696772969901,21.0,1,-0.09120772234198071,21.09120772234198,20.5,21.5
1746.0,20.89787065867021,21.093428985744293,6.99777974992394,21.0,1,-0.0934289857442927,21.093428985744293,20.5,21.5
1747.0,20.90009064048846,21.095649822097826,6.997861205481794,21.0,1,-0.09564982209782613,21.095649822097826,20.5,21.5
1748.0,20.90231019460146,21.097870231183734,6.997941139581429,21.0,1,-0.09787023118373384,21.097870231183734,20.5,21.5
1749.0,20.904529320790456,21.100090212783204,6.998019552161975,21.0,1,-0.10009021278320418,21.100090212783204,20.5,21.5
1750.0,20.90674801883673,21.10230976667745,6.998096443163716,21.0,1,-0.1023097666774504,21.10230976667745,20.5,21.5
1751.0,20.908966288521594,21.10452889264773,6.998171812528096,21.0,1,-0.10452889264772836,21.10452889264773,20.5,21.5
1752.0,20.911184129626395,21.106747590475315,6.998245660197717,21.0,1,-0.10674759047531523,21.106747590475315,20.5,21.5
1753.0,20.913401541932508,21.108965859941524,6.9983179861163425,21.0,1,-0.10896585994152375,21.108965859941524,20.5,21.5
1754.0,20.915618525221344,21.111183700827702,6.998388790228892,21.0,1,-0.11118370082770213,21.111183700827702,20.5,21.5
1755.0,20.917835079274347,21.113401112915223,6.998458072481446,21.0,1,-0.11340111291522348,21.113401112915223,20.5,21.5
1756.0,20.92005120387299,21.115618095985504,6.998525832821242,21.0,1,-0.11561809598550354,21.115618095985504,20.5,21.5
1757.0,20.92226689879878,21.11783464981998,6.998592071196679,21.0,1,-0.11783464981997938,21.11783464981998,20.5,21.5
1758.0,20.92448216383326,21.12005077420013,6.998656787557312,21.0,1,-0.12005077420013066,21.12005077420013,20.5,21.5
1759.0,20.926696998758004,21.122266468907462,6.998719981853858,21.0,1,-0.12226646890746196,21.122266468907462,20.5,21.5
1760.0,20.928911403354622,21.12448173372352,6.998781654038192,21.0,1,-0.12448173372352045,21.12448173372352,20.5,21.5
1761.0,20.931125377404758,21.12669656842987,6.998841804063346,21.0,1,-0.1266965684298711,21.12669656842987,20.5,21.5
1762.0,20.93333892069009,21.128910972808136,6.998900431883515,21.0,1,-0.12891097280813568,21.128910972808136,20.5,21.5
1763.0,20.93555203299233,21.131124946639947,6.99895753745405,21.0,1,-0.13112494663994667,21.131124946639947,20.5,21.5
1764.0,20.937764714093223,21.13333848970699,6.999013120731464,21.0,1,-0.1333384897069898,21.13333848970699,20.5,21.5
1765.0,20.93997696377455,21.135551601790976,6.999067181673426,21.0,1,-0.1355516017909757,21.135551601790976,20.5,21.5
1766.0,20.942188781818132,21.13776428267365,6.9991197202387685,21.0,1,-0.13776428267365048,21.13776428267365,20.5,21.5
1767.0,20.944400168005817,21.139976532136796,6.999170736387479,21.0,1,-0.13997653213679584,21.139976532136796,20.5,21.5
1768.0,20.946611122119492,21.142188349962233,6.9992202300807085,21.0,1,-0.1421883499622325,21.142188349962233,20.5,21.5
1769.0,20.948821643941084,21.144399735931806,6.999268201280764,21.0,1,-0.1443997359318061,21.144399735931806,20.5,21.5
1770.0,20.951031733252552,21.146610689827405,6.999314649951114,21.0,1,-0.14661068982740488,21.146610689827405,20.5,21.5
1771.0,20.953241389835892,21.14882121143096,6.999359576056387,21.0,1,-0.14882121143095972,21.14882121143096,20.5,21.5
1772.0,20.955450613473136,21.151031300524423,6.999402979562366,21.0,1,-0.15103130052442282,21.151031300524423,20.5,21.5
1773.0,20.957659403946355,21.153240956889796,6.999444860436001,21.0,1,-0.1532409568897961,21.153240956889796,20.5,21.5
1774.0,20.959867761037653,21.155450180309106,6.999485218645397,21.0,1,-0.1554501803091064,21.155450180309106,20.5,21.5
1775.0,20.962075684529175,21.15765897056443,6.999524054159818,21.0,1,-0.15765897056443023,21.15765897056443,20.5,21.5
1776.0,20.9642831742031,21.159867327437873,6.999561366949691,21.0,1,-0.15986732743787258,21.159867327437873,20.5,21.5
1777.0,20.96649022984165,21.162075250711574,6.999597156986599,21.0,1,-0.16207525071157391,21.162075250711574,20.5,21.5
1778.0,20.96869685122708,21.16428274016772,6.999631424243288,21.0,1,-0.16428274016772093,21.16428274016772,20.5,21.5
1779.0,20.97090303814168,21.16648979558853,6.999664168693662,21.0,1,-0.16648979558852872,21.16648979558853,20.5,21.5
1780.0,20.973108790367792,21.168696416756255,6.999695390312782,21.0,1,-0.16869641675625502,21.168696416756255,20.5,21.5
1781.0,20.975314107687783,21.170902603453193,6.9997250890768745,21.0,1,-0.17090260345319308,21.170902603453193,20.5,21.5
1782.0,20.97751898988406,21.173108355461675,6.999753264963321,21.0,1,-0.17310835546167525,21.173108355461675,20.5,21.5
1783.0,20.979723436739075,21.175313672564073,6.999779917950665,21.0,1,-0.17531367256407293,21.175313672564073,20.5,21.5
1784.0,20.981927448035318,21.177518554542797,6.999805048018608,21.0,1,-0.17751855454279664,21.177518554542797,20.5,21.5
1785.0,20.984131023555314,21.1797230011803,6.999828655148014,21.0,1,-0.1797230011802995,21.1797230011803,20.5,21.5
1786.0,20.986334163081633,21.181927012259074,6.9998507393209035,21.0,1,-0.1819270122590737,21.181927012259074,20.5,21.5
1787.0,20.98853686639688,21.184130587561636,6.99987130052046,21.0,1,-0.18413058756163636,21.184130587561636,20.5,21.5
1788.0,20.990739133283707,21.186333726870565,6.999890338731024,21.0,1,-0.18633372687056493,21.186333726870565,20.5,21.5
1789.0,20.992940963524795,21.18853642996846,6.9999078539380974,21.0,1,-0.18853642996846176,21.18853642996846,20.5,21.5
1790.0,20.99514235690288,21.190738696637975,6.999923846128342,21.0,1,-0.19073869663797538,21.190738696637975,20.5,21.5
1791.0,20.997343313200723,21.192940526661793,6.9999383152895795,21.0,1,-0.1929405266617934,21.192940526661793,20.5,21.5
1792.0,20.99954383220114,21.195141919822646,6.999951261410789,21.0,1,-0.19514191982264606,21.195141919822646,20.5,21.5
1793.0,21.001743913686983,21.197342875903303,6.999962684482114,21.0,1,-0.19734287590330268,21.197342875903303,20.5,21.5
1794.0,21.003943557441143,21.19954339468657,6.999972584494854,21.0,1,-0.19954339468657167,21.19954339468657,20.5,21.5
1795.0,21.006142763246554,21.201743475955308,6.999980961441469,21.0,1,-0.20174347595530762,21.201743475955308,20.5,21.5
1796.0,21.008341530886195,21.2039431194924,6.999987815315581,21.0,1,-0.20394311949240063,21.2039431194924,20.5,21.5
1797.0,21.01053986014308,21.20614232508079,6.9999931461119695,21.0,1,-0.20614232508079056,21.20614232508079,20.5,21.5
1798.0,21.012737750800273,21.20834109250345,6.999996953826575,21.0,1,-0.20834109250344923,21.20834109250345,20.5,21.5
1799.0,21.014935202640878,21.210539421543395,6.999999238456499,21.0,1,-0.21053942154339467,21.210539421543395,20.5,21.5
1800.0,21.01713221544804,21.212737311983688,7.0,21.0,1,-0.2127373119836875,21.212737311983688,20.5,21.5
1801.0,21.019328789004952,21.214934763607438,6.999999238456499,21.0,1,-0.21493476360743813,21.214934763607438,20.5,21.5
1802.0,21.02152492309484,21.21713177619779,6.999996953826575,21.0,1,-0.2171317761977889,21.21713177619779,20.5,21.5
1803.0,21.023720617500988,21.219328349537932,6.9999931461119695,21.0,1,-0.2193283495379319,21.219328349537932,20.5,21.5
1804.0,21.02591587200671,21.2215244834111,6.999987815315581,21.0,1,-0.22152448341109832,21.2215244834111,20.5,21.5
1805.0,21.028110686395372,21.223720177600562,6.999980961441469,21.0,1,-0.22372017760056195,21.223720177600562,20.5,21.5
1806.0,21.03030506045038,21.22591543188965,6.999972584494854,21.0,1,-0.2259154318896499,21.22591543188965,20.5,21.5
1807.0,21.03249899395519,21.22811024606172,6.999962684482114,21.0,1,-0.22811024606172126,21.22811024606172,20.5,21.5
1808.0,21.034692486693295,21.23030461990018,6.999951261410789,21.0,1,-0.23030461990018125,21.23030461990018,20.5,21.5
1809.0,21.03688553844824,21.232498553188485,6.9999383152895795,21.0,1,-0.2324985531884849,21.232498553188485,20.5,21.5
1810.0,21.039078149003608,21.234692045710133,6.999923846128342,21.0,1,-0.23469204571013336,21.234692045710133,20.5,21.5
1811.0,21.04127031814303,21.236885097248667,6.9999078539380974,21.0,1,-0.2368850972486669,21.236885097248667,20.5,21.5
1812.0,21.04346204565019,21.239077707587665,6.999890338731024,21.0,1,-0.2390777075876649,21.239077707587665,20.5,21.5
1813.0,21.045653331308806,21.241269876510767,6.999871300520461,21.0,1,-0.24126987651076703,21.241269876510767,20.5,21.5
1814.0,21.047844174902647,21.24346160380165,6.9998507393209035,21.0,1,-0.2434616038016486,21.24346160380165,20.5,21.5
1815.0,21.05003457621553,21.245652889244035,6.999828655148014,21.0,1,-0.2456528892440346,21.245652889244035,20.5,21.5
1816.0,21.052224535031318,21.247843732621693,6.999805048018608,21.0,1,-0.24784373262169268,21.247843732621693,20.5,21.5
1817.0,21.054414051133914,21.250034133718437,6.999779917950665,21.0,1,-0.25003413371843664,21.250034133718437,20.5,21.5
1818.0,21.056603124307276,21.252224092318134,6.999753264963321,21.0,1,-0.2522240923181336,21.252224092318134,20.5,21.5
1819.0,21.058791754335406,21.254413608204686,6.9997250890768745,21.0,1,-0.25441360820468617,21.254413608204686,20.5,21.5
1820.0,21.060979941002355,21.25660268116205,6.999695390312782,21.0,1,-0.2566026811620503,21.25660268116205,20.5,21.5
1821.0,21.063167684092218,21.258791310974228,6.999664168693662,21.0,1,-0.25879131097422814,21.258791310974228,20.5,21.5
1822.0,21.06535498338914,21.260979497425275,6.999631424243288,21.0,1,-0.26097949742527504,21.260979497425275,20.5,21.5
1823.0,21.067541838677307,21.26316724029928,6.999597156986599,21.0,1,-0.2631672402992784,21.26316724029928,20.5,21.5
1824.0,21.06972824974097,21.26535453938039,6.999561366949691,21.0,1,-0.26535453938038955,21.26535453938039,20.5,21.5
1825.0,21.071914216364412,21.267541394452802,6.999524054159818,21.0,1,-0.26754139445280245,21.267541394452802,20.5,21.5
1826.0,21.07409973833197,21.269727805300754,6.999485218645397,21.0,1,-0.2697278053007537,21.269727805300754,20.5,21.5
1827.0,21.076284815428032,21.271913771708533,6.999444860436001,21.0,1,-0.27191377170853315,21.271913771708533,20.5,21.5
1828.0,21.078469447437033,21.27409929346048,6.999402979562366,21.0,1,-0.27409929346048045,21.27409929346048,20.5,21.5
1829.0,21.08065363414346,21.27628437034098,6.999359576056387,21.0,1,-0.2762843703409814,21.27628437034098,20.5,21.5
1830.0,21.08283737533184,21.278469002134464,6.999314649951114,21.0,1,-0.27846900213446446,21.278469002134464,20.5,21.5
1831.0,21.085020670786765,21.280653188625426,6.999268201280764,21.0,1,-0.28065318862542554,21.280653188625426,20.5,21.5
1832.0,21.087203520292864,21.282836929598393,6.9992202300807085,21.0,1,-0.2828369295983926,21.282836929598393,20.5,21.5
1833.0,21.089385923634822,21.28502022483795,6.999170736387479,21.0,1,-0.2850202248379503,21.28502022483795,20.5,21.5
1834.0,21.091567880597374,21.287203074128733,6.9991197202387685,21.0,1,-0.28720307412873325,21.287203074128733,20.5,21.5
1835.0,21.093749390965304,21.289385477255426,6.999067181673426,21.0,1,-0.2893854772554256,21.289385477255426,20.5,21.5
1836.0,21.095930454523444,21.29156743400276,6.999013120731464,21.0,1,-0.2915674340027614,21.29156743400276,20.5,21.5
1837.0,21.098111071056685,21.293748944155524,6.99895753745405,21.0,1,-0.2937489441555243,21.293748944155524,20.5,21.5
1838.0,21.100291240349964,21.29593000749855,6.998900431883515,21.0,1,-0.29593000749855136,21.29593000749855,20.5,21.5
1839.0,21.10247096218827,21.298110623816733,6.998841804063346,21.0,1,-0.2981106238167328,21.298110623816733,20.5,21.5
1840.0,21.104650236356644,21.300290792894998,6.998781654038192,21.0,1,-0.30029079289499805,21.300290792894998,20.5,21.5
1841.0,21.10682906264018,21.302470514518344,6.998719981853858,21.0,1,-0.30247051451834395,21.302470514518344,20.5,21.5
1842.0,21.109007440824023,21.304649788471814,6.998656787557312,21.0,1,-0.30464978847181357,21.304649788471814,20.5,21.5
1843.0,21.11118537069337,21.306828614540493,6.998592071196679,21.0,1,-0.3068286145404926,21.306828614540493,20.5,21.5
1844.0,21.11336285203347,21.309006992509534,6.998525832821242,21.0,1,-0.30900699250953423,21.309006992509534,20.5,21.5
1845.0,21.11553988462963,21.31118492216413,6.998458072481446,21.0,1,-0.31118492216413074,21.31118492216413,20.5,21.5
1846.0,21.1177164682672,21.31336240328954,6.998388790228892,21.0,1,-0.31336240328953835,21.31336240328954,20.5,21.5
1847.0,21.119892602731593,21.315539435671052,6.9983179861163425,21.0,1,-0.31553943567105236,21.315539435671052,20.5,21.5
1848.0,21.12206828780827,21.317716019094032,6.998245660197717,21.0,1,-0.317716019094032,21.317716019094032,20.5,21.5
1849.0,21.124243523282747,21.319892153343886,6.998171812528096,21.0,1,-0.3198921533438863,21.319892153343886,20.5,21.5
1850.0,21.126418308940597,21.322067838206078,6.998096443163716,21.0,1,-0.32206783820607754,21.322067838206078,20.5,21.5
1851.0,21.12859264456744,21.324243073466125,6.998019552161975,21.0,1,-0.3242430734661248,21.324243073466125,20.5,21.5
1852.0,21.13076652994896,21.3264178589096,6.99794113958143,21.0,1,-0.3264178589096005,21.3264178589096,20.5,21.5
1853.0,21.132939964870886,21.328592194322123,6.997861205481794,21.0,1,-0.3285921943221233,21.328592194322123,20.5,21.5
1854.0,21.13511294911901,21.330766079489376,6.99777974992394,21.0,1,-0.33076607948937564,21.330766079489376,20.5,21.5
1855.0,21.137285482479168,21.33293951419709,6.997696772969901,21.0,1,-0.3329395141970899,21.33293951419709,20.5,21.5
1856.0,21.139457564737267,21.33511249823106,6.997612274682869,21.0,1,-0.3351124982310587,21.33511249823106,20.5,21.5
1857.0,21.141629195679258,21.337285031377114,6.997526255127189,21.0,1,-0.33728503137711385,21.337285031377114,20.5,21.5
1858.0,21.143800375091146,21.33945711342117,6.997438714368372,21.0,1,-0.3394571134211688,21.33945711342117,20.5,21.5
1859.0,21.145971102759002,21.341628744149165,6.997349652473083,21.0,1,-0.34162874414916544,21.341628744149165,20.5,21.5
1860.0,21.148141378468946,21.34379992334712,6.9972590695091474,21.0,1,-0.3437999233471203,21.34379992334712,20.5,21.5
1861.0,21.150311202007153,21.3459706508011,6.9971669655455475,21.0,1,-0.34597065080109957,21.3459706508011,20.5,21.5
1862.0,21.15248057315986,21.348140926297216,6.997073340652424,21.0,1,-0.3481409262972157,21.348140926297216,20.5,21.5
1863.0,21.154649491713357,21.350310749621656,6.996978194901076,21.0,1,-0.35031074962165576,21.350310749621656,20.5,21.5
1864.0,21.156817957453995,21.352480120560653,6.9968815283639625,21.0,1,-0.3524801205606529,21.352480120560653,20.5,21.5
1865.0,21.158985970168178,21.354649038900504,6.996783341114698,21.0,1,-0.35464903890050437,21.354649038900504,20.5,21.5
1866.0,21.161153529642366,21.356817504427546,6.996683633228057,21.0,1,-0.35681750442754634,21.356817504427546,20.5,21.5
1867.0,21.163320635663084,21.358985516928193,6.996582404779971,21.0,1,-0.35898551692819325,21.358985516928193,20.5,21.5
1868.0,21.16548728801691,21.361153076188902,6.996479655847531,21.0,1,-0.36115307618890213,21.361153076188902,20.5,21.5
1869.0,21.167653486490476,21.363320181996194,6.9963753865089835,21.0,1,-0.363320181996194,21.363320181996194,20.5,21.5
1870.0,21.16981923087048,21.365486834136654,6.996269596843734,21.0,1,-0.3654868341366537,21.365486834136654,20.5,21.5
1871.0,21.171984520943674,21.36765303239692,6.996162286932347,21.0,1,-0.3676530323969196,21.36765303239692,20.5,21.5
1872.0,21.174149356496873,21.369818776563676,6.996053456856544,21.0,1,-0.369818776563676,21.369818776563676,20.5,21.5
1873.0,21.176313737316946,21.371984066423682,6.995943106699201,21.0,1,-0.371984066423682,21.371984066423682,20.5,21.5
1874.0,21.178477663190822,21.374148901763753,6.995831236544358,21.0,1,-0.37414890176375337,21.374148901763753,20.5,21.5
1875.0,21.180641133905493,21.37631328237076,6.995717846477207,21.0,1,-0.37631328237075934,21.37631328237076,20.5,21.5
1876.0,21.182804149248007,21.378477208031626,6.9956029365841,21.0,1,-0.3784772080316259,21.378477208031626,20.5,21.5
1877.0,21.184966709005472,21.380640678533346,6.995486506952545,21.0,1,-0.3806406785333465,21.380640678533346,20.5,21.5
1878.0,21.18712881296506,21.382803693662968,6.995368557671211,21.0,1,-0.38280369366296796,21.382803693662968,20.5,21.5
1879.0,21.189290460914002,21.384966253207605,6.995249088829918,21.0,1,-0.3849662532076046,21.384966253207605,20.5,21.5
1880.0,21.191451652639586,21.387128356954424,6.995128100519649,21.0,1,-0.38712835695442394,21.387128356954424,20.5,21.5
1881.0,21.19361238792916,21.389290004690654,6.99500559283254,21.0,1,-0.389290004690654,21.389290004690654,20.5,21.5
1882.0,21.195772666570143,21.39145119620359,6.994881565861888,21.0,1,-0.39145119620359026,21.39145119620359,20.5,21.5
1883.0,21.197932488350002,21.39361193128058,6.994756019702144,21.0,1,-0.3936119312805815,21.39361193128058,20.5,21.5
1884.0,21.20009185305627,21.395772209709037,6.994628954448916,21.0,1,-0.3957722097090368,21.395772209709037,20.5,21.5
1885.0,21.20225076047655,21.397932031276426,6.994500370198971,21.0,1,-0.39793203127642585,21.397932031276426,20.5,21.5
1886.0,21.20440921039849,21.400091395770296,6.994370267050232,21.0,1,-0.4000913957702963,21.400091395770296,20.5,21.5
1887.0,21.206567202609822,21.402250302978228,6.994238645101776,21.0,1,-0.40225030297822784,21.402250302978228,20.5,21.5
1888.0,21.208724736898322,21.404408752687896,6.994105504453841,21.0,1,-0.4044087526878961,21.404408752687896,20.5,21.5
1889.0,21.210881813051834,21.406566744687012,6.9939708452078175,21.0,1,-0.40656674468701226,21.406566744687012,20.5,21.5
1890.0,21.213038430858266,21.40872427876336,6.993834667466256,21.0,1,-0.4087242787633585,21.40872427876336,20.5,21.5
1891.0,21.215194590105586,21.410881354704777,6.993696971332861,21.0,1,-0.4108813547047774,21.410881354704777,20.5,21.5
1892.0,21.21735029058183,21.413037972299175,6.9935577569124945,21.0,1,-0.4130379722991755,21.413037972299175,20.5,21.5
1893.0,21.219505532075097,21.41519413133453,6.9934170243111735,21.0,1,-0.4151941313345304,21.41519413133453,20.5,21.5
1894.0,21.221660314373544,21.417349831598873,6.993274773636073,21.0,1,-0.41734983159887307,21.417349831598873,20.5,21.5
1895.0,21.223814637265395,21.419505072880302,6.993131004995523,21.0,1,-0.4195050728803018,21.419505072880302,20.5,21.5
1896.0,21.22596850053894,21.42165985496697,6.992985718499009,21.0,1,-0.42165985496696834,21.42165985496697,20.5,21.5
1897.0,21.228121903982533,21.423814177647113,6.992838914257173,21.0,1,-0.42381417764711315,21.423814177647113,20.5,21.5
1898.0,21.23027484738459,21.425968040709016,6.992690592381813,21.0,1,-0.42596804070901584,21.425968040709016,20.5,21.5
1899.0,21.23242733053359,21.428121443941027,6.9925407529858825,21.0,1,-0.428121443941027,21.428121443941027,20.5,21.5
1900.0,21.23457935321808,21.43027438713156,6.992389396183491,21.0,1,-0.4302743871315613,21.43027438713156,20.5,21.5
1901.0,21.236730915226673,21.432426870069104,6.992236522089903,21.0,1,-0.4324268700691043,21.432426870069104,20.5,21.5
1902.0,21.238882016348047,21.434578892542206,6.992082130821539,21.0,1,-0.4345788925422056,21.434578892542206,20.5,21.5
1903.0,21.24103265637094,21.436730454339475,6.991926222495975,21.0,1,-0.4367304543394752,21.436730454339475,20.5,21.5
1904.0,21.243182835084166,21.438881555249594,6.9917687972319404,21.0,1,-0.43888155524959416,21.438881555249594,20.5,21.5
1905.0,21.245332552276597,21.441032195061297,6.991609855149323,21.0,1,-0.44103219506129676,21.441032195061297,20.5,21.5
1906.0,21.24748180773717,21.443182373563396,6.991449396369164,21.0,1,-0.4431823735633955,21.443182373563396,20.5,21.5
1907.0,21.249630601254896,21.445332090544767,6.991287421013659,21.0,1,-0.44533209054476686,21.445332090544767,20.5,21.5
1908.0,21.251778932618848,21.447481345794348,6.99112392920616,21.0,1,-0.4474813457943476,21.447481345794348,20.5,21.5
1909.0,21.253926801618164,21.449630139101146,6.990958921071172,21.0,1,-0.4496301391011457,21.449630139101146,20.5,21.5
1910.0,21.256074208042055,21.451778470254236,6.990792396734358,21.0,1,-0.45177847025423645,21.451778470254236,20.5,21.5
1911.0,21.258221151679795,21.45392633904276,6.990624356322531,21.0,1,-0.45392633904275925,21.45392633904276,20.5,21.5
1912.0,21.260367632320722,21.456073745255928,6.990454799963662,21.0,1,-0.45607374525592803,21.456073745255928,20.5,21.5
1913.0,21.26251364975425,21.458220688683006,6.990283727786877,21.0,1,-0.45822068868300647,21.458220688683006,20.5,21.5
1914.0,21.264659203769856,21.460367169113347,6.990111139922453,21.0,1,-0.4603671691133471,21.460367169113347,20.5,21.5
1915.0,21.266804294157087,21.46251318633635,6.989937036501823,21.0,1,-0.4625131863363485,21.46251318633635,20.5,21.5
1916.0,21.268948920705554,21.4646587401415,6.989761417657577,21.0,1,-0.4646587401414983,21.4646587401415,20.5,21.5
1917.0,21.271093083204946,21.466803830318344,6.9895842835234525,21.0,1,-0.4668038303183444,21.466803830318344,20.5,21.5
1918.0,21.27323678144501,21.4689484566565,6.989405634234348,21.0,1,-0.46894845665649854,21.4689484566565,20.5,21.5
1919.0,21.275380015215568,21.47109261894564,6.989225469926312,21.0,1,-0.47109261894564014,21.47109261894564,20.5,21.5
1920.0,21.27752278430651,21.473236316975523,6.989043790736547,21.0,1,-0.47323631697552315,21.473236316975523,20.5,21.5
1921.0,21.279665088507794,21.47537955053597,6.988860596803409,21.0,1,-0.47537955053596903,21.47537955053597,20.5,21.5
1922.0,21.281806927609452,21.47752231941687,6.9886758882664095,21.0,1,-0.4775223194168703,21.47752231941687,20.5,21.5
1923.0,21.283948301401583,21.479664623408187,6.988489665266211,21.0,1,-0.47966462340818694,21.479664623408187,20.5,21.5
1924.0,21.286089209674355,21.481806462299943,6.988301927944631,21.0,1,-0.48180646229994295,21.481806462299943,20.5,21.5
1925.0,21.28822965221801,21.48394783588224,6.988112676444639,21.0,1,-0.48394783588224044,21.48394783588224,20.5,21.5
1926.0,21.290369628822855,21.486088743945253,6.98792191091036,21.0,1,-0.4860887439452526,21.486088743945253,20.5,21.5
1927.0,21.29250913927927,21.488229186279217,6.987729631487068,21.0,1,-0.4882291862792165,21.488229186279217,20.5,21.5
1928.0,21.294648183377713,21.49036916267444,6.987535838321193,21.0,1,-0.4903691626744404,21.49036916267444,20.5,21.5
1929.0,21.296786760908702,21.49250867292131,6.987340531560317,21.0,1,-0.4925086729213106,21.49250867292131,20.5,21.5
1930.0,21.298924871662834,21.494647716810274,6.987143711353175,21.0,1,-0.49464771681027386,21.494647716810274,20.5,21.5
1931.0,21.301062515430772,21.49678629413186,6.986945377849654,21.0,1,-0.4967862941318586,21.49678629413186,20.5,21.5
1932.0,21.303199692003254,21.498924404676654,6.986745531200793,21.0,1,-0.49892440467665367,21.498924404676654,20.5,21.5
1933.0,21.305336401171093,21.501062048235333,6.986544171558784,21.0,0,-0.5010620482353332,21.501062048235333,20.5,21.5
1934.0,21.30247264272517,21.502199224598623,6.986341299076972,21.0,0,-0.5021992245986233,21.502199224598623,20.5,21.5
1935.0,21.29960941645644,21.502336133557343,6.986136913909853,21.0,0,-0.5023361335573426,21.502336133557343,20.5,21.5
1936.0,21.29674672195593,21.501472974862374,6.985931016213074,21.0,0,-0.5014729748623736,21.501472974862374,20.5,21.5
1937.0,21.29388455881478,21.49960994822468,6.985723606143436,21.0,0,-0.4996099482246805,21.49960994822468,20.5,21.5
1938.0,21.291022926624247,21.496747253315313,6.9855146838588915,21.0,0,-0.4967472533153128,21.496747253315313,20.5,21.5
1939.0,21.288161824975695,21.493885089765417,6.985304249518542,21.0,0,-0.493885089765417,21.493885089765417,20.5,21.5
1940.0,21.285301253460602,21.491023457166246,6.985092303282644,21.0,0,-0.4910234571662464,21.491023457166246,20.5,21.5
1941.0,21.282441211670566,21.488162355109175,6.984878845312603,21.0,0,-0.48816235510917494,21.488162355109175,20.5,21.5
1942.0,21.279581699197294,21.48530178318568,6.984663875770977,21.0,0,-0.4853017831856796,21.48530178318568,20.5,21.5
1943.0,21.27672271563261,21.482441740987348,6.9844473948214745,21.0,0,-0.4824417409873476,21.482441740987348,20.5,21.5
1944.0,21.273864260568445,21.479582228105897,6.984229402628956,21.0,0,-0.47958222810589746,21.479582228105897,20.5,21.5
1945.0,21.27100633359686,21.476723244133147,6.98400989935943,21.0,0,-0.47672324413314726,21.476723244133147,20.5,21.5
1946.0,21.268148934310013,21.473864788661036,6.98378888518006,21.0,0,-0.4738647886610359,21.473864788661036,20.5,21.5
1947.0,21.265292062300187,21.471006861281616,6.983566360259156,21.0,0,-0.47100686128161584,21.471006861281616,20.5,21.5
1948.0,21.26243571715978,21.468149461587053,6.9833423247661806,21.0,0,-0.4681494615870534,21.468149461587053,20.5,21.5
1949.0,21.2595798984813,21.465292589169625,6.983116778871748,21.0,0,-0.4652925891696249,21.465292589169625,20.5,21.5
1950.0,21.256724605857375,21.46243624362173,6.982889722747621,21.0,0,-0.4624362436217311,21.46243624362173,20.5,21.5
1951.0,21.253869838880753,21.45958042453588,6.982661156566712,21.0,0,-0.4595804245358792,21.45958042453588,20.5,21.5
1952.0,21.251015597144292,21.456725131504697,6.982431080503083,21.0,0,-0.4567251315046974,21.456725131504697,20.5,21.5
1953.0,21.248161880240964,21.453870364120938,6.982199494731949,21.0,0,-0.45387036412093806,21.453870364120938,20.5,21.5
1954.0,21.245308687763863,21.451016121977453,6.981966399429672,21.0,0,-0.4510161219774531,21.451016121977453,20.5,21.5
1955.0,21.242456019306196,21.448162404667215,6.981731794773765,21.0,0,-0.44816240466721524,21.448162404667215,20.5,21.5
1956.0,21.23960387446129,21.44530921178332,6.981495680942887,21.0,0,-0.4453092117833215,21.44530921178332,20.5,21.5
1957.0,21.236752252822587,21.442456542918983,6.981258058116851,21.0,0,-0.4424565429189826,21.442456542918983,20.5,21.5
1958.0,21.233901153983645,21.43960439766752,6.981018926476618,21.0,0,-0.43960439766751946,21.43960439766752,20.5,21.5
1959.0,21.231050577538145,21.436752775622374,6.980778286204295,21.0,0,-0.4367527756223737,21.436752775622374,20.5,21.5
1960.0,21.228200523079877,21.43390167637711,6.98053613748314,21.0,0,-0.4339016763771113,21.43390167637711,20.5,21.5
1961.0,21.22535099020276,21.431051099525405,6.980292480497562,21.0,0,-0.4310510995254049,21.431051099525405,20.5,21.5
1962.0,21.22250197850082,21.428201044661048,6.980047315433115,21.0,0,-0.4282010446610478,21.428201044661048,20.5,21.5
1963.0,21.219653487568205,21.42535151137796,6.979800642476503,21.0,0,-0.42535151137796134,21.42535151137796,20.5,21.5
1964.0,21.216805516999187,21.422502499270166,6.979552461815578,21.0,0,-0.42250249927016625,21.422502499270166,20.5,21.5
1965.0,21.21395806638815,21.41965400793182,6.979302773639341,21.0,0,-0.4196540079318183,21.41965400793182,20.5,21.5
1966.0,21.211111135329602,21.41680603695719,6.979051578137939,21.0,0,-0.41680603695719043,21.41680603695719,20.5,21.5
1967.0,21.208264723418164,21.41395858594066,6.97879887550267,21.0,0,-0.4139585859406587,21.41395858594066,20.5,21.5
1968.0,21.205418830248583,21.411111654476734,6.978544665925977,21.0,0,-0.41111165447673415,21.411111654476734,20.5,21.5
1969.0,21.202573455415717,21.408265242160038,6.978288949601452,21.0,0,-0.4082652421600379,21.408265242160038,20.5,21.5
1970.0,21.199728598514554,21.40541934858532,6.978031726723834,21.0,0,-0.40541934858531903,21.40541934858532,20.5,21.5
1971.0,21.196884259140194,21.402573973347437,6.9777729974890095,21.0,0,-0.4025739733474367,21.402573973347437,20.5,21.5
1972.0,21.194040436887864,21.399729116041378,6.977512762094012,21.0,0,-0.39972911604137806,21.399729116041378,20.5,21.5
1973.0,21.191197131352904,21.396884776262244,6.977251020737022,21.0,0,-0.39688477626224383,21.396884776262244,20.5,21.5
1974.0,21.188354342130783,21.394040953605256,6.976987773617367,21.0,0,-0.3940409536052556,21.394040953605256,20.5,21.5
1975.0,21.18551206881708,21.39119764766576,6.9767230209355215,21.0,0,-0.39119764766575926,21.39119764766576,20.5,21.5
1976.0,21.182670311007502,21.388354858039218,6.976456762893106,21.0,0,-0.388354858039218,21.388354858039218,20.5,21.5
1977.0,21.17982906829788,21.385512584321223,6.976188999692887,21.0,0,-0.3855125843212228,21.385512584321223,20.5,21.5
1978.0,21.17698834028416,21.38267082610748,6.975919731538778,21.0,0,-0.3826708261074785,21.38267082610748,20.5,21.5
1979.0,21.17414812656241,21.3798295829938,6.975648958635839,21.0,0,-0.3798295829937999,21.3798295829938,20.5,21.5
1980.0,21.171308426728825,21.37698885457615,6.9753766811902755,21.0,0,-0.37698885457615106,21.37698885457615,20.5,21.5
1981.0,21.168469240379718,21.374148640450596,6.975102899409437,21.0,0,-0.3741486404505956,21.374148640450596,20.5,21.5
1982.0,21.165630567111524,21.37130894021332,6.974827613501823,21.0,0,-0.3713089402133214,21.37130894021332,20.5,21.5
1983.0,21.1627924065208,21.36846975346065,6.974550823677073,21.0,0,-0.36846975346065136,21.36846975346065,20.5,21.5
1984.0,21.159954758204233,21.36563107978902,6.974272530145976,21.0,0,-0.36563107978901854,21.36563107978902,20.5,21.5
1985.0,21.157117621758623,21.362792918794973,6.973992733120464,21.0,0,-0.3627929187949732,21.362792918794973,20.5,21.5
1986.0,21.154280996780894,21.35995527007521,6.973711432813614,21.0,0,-0.35995527007521133,21.35995527007521,20.5,21.5
1987.0,21.151444882868102,21.357118133226525,6.973428629439651,21.0,0,-0.35711813322652475,21.357118133226525,20.5,21.5
1988.0,21.148609279617418,21.354281507845847,6.973144323213939,21.0,0,-0.35428150784584744,21.354281507845847,20.5,21.5
1989.0,21.145774186626138,21.35144539353023,6.972858514352991,21.0,0,-0.35144539353023063,21.35144539353023,20.5,21.5
1990.0,21.142939603491683,21.348609789876843,6.972571203074462,21.0,0,-0.34860978987684277,21.348609789876843,20.5,21.5
1991.0,21.1401055298116,21.345774696482987,6.972282389597154,21.0,0,-0.3457746964829873,21.345774696482987,20.5,21.5
1992.0,21.137271965183555,21.34294011294608,6.97199207414101,21.0,0,-0.3429401129460814,21.34294011294608,20.5,21.5
1993.0,21.134438909205347,21.340106038863667,6.971700256927117,21.0,0,-0.3401060388636665,21.340106038863667,20.5,21.5
1994.0,21.13160636147489,21.337272473833416,6.971406938177707,21.0,0,-0.33727247383341563,21.337272473833416,20.5,21.5
1995.0,21.12877432159023,21.334439417453126,6.971112118116156,21.0,0,-0.334439417453126,21.334439417453126,20.5,21.5
1996.0,21.125942789149537,21.331606869320716,6.97081579696698,21.0,0,-0.3316068693207157,21.331606869320716,20.5,21.5
1997.0,21.1231117637511,21.328774829034224,6.970517974955843,21.0,0,-0.3287748290342236,21.328774829034224,20.5,21.5
1998.0,21.120281244993343,21.32594329619182,6.970218652309548,21.0,0,-0.32594329619182005,21.32594329619182,20.5,21.5
1999.0,21.117451232474806,21.323112270391807,6.969917829256042,21.0,0,-0.3231122703918068,21.323112270391807,20.5,21.5
2000.0,21.114621725794162,21.320281751232592,6.969615506024416,21.0,0,-0.32028175123259217,21.320281751232592,20.5,21.5
2001.0,21.11179272455021,21.317451738312723,6.969311682844902,21.0,0,-0.3174517383127231,21.317451738312723,20.5,21.5
2002.0,21.10896422834187,21.314622231230878,6.969006359948873,21.0,0,-0.31462223123087796,21.314622231230878,20.5,21.5
2003.0,21.10613623676819,21.311793229585845,6.968699537568848,21.0,0,-0.3117932295858452,21.311793229585845,20.5,21.5
2004.0,21.10330874942835,21.308964732976555,6.9683912159384835,21.0,0,-0.30896473297655547,21.308964732976555,20.5,21.5
2005.0,21.100481765921653,21.306136741002053,6.9680813952925815,21.0,0,-0.306136741002053,21.306136741002053,20.5,21.5
2006.0,21.097655285847527,21.303309253261517,6.967770075867083,21.0,0,-0.30330925326151714,21.303309253261517,20.5,21.5
2007.0,21.09482930880553,21.30048226935425,6.967457257899071,21.0,0,-0.3004822693542515,21.30048226935425,20.5,21.5
2008.0,21.09200383439535,21.297655788879684,6.967142941626772,21.0,0,-0.297655788879684,21.297655788879684,20.5,21.5
2009.0,21.089178862216794,21.294829811437374,6.966827127289549,21.0,0,-0.2948298114373742,21.294829811437374,20.5,21.5
2010.0,21.086354391869808,21.292004336627002,6.9665098151279095,21.0,0,-0.2920043366270022,21.292004336627002,20.5,21.5
2011.0,21.08353042295446,21.289179364048387,6.9661910053835,21.0,0,-0.28917936404838684,21.289179364048387,20.5,21.5
2012.0,21.080706955070948,21.28635489330147,6.965870698299108,21.0,0,-0.28635489330147124,21.28635489330147,20.5,21.5
2013.0,21.077883987819593,21.283530923986323,6.965548894118663,21.0,0,-0.28353092398632285,21.283530923986323,20.5,21.5
2014.0,21.075061520800855,21.280707455703133,6.96522559308723,21.0,0,-0.2807074557031335,21.280707455703133,20.5,21.5
2015.0,21.07223955361531,21.277884488052234,6.964900795451019,21.0,0,-0.27788448805223354,21.277884488052234,20.5,21.5
2016.0,21.069418085863678,21.275062020634078,6.964574501457378,21.0,0,-0.2750620206340777,21.275062020634078,20.5,21.5
2017.0,21.066597117146795,21.272240053049252,6.964246711354791,21.0,0,-0.27224005304925214,21.272240053049252,20.5,21.5
2018.0,21.063776647065637,21.26941858489846,6.9639174253928875,21.0,0,-0.26941858489846027,21.26941858489846,20.5,21.5
2019.0,21.060956675221302,21.26659761578255,6.963586643822431,21.0,0,-0.26659761578255115,21.26659761578255,20.5,21.5
2020.0,21.058137201215022,21.263777145302495,6.9632543668953275,21.0,0,-0.26377714530249463,21.263777145302495,20.5,21.5
2021.0,21.055318224648158,21.26095717305939,6.96292059486462,21.0,0,-0.2609571730593885,21.26095717305939,20.5,21.5
2022.0,21.0524997451222,21.25813769865447,6.96258532798449,21.0,0,-0.258137698654469,21.25813769865447,20.5,21.5
2023.0,21.049681762238773,21.255318721689093,6.962248566510258,21.0,0,-0.2553187216890933,21.255318721689093,20.5,21.5
2024.0,21.046864275599628,21.252500241764757,6.961910310698383,21.0,0,-0.25250024176475705,21.252500241764757,20.5,21.5
2025.0,21.04404728480665,21.24968225848308,6.961570560806461,21.0,0,-0.24968225848308023,21.24968225848308,20.5,21.5
2026.0,21.04123078946185,21.24686477144582,6.961229317093226,21.0,0,-0.24686477144582142,21.24686477144582,20.5,21.5
2027.0,21.038414789167376,21.244047780254856,6.960886579818551,21.0,0,-0.2440477802548564,21.244047780254856,20.5,21.5
2028.0,21.035599283525507,21.241231284512203,6.960542349243443,21.0,0,-0.2412312845122031,21.241231284512203,20.5,21.5
2029.0,21.03278427213865,21.238415283820007,6.9601966256300525,21.0,0,-0.23841528382000732,21.238415283820007,20.5,21.5
2030.0,21.029969754609347,21.235599777780543,6.959849409241659,21.0,0,-0.23559977778054275,21.235599777780543,20.5,21.5
2031.0,21.027155730540272,21.23278476599623,6.959500700342685,21.0,0,-0.23278476599622877,21.23278476599623,20.5,21.5
2032.0,21.02434219953423,21.2299702480696,6.959150499198688,21.0,0,-0.22997024806959843,21.2299702480696,20.5,21.5
2033.0,21.021529161194163,21.22715622360333,6.95879880607636,21.0,0,-0.22715622360333043,21.22715622360333,20.5,21.5
2034.0,21.01871661512314,21.22434269220023,6.9584456212435315,21.0,0,-0.2243426922002314,21.22434269220023,20.5,21.5
2035.0,21.015904560924362,21.221529653463232,6.958090944969168,21.0,0,-0.22152965346323228,21.221529653463232,20.5,21.5
2036.0,21.01309299820117,21.218717106995413,6.95773477752337,21.0,0,-0.21871710699541325,21.218717106995413,20.5,21.5
2037.0,21.010281926557035,21.21590505239997,6.957377119177376,21.0,0,-0.2159050523999717,21.21590505239997,20.5,21.5
2038.0,21.007471345595558,21.213093489280254,6.957017970203557,21.0,0,-0.2130934892802543,21.213093489280254,20.5,21.5
2039.0,21.004661254920478,21.21028241723972,6.956657330875421,21.0,0,-0.2102824172397213,21.21028241723972,20.5,21.5
2040.0,21.00185165413567,21.207471835881982,6.956295201467611,21.0,0,-0.20747183588198226,21.207471835881982,20.5,21.5
2041.0,20.999042542845135,21.204661744810778,6.9559315822559045,21.0,0,-0.20466174481077815,21.204661744810778,20.5,21.5
2042.0,20.99623392065302,21.201852143629974,6.955566473517212,21.0,0,-0.20185214362997428,21.201852143629974,20.5,21.5
2043.0,20.99342578716359,21.19904303194358,6.955199875529582,21.0,0,-0.19904303194358164,21.19904303194358,20.5,21.5
2044.0,20.990618141981265,21.196234409355736,6.954831788572192,21.0,0,-0.19623440935573555,21.196234409355736,20.5,21.5
2045.0,20.987810984710585,21.19342627547072,6.954462212925358,21.0,0,-0.19342627547072055,21.19342627547072,20.5,21.5
2046.0,20.985004314956228,21.19061862989294,6.9540911488705275,21.0,0,-0.19061862989293843,21.19061862989294,20.5,21.5
2047.0,20.98219813232301,21.187811472226937,6.9537185966902815,21.0,0,-0.18781147222693662,21.187811472226937,20.5,21.5
2048.0,20.979392436415882,21.185004802077394,6.953344556668336,21.0,0,-0.185004802077394,21.185004802077394,20.5,21.5
2049.0,20.976587226839932,21.182198619049128,6.952969029089537,21.0,0,-0.18219861904912804,21.182198619049128,20.5,21.5
2050.0,20.973782503200383,21.17939292274709,6.952592014239867,21.0,0,-0.17939292274709118,21.17939292274709,20.5,21.5
2051.0,20.97097826510259,21.17658771277636,6.952213512406438,21.0,0,-0.1765877127763602,21.17658771277636,20.5,21.5
2052.0,20.968174512152054,21.17378298874217,6.951833523877495,21.0,0,-0.17378298874216824,21.17378298874217,20.5,21.5
2053.0,20.965371243954397,21.170978750249873,6.951452048942417,21.0,0,-0.17097875024987275,21.170978750249873,20.5,21.5
2054.0,20.962568460115396,21.168174996904966,6.951069087891713,21.0,0,-0.16817499690496618,21.168174996904966,20.5,21.5
2055.0,20.95976616024095,21.16537172831308,6.950684641017025,21.0,0,-0.16537172831307956,21.16537172831308,20.5,21.5
2056.0,20.956964343937106,21.162568944079982,6.950298708611126,21.0,0,-0.16256894407998246,21.162568944079982,20.5,21.5
2057.0,20.954163010810042,21.15976664381158,6.949911290967921,21.0,0,-0.15976664381157946,21.15976664381158,20.5,21.5
2058.0,20.951362160466072,21.156964827113914,6.9495223883824435,21.0,0,-0.15696482711391369,21.156964827113914,20.5,21.5
2059.0,20.948561792511654,21.154163493593167,6.949132001150861,21.0,0,-0.15416349359316683,21.154163493593167,20.5,21.5
2060.0,20.945761906553383,21.151362642855652,6.948740129570471,21.0,0,-0.15136264285565204,21.151362642855652,20.5,21.5
2061.0,20.942962502197986,21.14856227450783,6.948346773939699,21.0,0,-0.14856227450783166,21.14856227450783,20.5,21.5
2062.0,20.940163579052335,21.14576238815629,6.947951934558104,21.0,0,-0.14576238815628884,21.14576238815629,20.5,21.5
2063.0,20.937365136723436,21.142962983407763,6.947555611726371,21.0,0,-0.14296298340776303,21.142962983407763,20.5,21.5
2064.0,20.934567174818437,21.140164059869118,6.94715780574632,21.0,0,-0.14016405986911806,21.140164059869118,20.5,21.5
2065.0,20.931769692944624,21.137365617147367,6.946758516920897,21.0,0,-0.13736561714736695,21.137365617147367,20.5,21.5
2066.0,20.92897269070942,21.134567654849654,6.9463577455541765,21.0,0,-0.13456765484965416,21.134567654849654,20.5,21.5
2067.0,20.92617616772039,21.131770172583266,6.945955491951364,21.0,0,-0.1317701725832663,21.131770172583266,20.5,21.5
2068.0,20.923380123585236,21.128973169955625,6.945551756418793,21.0,0,-0.1289731699556249,21.128973169955625,20.5,21.5
2069.0,20.920584557911802,21.1261766465743,6.945146539263926,21.0,0,-0.12617664657430083,21.1261766465743,20.5,21.5
2070.0,20.917789470308072,21.12338060204699,6.944739840795354,21.0,0,-0.1233806020469892,21.12338060204699,20.5,21.5
2071.0,20.91499486038217,21.12058503598154,6.944331661322793,21.0,0,-0.12058503598154147,21.12058503598154,20.5,21.5
2072.0,20.912200727742356,21.117789947985933,6.943922001157093,21.0,0,-0.11778994798593345,21.117789947985933,20.5,21.5
2073.0,20.909407071997038,21.114995337668294,6.943510860610225,21.0,0,-0.11499533766829373,21.114995337668294,20.5,21.5
2074.0,20.90661389275476,21.112201204636886,6.943098239995292,21.0,0,-0.11220120463688588,21.112201204636886,20.5,21.5
2075.0,20.903821189624207,21.109407548500112,6.942684139626523,21.0,0,-0.10940754850011203,21.109407548500112,20.5,21.5
2076.0,20.90102896221421,21.106614368866524,6.942268559819272,21.0,0,-0.10661436886652353,21.106614368866524,20.5,21.5
2077.0,20.89823721013373,21.1038216653448,6.941851500890023,21.0,0,-0.10382166534479964,21.1038216653448,20.5,21.5
2078.0,20.89544593299188,21.101029437543765,6.941432963156382,21.0,0,-0.10102943754376525,21.101029437543765,20.5,21.5
2079.0,20.892655130397912,21.098237685072398,6.941012946937085,21.0,0,-0.09823768507239805,21.098237685072398,20.5,21.5
2080.0,20.88986480196122,21.095446407539804,6.940591452551993,21.0,0,-0.0954464075398036,21.095446407539804,20.5,21.5
2081.0,20.88707494729134,21.092655604555233,6.940168480322092,21.0,0,-0.09265560455523314,21.092655604555233,20.5,21.5
2082.0,20.884285565997946,21.089865275728076,6.939744030569494,21.0,0,-0.08986527572807645,21.089865275728076,20.5,21.5
2083.0,20.88149665769086,21.087075420667873,6.939318103617435,21.0,0,-0.08707542066787255,21.087075420667873,20.5,21.5
2084.0,20.878708221980045,21.084286038984295,6.938890699790278,21.0,0,-0.08428603898429543,21.084286038984295,20.5,21.5
2085.0,20.875920258475606,21.081497130287175,6.938461819413509,21.0,0,-0.08149713028717542,21.081497130287175,20.5,21.5
2086.0,20.873132766787794,21.078708694186467,6.938031462813739,21.0,0,-0.0787086941864672,21.078708694186467,20.5,21.5
2087.0,20.870345746527,21.075920730292275,6.9375996303187035,21.0,0,-0.07592073029227464,21.075920730292275,20.5,21.5
2088.0,20.86755919730376,21.073133238214858,6.937166322257262,21.0,0,-0.07313323821485795,21.073133238214858,20.5,21.5
2089.0,20.86477311872875,21.070346217564598,6.936731538959397,21.0,0,-0.07034621756459813,21.070346217564598,20.5,21.5
2090.0,20.861987510412796,21.067559667952036,6.936295280756216,21.0,0,-0.06755966795203605,21.067559667952036,20.5,21.5
2091.0,20.859202371966866,21.06477358898785,6.935857547979946,21.0,0,-0.06477358898785113,21.06477358898785,20.5,21.5
2092.0,20.85641770300207,21.061987980282865,6.935418340963943,21.0,0,-0.061987980282864896,21.061987980282865,20.5,21.5
2093.0,20.85363350312966,21.059202841448048,6.934977660042679,21.0,0,-0.059202841448048105,21.059202841448048,20.5,21.5
2094.0,20.850849771961045,21.056418172094503,6.934535505551754,21.0,0,-0.05641817209450295,21.056418172094503,20.5,21.5
2095.0,20.848066509107763,21.0536339718335,6.934091877827886,21.0,0,-0.053633971833498606,21.0536339718335,20.5,21.5
2096.0,20.84528371418151,21.05085024027643,6.933646777208919,21.0,0,-0.05085024027642859,21.05085024027643,20.5,21.5
2097.0,20.842501386794115,21.04806697703484,6.933200204033815,21.0,0,-0.0480669770348392,21.04806697703484,20.5,21.5
2098.0,20.839719526557563,21.04528418172042,6.932752158642659,21.0,0,-0.045284181720418815,21.04528418172042,20.5,21.5
2099.0,20.83693813308398,21.042501853945005,6.932302641376657,21.0,0,-0.04250185394500505,21.042501853945005,20.5,21.5
2100.0,20.834157205985637,21.03971999332058,6.931851652578136,21.0,0,-0.03971999332058118,21.03971999332058,20.5,21.5
2101.0,20.831376744874955,21.03693859945927,6.931399192590545,21.0,0,-0.03693859945926903,21.03693859945927,20.5,21.5
2102.0,20.828596749364497,21.034157671973347,6.93094526175845,21.0,0,-0.03415767197334674,21.034157671973347,20.5,21.5
2103.0,20.825817219066977,21.03137721047523,6.9304898604275404,21.0,0,-0.03137721047523101,21.03137721047523,20.5,21.5
2104.0,20.82303815359525,21.028597214577484,6.930032988944623,21.0,0,-0.02859721457748421,21.028597214577484,20.5,21.5
2105.0,20.82025955256232,21.02581768389282,6.929574647657626,21.0,0,-0.025817683892821464,21.02581768389282,20.5,21.5
2106.0,20.817481415581337,21.0230386180341,6.929114836915597,21.0,0,-0.02303861803410001,21.0230386180341,20.5,21.5
2107.0,20.814703742265603,21.02026001661432,6.928653557068699,21.0,0,-0.0202600166143192,21.02026001661432,20.5,21.5
2108.0,20.811926532228565,21.01748187924664,6.92819080846822,21.0,0,-0.017481879246638243,21.01748187924664,20.5,21.5
2109.0,20.809149785083815,21.014704205544348,6.927726591466562,21.0,0,-0.014704205544347815,21.014704205544348,20.5,21.5
2110.0,20.80637350044509,21.011926995120902,6.927260906417246,21.0,0,-0.011926995120902006,21.011926995120902,20.5,21.5
2111.0,20.803597677926284,21.00915024758989,6.926793753674912,21.0,0,-0.009150247589889915,21.00915024758989,20.5,21.5
2112.0,20.800822317141435,21.006373962565057,6.926325133595316,21.0,0,-0.0063739625650569565,21.006373962565057,20.5,21.5
2113.0,20.798047417704726,21.00359813966029,6.925855046535334,21.0,0,-0.0035981396602906557,21.00359813966029,20.5,21.5
2114.0,20.795272979230493,21.000822778489624,6.925383492852958,21.0,0,-0.0008227784896241985,21.000822778489624,20.5,21.5
2115.0,20.79249900133322,20.998047878667247,6.924910472907294,21.0,0,0.0019521213327529097,20.998047878667247,20.5,21.5
2116.0,20.789725483627535,20.995273439807498,6.924435987058571,21.0,0,0.00472656019250195,20.995273439807498,20.5,21.5
2117.0,20.78695242572822,20.992499461524858,6.923960035668127,21.0,0,0.007500538475142093,20.992499461524858,20.5,21.5
2118.0,20.78417982725021,20.989725943433957,6.923482619098422,21.0,0,0.0102740565660433,20.989725943433957,20.5,21.5
2119.0,20.781407687808578,20.98695288514957,6.92300373771303,21.0,0,0.013047114850429864,20.98695288514957,20.5,21.5
2120.0,20.77863600701856,20.98418028628664,6.922523391876638,21.0,0,0.015819713713359107,20.98418028628664,20.5,21.5
2121.0,20.775864784495532,20.98140814646024,6.922041581955051,21.0,0,0.01859185353976045,20.98140814646024,20.5,21.5
2122.0,20.773094019855023,20.9786364652856,6.921558308315188,21.0,0,0.02136353471439989,20.9786364652856,20.5,21.5
2123.0,20.770323712712717,20.975865242378102,6.921073571325084,21.0,0,0.024134757621897762,20.975865242378102,20.5,21.5
2124.0,20.76755386268444,20.97309447735328,6.920587371353886,21.0,0,0.026905522646721636,20.97309447735328,20.5,21.5
2125.0,20.764784469386175,20.970324169826803,6.920099708771858,21.0,0,0.02967583017319697,20.970324169826803,20.5,21.5
2126.0,20.762015532434052,20.967554319414507,6.919610583950374,21.0,0,0.03244568058549291,20.967554319414507,20.5,21.5
2127.0,20.759247051444355,20.96478492573237,6.919119997261925,21.0,0,0.035215074267629376,20.96478492573237,20.5,21.5
2128.0,20.756479026033517,20.962015988396534,6.918627949080115,21.0,0,0.03798401160346643,20.962015988396534,20.5,21.5
2129.0,20.753711455818127,20.95924750702327,6.918134439779659,21.0,0,0.040752492976729116,20.95924750702327,20.5,21.5
2130.0,20.750944340414918,20.956479481229017,6.917639469736386,21.0,0,0.04352051877098262,20.956479481229017,20.5,21.5
2131.0,20.748177679440783,20.953711910630368,6.917143039327238,21.0,0,0.046288089369632246,20.953711910630368,20.5,21.5
2132.0,20.74541147251276,20.950944794844048,6.916645148930266,21.0,0,0.04905520515595185,20.950944794844048,20.5,21.5
2133.0,20.742645719248046,20.948178133486955,6.916145798924639,21.0,0,0.05182186651304477,20.948178133486955,20.5,21.5
2134.0,20.73988041926398,20.945411926176124,6.91564498969063,21.0,0,0.05458807382387576,20.945411926176124,20.5,21.5
2135.0,20.737115572178066,20.94264617252875,6.915142721609629,21.0,0,0.05735382747124973,20.94264617252875,20.5,21.5
2136.0,20.73435117760795,20.939880872162185,6.914638995064134,21.0,0,0.060119127837815256,20.939880872162185,20.5,21.5
2137.0,20.731587235171443,20.937116024693918,6.9141338104377565,21.0,0,0.06288397530608236,20.937116024693918,20.5,21.5
2138.0,20.728823744486498,20.934351629741606,6.913627168115215,21.0,0,0.0656483702583941,20.934351629741606,20.5,21.5
2139.0,20.726060705171225,20.93158768692306,6.91311906848234,21.0,0,0.06841231307694073,20.93158768692306,20.5,21.5
2140.0,20.723298116843885,20.92882419585622,6.912609511926071,21.0,0,0.07117580414378111,20.92882419585622,20.5,21.5
2141.0,20.720535979122904,20.92606115615921,6.9120984988344585,21.0,0,0.0739388438407893,20.92606115615921,20.5,21.5
2142.0,20.717774291626846,20.923298567450292,6.91158602959666,21.0,0,0.07670143254970796,20.923298567450292,20.5,21.5
2143.0,20.715013053974438,20.92053642934788,6.911072104602945,21.0,0,0.07946357065211984,20.92053642934788,20.5,21.5
2144.0,20.712252265784564,20.917774741470545,6.910556724244687,21.0,0,0.08222525852945495,20.917774741470545,20.5,21.5
2145.0,20.709491926676254,20.91501350343702,6.9100398889143735,21.0,0,0.08498649656297985,20.91501350343702,20.5,21.5
2146.0,20.7067320362687,20.91225271486618,6.909521599005595,21.0,0,0.08774728513381902,20.91225271486618,20.5,21.5
2147.0,20.70397259418125,20.909492375377063,6.909001854913052,21.0,0,0.09050762462293704,20.909492375377063,20.5,21.5
2148.0,20.701213600033395,20.906732484588854,6.908480657032554,21.0,0,0.09326751541114575,20.906732484588854,20.5,21.5
2149.0,20.698455053444796,20.903973042120903,6.907958005761014,21.0,0,0.0960269578790971,20.903973042120903,20.5,21.5
2150.0,20.69569695403526,20.901214047592703,6.907433901496454,21.0,0,0.09878595240729737,20.901214047592703,20.5,21.5
2151.0,20.69293930142475,20.898455500623914,6.906908344638002,21.0,0,0.1015444993760859,20.898455500623914,20.5,21.5
2152.0,20.690182095233393,20.895697400834344,6.906381335585894,21.0,0,0.10430259916565632,20.895697400834344,20.5,21.5
2153.0,20.687425335081464,20.892939747843958,6.905852874741469,21.0,0,0.10706025215604242,20.892939747843958,20.5,21.5
2154.0,20.684669020589396,20.89018254127288,6.905322962507173,21.0,0,0.10981745872712168,20.89018254127288,20.5,21.5
2155.0,20.68191315137778,20.88742578074138,6.904791599286557,21.0,0,0.11257421925861877,20.88742578074138,20.5,21.5
2156.0,20.679157727067363,20.884669465869905,6.904258785484277,21.0,0,0.11533053413009497,20.884669465869905,20.5,21.5
2157.0,20.676402747279045,20.881913596279038,6.903724521506096,21.0,0,0.11808640372096235,20.881913596279038,20.5,21.5
2158.0,20.67364821163389,20.879158171589523,6.903188807758877,21.0,0,0.12084182841047664,20.879158171589523,20.5,21.5
2159.0,20.670894119753115,20.876403191422266,6.9026516446505894,21.0,0,0.1235968085777337,20.876403191422266,20.5,21.5
2160.0,20.668140471258095,20.87364865539833,6.902113032590307,21.0,0,0.12635134460166952,20.87364865539833,20.5,21.5
2161.0,20.665387265770363,20.87089456313893,6.901572971988207,21.0,0,0.1291054368610709,20.87089456313893,20.5,21.5
2162.0,20.662634502911608,20.868140914265442,6.901031463255567,21.0,0,0.13185908573455762,20.868140914265442,20.5,21.5
2163.0,20.659882182303676,20.8653877083994,6.900488506804772,21.0,0,0.1346122916006003,20.8653877083994,20.5,21.5
2164.0,20.657130303568575,20.86263494516249,6.899944103049306,21.0,0,0.1373650548375096,20.86263494516249,20.5,21.5
2165.0,20.65437886632847,20.859882624176567,6.8993982524037545,21.0,0,0.14011737582343287,20.859882624176567,20.5,21.5
2166.0,20.651627870205687,20.857130745063632,6.898850955283808,21.0,0,0.14286925493636815,20.857130745063632,20.5,21.5
2167.0,20.648877314822702,20.85437930744585,6.898302212106257,21.0,0,0.1456206925541501,20.85437930744585,20.5,21.5
2168.0,20.64612719980216,20.851628310945546,6.8977520232889935,21.0,0,0.14837168905445353,20.851628310945546,20.5,21.5
2169.0,20.643377524766855,20.848877755185203,6.89720038925101,21.0,0,0.15112224481479686,20.848877755185203,20.5,21.5
2170.0,20.64062828933975,20.846127639787458,6.896647310412399,21.0,0,0.15387236021254225,20.846127639787458,20.5,21.5
2171.0,20.637879493143966,20.843377964375115,6.896092787194355,21.0,0,0.15662203562488486,20.843377964375115,20.5,21.5
2172.0,20.635131135802776,20.840628728571126,6.895536820019172,21.0,0,0.1593712714288742,20.840628728571126,20.5,21.5
2173.0,20.63238321693962,20.83787993199862,6.894979409310242,21.0,0,0.16212006800137857,20.83787993199862,20.5,21.5
2174.0,20.629635736178095,20.83513157428087,6.894420555492058,21.0,0,0.1648684257191313,20.83513157428087,20.5,21.5
2175.0,20.626888693141957,20.83238365504131,6.893860258990212,21.0,0,0.1676163449586916,20.83238365504131,20.5,21.5
2176.0,20.624142087455127,20.829636173903545,6.893298520231393,21.0,0,0.17036382609645528,20.829636173903545,20.5,21.5
2177.0,20.621395918741683,20.826889130491328,6.892735339643391,21.0,0,0.1731108695086725,20.826889130491328,20.5,21.5
2178.0,20.618650186625864,20.824142524428574,6.892170717655091,21.0,0,0.1758574755714264,20.824142524428574,20.5,21.5
2179.0,20.615904890732068,20.82139635533937,6.8916046546964775,21.0,0,0.1786036446606296,20.82139635533937,20.5,21.5
2180.0,20.61316003068486,20.81865062284795,6.891037151198634,21.0,0,0.18134937715204913,20.81865062284795,20.5,21.5
2181.0,20.610415606108962,20.81590532657872,6.890468207593736,21.0,0,0.18409467342128139,20.81590532657872,20.5,21.5
2182.0,20.607671616629258,20.81316046615623,6.889897824315062,21.0,0,0.18683953384377006,20.81316046615623,20.5,21.5
2183.0,20.604928061870794,20.81041604120522,6.889326001796981,21.0,0,0.18958395879478118,20.81041604120522,20.5,21.5
2184.0,20.60218494145878,20.807672051350558,6.888752740474962,21.0,0,0.19232794864944225,20.807672051350558,20.5,21.5
2185.0,20.599442255018584,20.804928496217304,6.888178040785569,21.0,0,0.195071503782696,20.804928496217304,20.5,21.5
2186.0,20.596700002175737,20.80218537543066,6.887601903166459,21.0,0,0.19781462456933951,20.80218537543066,20.5,21.5
2187.0,20.593958182555934,20.799442688615994,6.887024328056388,21.0,0,0.20055731138400645,20.799442688615994,20.5,21.5
2188.0,20.591216795785034,20.79670043539884,6.886445315895202,21.0,0,0.20329956460115994,20.79670043539884,20.5,21.5
2189.0,20.588475841489057,20.793958615404897,6.885864867123846,21.0,0,0.20604138459510324,20.793958615404897,20.5,21.5
2190.0,20.585735319294184,20.791217228260017,6.885282982184357,21.0,0,0.20878277173998327,20.791217228260017,20.5,21.5
2191.0,20.58299522882676,20.788476273590224,6.884699661519864,21.0,0,0.21152372640977646,20.788476273590224,20.5,21.5
2192.0,20.580255569713298,20.785735751021697,6.884114905574593,21.0,0,0.21426424897830287,20.785735751021697,20.5,21.5
2193.0,20.57751634158047,20.78299566018078,6.883528714793861,21.0,0,0.21700433981921918,20.78299566018078,20.5,21.5
2194.0,20.574777544055113,20.780256000693992,6.882941089624076,21.0,0,0.21974399930600796,20.780256000693992,20.5,21.5
2195.0,20.57203917676423,20.777516772188,6.882352030512742,21.0,0,0.22248322781199903,20.777516772188,20.5,21.5
2196.0,20.56930123933498,20.77477797428964,6.881761537908451,21.0,0,0.22522202571035876,20.77477797428964,20.5,21.5
2197.0,20.566563731394695,20.772039606625924,6.881169612260891,21.0,0,0.22796039337407592,20.772039606625924,20.5,21.5
2198.0,20.563826652570867,20.769301668824006,6.880576254020838,21.0,0,0.2306983311759936,20.769301668824006,20.5,21.5
2199.0,20.561090002491156,20.766564160511216,6.87998146364016,21.0,0,0.23343583948878432,20.766564160511216,20.5,21.5
2200.0,20.558353780783385,20.763827081315046,6.879385241571817,21.0,0,0.23617291868495371,20.763827081315046,20.5,21.5
2201.0,20.555617987075543,20.761090430863156,6.878787588269857,21.0,0,0.2389095691368439,20.761090430863156,20.5,21.5
2202.0,20.55288262099578,20.758354208783373,6.878188504189419,21.0,0,0.24164579121662655,20.758354208783373,20.5,21.5
2203.0,20.55014768217242,20.755618414703683,6.877587989786731,21.0,0,0.24438158529631693,20.755618414703683,20.5,21.5
2204.0,20.54741317023394,20.752883048252237,6.8769860455191125,21.0,0,0.24711695174776338,20.752883048252237,20.5,21.5
2205.0,20.544679084808998,20.75014810905736,6.8763826718449685,21.0,0,0.24985189094264015,20.75014810905736,20.5,21.5
2206.0,20.541945425526404,20.74741359674753,6.875777869223795,21.0,0,0.2525864032524687,20.74741359674753,20.5,21.5
2207.0,20.539212192015142,20.744679510951407,6.875171638116177,21.0,0,0.25532048904859295,20.744679510951407,20.5,21.5
2208.0,20.536479383904364,20.741945851297793,6.874563978983783,21.0,0,0.25805414870220744,20.741945851297793,20.5,21.5
2209.0,20.53374700082338,20.73921261741568,6.873954892289374,21.0,0,0.26078738258431855,20.73921261741568,20.5,21.5
2210.0,20.531015042401673,20.736479808934213,6.873344378496795,21.0,0,0.26352019106578695,20.736479808934213,20.5,21.5
2211.0,20.528283508268892,20.73374742548271,6.8727324380709796,21.0,0,0.26625257451728856,20.73374742548271,20.5,21.5
2212.0,20.525552398054852,20.73101546669065,6.872119071477947,21.0,0,0.2689845333093501,20.73101546669065,20.5,21.5
2213.0,20.522821711389536,20.728283932187686,6.871504279184801,21.0,0,0.2717160678123136,20.728283932187686,20.5,21.5
2214.0,20.520091447903095,20.725552821603628,6.870888061659734,21.0,0,0.2744471783963718,20.725552821603628,20.5,21.5
2215.0,20.517361607225848,20.722822134568464,6.870270419372023,21.0,0,0.2771778654315362,20.722822134568464,20.5,21.5
2216.0,20.514632188988276,20.72009187071234,6.869651352792029,21.0,0,0.2799081292876586,20.72009187071234,20.5,21.5
2217.0,20.511903192821038,20.717362029665576,6.869030862391197,21.0,0,0.2826379703344237,20.717362029665576,20.5,21.5
2218.0,20.50917461835495,20.714632611058658,6.86840894864206,21.0,0,0.28536738894134217,20.714632611058658,20.5,21.5
2219.0,20.506446465221007,20.711903614522242,6.867785612018229,21.0,0,0.2880963854777576,20.711903614522242,20.5,21.5
2220.0,20.503718733050366,20.709175039687146,6.867160852994403,21.0,0,0.2908249603128539,20.709175039687146,20.5,21.5
2221.0,20.500991421474357,20.706446886184363,6.866534672046365,21.0,0,0.2935531138156371,20.706446886184363,20.5,21.5
2222.0,20.49826453012447,20.70371915364505,6.865907069650978,21.0,0,0.29628084635495,20.70371915364505,20.5,21.5
2223.0,20.495538058632373,20.700991841700535,6.865278046286188,21.0,0,0.2990081582994648,20.700991841700535,20.5,21.5
2224.0,20.492812006629904,20.698264949982313,6.864647602431024,21.0,0,0.30173505001768675,20.698264949982313,20.5,21.5
2225.0,20.490086373749065,20.695538478122053,6.864015738565597,21.0,0,0.30446152187794695,20.695538478122053,20.5,21.5
2226.0,20.48736115962203,20.69281242575159,6.863382455171098,21.0,0,0.3071875742484096,20.69281242575159,20.5,21.5
2227.0,20.48463636388114,20.69008679250292,6.8627477527298,21.0,0,0.30991320749707896,20.69008679250292,20.5,21.5
2228.0,20.48191198615891,20.68736157800823,6.862111631725057,21.0,0,0.31263842199177105,20.68736157800823,20.5,21.5
2229.0,20.47918802608802,20.684636781899847,6.861474092641302,21.0,0,0.31536321810015266,20.684636781899847,20.5,21.5
2230.0,20.47646448330133,20.6819124038103,6.860835135964049,21.0,0,0.31808759618969873,20.6819124038103,20.5,21.5
2231.0,20.473741357431862,20.67918844337227,6.860194762179892,21.0,0,0.3208115566277314,20.67918844337227,20.5,21.5
2232.0,20.47101864811281,20.6764649002186,6.859552971776503,21.0,0,0.3235350997813988,20.6764649002186,20.5,21.5
2233.0,20.468296354977543,20.67374177398233,6.8589097652426325,21.0,0,0.3262582260176714,20.67374177398233,20.5,21.5
2234.0,20.465574477659597,20.671019064296644,6.858265143068112,21.0,0,0.3289809357033562,20.671019064296644,20.5,21.5
2235.0,20.46285301579268,20.668296770794914,6.857619105743849,21.0,0,0.3317032292050861,20.668296770794914,20.5,21.5
2236.0,20.460131969010668,20.665574893110673,6.856971653761827,21.0,0,0.33442510688932714,20.665574893110673,20.5,21.5
2237.0,20.45741133694762,20.662853430877636,6.856322787615111,21.0,0,0.33714656912236407,20.662853430877636,20.5,21.5
2238.0,20.45469111923775,20.660132383729678,6.8556725077978395,21.0,0,0.3398676162703218,20.660132383729678,20.5,21.5
2239.0,20.45197131551546,20.65741175130085,6.85502081480523,21.0,0,0.34258824869915117,20.65741175130085,20.5,21.5
2240.0,20.449251925415318,20.654691533225378,6.854367709133575,21.0,0,0.3453084667746218,20.654691533225378,20.5,21.5
2241.0,20.446532948572063,20.651971729137657,6.853713191280241,21.0,0,0.34802827086234345,20.651971729137657,20.5,21.5
2242.0,20.443814384620605,20.64925233867225,6.8530572617436745,21.0,0,0.35074766132774826,20.64925233867225,20.5,21.5
2243.0,20.44109623319603,20.646533361463906,6.852399921023393,21.0,0,0.3534666385360943,20.646533361463906,20.5,21.5
2244.0,20.438378493933598,20.643814797147535,6.85174116961999,21.0,0,0.35618520285246547,20.643814797147535,20.5,21.5
2245.0,20.435661166468737,20.64109664535822,6.851081008035133,21.0,0,0.3589033546417788,20.64109664535822,20.5,21.5
2246.0,20.43294425043705,20.63837890573122,6.850419436771564,21.0,0,0.36162109426878075,20.63837890573122,20.5,21.5
2247.0,20.430227745474316,20.63566157790196,6.8497564563330995,21.0,0,0.3643384220980401,20.63566157790196,20.5,21.5
2248.0,20.427511651216488,20.63294466150605,6.8490920672246265,21.0,0,0.36705533849395167,20.63294466150605,20.5,21.5
2249.0,20.42479596729969,20.630228156179264,6.848426269952107,21.0,0,0.369771843820736,20.630228156179264,20.5,21.5
2250.0,20.422080693360222,20.62751206155756,6.847759065022574,21.0,0,0.37248793844243977,20.62751206155756,20.5,21.5
2251.0,20.419365829034554,20.62479637727706,6.847090452944133,21.0,0,0.37520362272293895,20.62479637727706,20.5,21.5
2252.0,20.416651373959336,20.622081102974068,6.846420434225962,21.0,0,0.37791889702593195,20.622081102974068,20.5,21.5
2253.0,20.41393732777139,20.61936623828505,6.845749009378308,21.0,0,0.3806337617149502,20.61936623828505,20.5,21.5
2254.0,20.41122369010771,20.616651782846652,6.8450761789124925,21.0,0,0.38334821715334755,20.616651782846652,20.5,21.5
2255.0,20.408510460605473,20.613937736295703,6.844401943340904,21.0,0,0.3860622637042965,20.613937736295703,20.5,21.5
2256.0,20.40579763890202,20.611224098269197,6.843726303177001,21.0,0,0.3887759017308028,20.611224098269197,20.5,21.5
2257.0,20.403085224634875,20.608510868404306,6.843049258935315,21.0,0,0.3914891315956943,20.608510868404306,20.5,21.5
2258.0,20.400373217441736,20.60579804633837,6.842370811131443,21.0,0,0.3942019536616286,20.60579804633837,20.5,21.5
2259.0,20.397661616960473,20.603085631708925,6.841690960282053,21.0,0,0.39691436829107474,20.603085631708925,20.5,21.5
2260.0,20.394950422829137,20.600373624153658,6.841009706904881,21.0,0,0.3996263758463421,20.600373624153658,20.5,21.5
2261.0,20.392239634685954,20.597662023310445,6.840327051518731,21.0,0,0.4023379766895552,20.597662023310445,20.5,21.5
2262.0,20.38952925216932,20.59495082881734,6.839642994643476,21.0,0,0.4050491711826609,20.59495082881734,20.5,21.5
2263.0,20.386819274917816,20.592240040312554,6.838957536800052,21.0,0,0.4077599596874464,20.592240040312554,20.5,21.5
2264.0,20.384109702570193,20.589529657434497,6.838270678510469,21.0,0,0.4104703425655032,20.589529657434497,20.5,21.5
2265.0,20.38140053476538,20.586819679821748,6.837582420297797,21.0,0,0.41318032017825246,20.586819679821748,20.5,21.5
2266.0,20.378691771142485,20.584110107113055,6.836892762686174,21.0,0,0.4158898928869448,20.584110107113055,20.5,21.5
2267.0,20.375983411340794,20.581400938947347,6.836201706200806,21.0,0,0.4185990610526531,20.581400938947347,20.5,21.5
2268.0,20.373275454999767,20.578692174963738,6.835509251367963,21.0,0,0.4213078250362621,20.578692174963738,20.5,21.5
2269.0,20.370567901759042,20.575983814801507,6.8348153987149765,21.0,0,0.42401618519849293,20.575983814801507,20.5,21.5
2270.0,20.367860751258434,20.573275858100118,6.834120148770248,21.0,0,0.42672414189988217,20.573275858100118,20.5,21.5
2271.0,20.365154003137935,20.570568304499208,6.833423502063241,21.0,0,0.4294316955007922,20.570568304499208,20.5,21.5
2272.0,20.36244765703772,20.567861153638592,6.832725459124479,21.0,0,0.43213884636140776,20.567861153638592,20.5,21.5
2273.0,20.359741712598137,20.565154405158268,6.832026020485555,21.0,0,0.43484559484173246,20.565154405158268,20.5,21.5
2274.0,20.357036169459715,20.5624480586984,6.8313251866791225,21.0,0,0.43755194130159936,20.5624480586984,20.5,21.5
2275.0,20.354331027263157,20.559742113899347,6.830622958238894,21.0,0,0.4402578861006532,20.559742113899347,20.5,21.5
2276.0,20.351626285649353,20.55703657040163,6.82991933569965,21.0,0,0.44296342959837176,20.55703657040163,20.5,21.5
2277.0,20.348921944259363,20.55433142784596,6.829214319597227,21.0,0,0.445668572154041,20.55433142784596,20.5,21.5
2278.0,20.34621800273443,20.551626685873217,6.828507910468527,21.0,0,0.4483733141267834,20.551626685873217,20.5,21.5
2279.0,20.34351446071598,20.54892234412447,6.827800108851512,21.0,0,0.4510776558755296,20.54892234412447,20.5,21.5
2280.0,20.340811317845606,20.54621840224096,6.8270909152852015,21.0,0,0.4537815977590398,20.54621840224096,20.5,21.5
2281.0,20.338108573765094,20.54351485986411,6.8263803303096795,21.0,0,0.45648514013588937,20.54351485986411,20.5,21.5
2282.0,20.335406228116405,20.540811716635517,6.825668354466085,21.0,0,0.45918828336448314,20.540811716635517,20.5,21.5
2283.0,20.332704280541673,20.538108972196966,6.824954988296621,21.0,0,0.46189102780303415,20.538108972196966,20.5,21.5
2284.0,20.330002730683223,20.535406626190415,6.824240232344546,21.0,0,0.4645933738095849,20.535406626190415,20.5,21.5
2285.0,20.327301578183555,20.532704678258003,6.823524087154177,21.0,0,0.4672953217419966,20.532704678258003,20.5,21.5
2286.0,20.324600822685348,20.53000312804205,6.82280655327089,21.0,0,0.4699968719579495,20.53000312804205,20.5,21.5
2287.0,20.321900463831465,20.52730197518506,6.82208763124112,21.0,0,0.47269802481493883,20.52730197518506,20.5,21.5
2288.0,20.319200501264948,20.524601219329718,6.821367321612354,21.0,0,0.4753987806702824,20.524601219329718,20.5,21.5
2289.0,20.31650093462902,20.52190086011888,6.820645624933142,21.0,0,0.4780991398811203,20.52190086011888,20.5,21.5
2290.0,20.31380176356708,20.519200897195585,6.819922541753087,21.0,0,0.48079910280441496,20.519200897195585,20.5,21.5
2291.0,20.31110298772272,20.516501330203063,6.8191980726228465,21.0,0,0.483498669796937,20.516501330203063,20.5,21.5
2292.0,20.3084046067397,20.51380215878471,6.818472218094137,21.0,0,0.4861978412152901,20.51380215878471,20.5,21.5
2293.0,20.305706620261972,20.511103382584118,6.817744978719729,21.0,0,0.4888966174158824,20.511103382584118,20.5,21.5
2294.0,20.303009027933665,20.508405001245045,6.817016355053443,21.0,0,0.49159499875495527,20.508405001245045,20.5,21.5
2295.0,20.30031182939909,20.50570701441145,6.816286347650163,21.0,0,0.49429298558855095,20.50570701441145,20.5,21.5
2296.0,20.29761502430274,20.503009421727455,6.815554957065817,21.0,0,0.4969905782725448,20.503009421727455,20.5,21.5
2297.0,20.294918612289294,20.500312222837373,6.814822183857394,21.0,0,0.49968777716262736,20.500312222837373,20.5,21.5
2298.0,20.292222593003608,20.4976154173857,6.81408802858293,21.0,1,0.502384582614301,20.4976154173857,20.5,21.5
2299.0,20.294526966090725,20.49591900501711,6.813352491801518,21.0,1,0.504080994982889,20.49591900501711,20.5,21.5
2300.0,20.29683073119587,20.495222785376466,6.8126155740733,21.0,1,0.5047772146235339,20.495222785376466,20.5,21.5
2301.0,20.299133888164445,20.495526558148804,6.811877275959472,21.0,1,0.5044734418511965,20.495526558148804,20.5,21.5
2302.0,20.301436436842003,20.496830123059347,6.811137598022279,21.0,1,0.5031698769406532,20.496830123059347,20.5,21.5
2303.0,20.30373837707424,20.499133279873472,6.810396540825019,21.0,1,0.5008667201265276,20.499133279873472,20.5,21.5
2304.0,20.30603970870699,20.50143582839673,6.809654104932039,21.0,1,0.49856417160327027,20.50143582839673,20.5,21.5
2305.0,20.308340431586235,20.5037377684748,6.808910290908736,21.0,1,0.49626223152520055,20.5037377684748,20.5,21.5
2306.0,20.310640545558098,20.506039099953533,6.808165099321557,21.0,1,0.4939609000464671,20.506039099953533,20.5,21.5
2307.0,20.31294005046885,20.508339822678902,6.807418530737998,21.0,1,0.4916601773210978,20.508339822678902,20.5,21.5
2308.0,20.315238946164904,20.510639936497036,6.806670585726602,21.0,1,0.48936006350296424,20.510639936497036,20.5,21.5
2309.0,20.317537232492818,20.512939441254197,6.805921264856963,21.0,1,0.487060558745803,20.512939441254197,20.5,21.5
2310.0,20.319834909299292,20.51523833679681,6.8051705686997215,21.0,1,0.4847616632031908,20.51523833679681,20.5,21.5
2311.0,20.322131976431173,20.517536622971427,6.804418497826565,21.0,1,0.4824633770285729,20.517536622971427,20.5,21.5
2312.0,20.324428433735452,20.519834299624744,6.803665052810228,21.0,1,0.48016570037525597,20.519834299624744,20.5,21.5
2313.0,20.326724281059267,20.52213136660362,6.802910234224491,21.0,1,0.47786863339637975,20.52213136660362,20.5,21.5
2314.0,20.3290195182499,20.524427823755037,6.802154042644183,21.0,1,0.4755721762449632,20.524427823755037,20.5,21.5
2315.0,20.331314145154778,20.526723670926135,6.8013964786451755,21.0,1,0.4732763290738653,20.526723670926135,20.5,21.5
2316.0,20.333608161621477,20.529018907964193,6.800637542804387,21.0,1,0.4709810920358066,20.529018907964193,20.5,21.5
2317.0,20.335901567497714,20.53131353471665,6.79987723569978,21.0,1,0.46868646528335134,20.53131353471665,20.5,21.5
2318.0,20.338194362631356,20.533607551031064,6.799115557910361,21.0,1,0.4663924489689357,20.533607551031064,20.5,21.5
2319.0,20.340486546870412,20.535900956755167,6.798352510016181,21.0,1,0.46409904324483264,20.535900956755167,20.5,21.5
2320.0,20.34277812006304,20.53819375173682,6.7975880925983345,21.0,1,0.46180624826317995,20.53819375173682,20.5,21.5
2321.0,20.34506908205755,20.540485935824034,6.7968223062389574,21.0,1,0.4595140641759663,20.540485935824034,20.5,21.5
2322.0,20.347359432702387,20.54277750886497,6.796055151521231,21.0,1,0.4572224911350311,20.54277750886497,20.5,21.5
2323.0,20.34964917184615,20.545068470707925,6.795286629029377,21.0,1,0.45493152929207525,20.545068470707925,20.5,21.5
2324.0,20.351938299337586,20.54735882120136,6.794516739348657,21.0,1,0.45264117879863974,20.54735882120136,20.5,21.5
2325.0,20.354226815025587,20.549648560193866,6.7937454830653765,21.0,1,0.4503514398061341,20.549648560193866,20.5,21.5
2326.0,20.356514718759197,20.551937687534195,6.792972860766881,21.0,1,0.4480623124658045,20.551937687534195,20.5,21.5
2327.0,20.3588020103876,20.554226203071238,6.7921988730415555,21.0,1,0.44577379692876207,20.554226203071238,20.5,21.5
2328.0,20.36108868976013,20.55651410665403,6.791423520478826,21.0,1,0.44348589334596866,20.55651410665403,20.5,21.5
2329.0,20.363374756726273,20.55880139813177,6.790646803669156,21.0,1,0.4411986018682299,20.55880139813177,20.5,21.5
2330.0,20.365660211135662,20.561088077353787,6.78986872320405,21.0,1,0.4389119226462128,20.561088077353787,20.5,21.5
2331.0,20.367945052838074,20.563374144169565,6.78908927967605,21.0,1,0.4366258558304352,20.563374144169565,20.5,21.5
2332.0,20.370229281683443,20.56565959842873,6.788308473678736,21.0,1,0.4343404015712693,20.56565959842873,20.5,21.5
2333.0,20.37251289752184,20.567944439981076,6.787526305806726,21.0,1,0.43205556001892376,20.567944439981076,20.5,21.5
2334.0,20.374795900203498,20.57022866867652,6.786742776655675,21.0,1,0.42977133132347944,20.57022866867652,20.5,21.5
2335.0,20.37707828957879,20.572512284365146,6.785957886822274,21.0,1,0.42748771563485377,20.572512284365146,20.5,21.5
2336.0,20.37936006549824,20.574795286897178,6.785171636904251,21.0,1,0.42520471310282204,20.574795286897178,20.5,21.5
2337.0,20.381641227812523,20.577077676122997,6.784384027500369,21.0,1,0.42292232387700324,20.577077676122997,20.5,21.5
2338.0,20.38392177637246,20.579359451893122,6.783595059210429,21.0,1,0.4206405481068778,20.579359451893122,20.5,21.5
2339.0,20.386201711029027,20.581640614058227,6.782804732635261,21.0,1,0.41835938594177335,20.581640614058227,20.5,21.5
2340.0,20.388481031633347,20.58392116246914,6.782013048376736,21.0,1,0.4160788375308613,20.58392116246914,20.5,21.5
2341.0,20.390759738036696,20.58620109697683,6.781220007037755,21.0,1,0.4137989030231708,20.58620109697683,20.5,21.5
2342.0,20.393037830090496,20.588480417432425,6.780425609222253,21.0,1,0.4115195825675748,20.588480417432425,20.5,21.5
2343.0,20.39531530764632,20.590759123687196,6.7796298555352,21.0,1,0.40924087631280415,20.590759123687196,20.5,21.5
2344.0,20.3975921705559,20.593037215592567,6.778832746582595,21.0,1,0.4069627844074333,20.593037215592567,20.5,21.5
2345.0,20.399868418671105,20.59531469300012,6.778034282971473,21.0,1,0.40468530699988037,20.59531469300012,20.5,21.5
2346.0,20.402144051843965,20.597591555761575,6.777234465309897,21.0,1,0.40240844423842503,20.597591555761575,20.5,21.5
2347.0,20.404419069926657,20.599867803728806,6.776433294206965,21.0,1,0.4001321962711941,20.599867803728806,20.5,21.5
2348.0,20.406693472771515,20.602143436753842,6.7756307702728025,21.0,1,0.39785656324615815,20.602143436753842,20.5,21.5
2349.0,20.408967260231016,20.604418454688865,6.774826894118567,21.0,1,0.3955815453111349,20.604418454688865,20.5,21.5
2350.0,20.411240432157793,20.606692857386204,6.774021666356443,21.0,1,0.3933071426137964,20.606692857386204,20.5,21.5
2351.0,20.413512988404634,20.608966644698338,6.77321508759965,21.0,1,0.39103335530166206,20.608966644698338,20.5,21.5
2352.0,20.415784928824472,20.611239816477898,6.772407158462429,21.0,1,0.38876018352210195,20.611239816477898,20.5,21.5
2353.0,20.4180562532704,20.613512372577677,6.771597879560057,21.0,1,0.3864876274223228,20.613512372577677,20.5,21.5
2354.0,20.42032696159566,20.615784312850607,6.770787251508832,21.0,1,0.3842156871493927,20.615784312850607,20.5,21.5
2355.0,20.422597053653643,20.61805563714978,6.769975274926084,21.0,1,0.38194436285021993,20.61805563714978,20.5,21.5
2356.0,20.424866529297898,20.62032634532843,6.769161950430168,21.0,1,0.37967365467157066,20.62032634532843,20.5,21.5
2357.0,20.427135388382123,20.622596437239963,6.768347278640467,21.0,1,0.37740356276003695,20.622596437239963,20.5,21.5
2358.0,20.429403630760174,20.62486591273792,6.767531260177387,21.0,1,0.3751340872620794,20.62486591273792,20.5,21.5
2359.0,20.43167125628606,20.627134771675998,6.766713895662363,21.0,1,0.3728652283240024,20.627134771675998,20.5,21.5
2360.0,20.433938264813936,20.629403013908057,6.765895185717854,21.0,1,0.37059698609194314,20.629403013908057,20.5,21.5
2361.0,20.436204656198118,20.631670639288103,6.765075130967342,21.0,1,0.3683293607118969,20.631670639288103,20.5,21.5
2362.0,20.438470430293073,20.63393764767029,6.7642537320353355,21.0,1,0.36606235232970974,20.63393764767029,20.5,21.5
2363.0,20.440735586953423,20.636204038908943,6.7634309895473645,21.0,1,0.36379596109105705,20.636204038908943,20.5,21.5
2364.0,20.44300012603394,20.63846981285852,6.762606904129985,21.0,1,0.36153018714147933,20.63846981285852,20.5,21.5
2365.0,20.44526404738956,20.640734969373646,6.761781476410771,21.0,1,0.3592650306263536,20.640734969373646,20.5,21.5
2366.0,20.447527350875365,20.642999508309096,6.760954707018324,21.0,1,0.3570004916909042,20.642999508309096,20.5,21.5
2367.0,20.449790036346595,20.645263429519797,6.760126596582264,21.0,1,0.3547365704802026,20.645263429519797,20.5,21.5
2368.0,20.45205210365864,20.64752673286084,6.759297145733233,21.0,1,0.3524732671391604,20.64752673286084,20.5,21.5
2369.0,20.454313552667056,20.649789418187463,6.758466355102895,21.0,1,0.3502105818125365,20.649789418187463,20.5,21.5
2370.0,20.456574383227544,20.65205148535506,6.7576342253239305,21.0,1,0.3479485146449406,20.65205148535506,20.5,21.5
2371.0,20.458834595195963,20.65431293421918,6.756800757030046,21.0,1,0.34568706578081887,20.65431293421918,20.5,21.5
2372.0,20.46109418842833,20.656573764635528,6.755965950855961,21.0,1,0.3434262353644719,20.656573764635528,20.5,21.5
2373.0,20.463353162780816,20.658833976459967,6.755129807437418,21.0,1,0.34116602354003334,20.658833976459967,20.5,21.5
2374.0,20.465611518109746,20.661093569548502,6.754292327411178,21.0,1,0.33890643045149815,20.661093569548502,20.5,21.5
2375.0,20.467869254271605,20.663352543757316,6.753453511415016,21.0,1,0.3366474562426838,20.663352543757316,20.5,21.5
2376.0,20.470126371123033,20.66561089894273,6.752613360087727,21.0,1,0.33438910105726904,20.66561089894273,20.5,21.5
2377.0,20.472382868520825,20.66786863496123,6.751771874069124,21.0,1,0.3321313650387694,20.66786863496123,20.5,21.5
2378.0,20.474638746321933,20.670125751669453,6.750929054000036,21.0,1,0.32987424833054746,20.670125751669453,20.5,21.5
2379.0,20.476894004383468,20.672382248924198,6.750084900522305,21.0,1,0.3276177510758025,20.672382248924198,20.5,21.5
2380.0,20.479148642562695,20.674638126582416,6.749239414278792,21.0,1,0.3253618734175845,20.674638126582416,20.5,21.5
2381.0,20.481402660717038,20.676893384501216,6.748392595913371,21.0,1,0.3231066154987836,20.676893384501216,20.5,21.5
2382.0,20.483656058704078,20.679148022537866,6.747544446070931,21.0,1,0.3208519774621337,20.679148022537866,20.5,21.5
2383.0,20.48590883638155,20.68140204054979,6.746694965397375,21.0,1,0.31859795945020863,20.68140204054979,20.5,21.5
2384.0,20.488160993607355,20.683655438394567,6.74584415453962,21.0,1,0.3163445616054332,20.683655438394567,20.5,21.5
2385.0,20.490412530239542,20.685908215929935,6.744992014145594,21.0,1,0.3140917840700652,20.685908215929935,20.5,21.5
2386.0,20.492663446136323,20.688160373013794,6.744138544864241,21.0,1,0.31183962698620604,20.688160373013794,20.5,21.5
2387.0,20.49491374115607,20.690411909504192,6.743283747345514,21.0,1,0.30958809049580793,20.690411909504192,20.5,21.5
2388.0,20.497163415157306,20.692662825259344,6.742427622240379,21.0,1,0.30733717474065614,20.692662825259344,20.5,21.5
2389.0,20.499412467998724,20.69491312013762,6.741570170200812,21.0,1,0.3050868798623796,20.69491312013762,20.5,21.5
2390.0,20.501660899539164,20.697162793997542,6.740711391879799,21.0,1,0.302837206002458,20.697162793997542,20.5,21.5
2391.0,20.50390870963763,20.699411846697807,6.739851287931339,21.0,1,0.30058815330219346,20.699411846697807,20.5,21.5
2392.0,20.50615589815329,20.701660278097247,6.738989859010438,21.0,1,0.29833972190275304,20.701660278097247,20.5,21.5
2393.0,20.50840246494546,20.703908088054877,6.738127105773111,21.0,1,0.29609191194512263,20.703908088054877,20.5,21.5
2394.0,20.510648409873625,20.706155276429858,6.737263028876383,21.0,1,0.29384472357014246,20.706155276429858,20.5,21.5
2395.0,20.512893732797426,20.70840184308151,6.736397628978285,21.0,1,0.29159815691848934,20.70840184308151,20.5,21.5
2396.0,20.515138433576663,20.710647787869316,6.735530906737857,21.0,1,0.28935221213068374,20.710647787869316,20.5,21.5
2397.0,20.517382512071293,20.71289311065292,6.734662862815146,21.0,1,0.2871068893470792,20.71289311065292,20.5,21.5
2398.0,20.519625968141444,20.715137811292117,6.733793497871206,21.0,1,0.2848621887078835,20.715137811292117,20.5,21.5
2399.0,20.52186880164739,20.71738188964687,6.732922812568095,21.0,1,0.28261811035313045,20.71738188964687,20.5,21.5
2400.0,20.524111012449573,20.7196253455773,6.732050807568878,21.0,1,0.28037465442270104,20.7196253455773,20.5,21.5
2401.0,20.526352600408597,20.721868178943687,6.731177483537624,21.0,1,0.27813182105631284,20.721868178943687,20.5,21.5
2402.0,20.528593565385222,20.724110389606473,6.730302841139409,21.0,1,0.2758896103935271,20.724110389606473,20.5,21.5
2403.0,20.53083390724037,20.726351977426255,6.72942688104031,21.0,1,0.2736480225737452,20.726351977426255,20.5,21.5
2404.0,20.53307362583513,20.728592942263806,6.7285496039074095,21.0,1,0.27140705773619445,20.728592942263806,20.5,21.5
2405.0,20.535312721030746,20.73083328398004,6.727671010408791,21.0,1,0.26916671601996,20.73083328398004,20.5,21.5
2406.0,20.53755119268862,20.733073002436043,6.726791101213544,21.0,1,0.26692699756395655,20.733073002436043,20.5,21.5
2407.0,20.539789040670325,20.735312097493065,6.7259098769917545,21.0,1,0.2646879025069353,20.735312097493065,20.5,21.5
2408.0,20.542026264837588,20.73755056901251,6.725027338414515,21.0,1,0.2624494309874912,20.73755056901251,20.5,21.5
2409.0,20.544262865052303,20.739788416855944,6.724143486153917,21.0,1,0.2602115831440557,20.739788416855944,20.5,21.5
2410.0,20.546498841176522,20.7420256408851,6.723258320883052,21.0,1,0.2579743591149004,20.7420256408851,20.5,21.5
2411.0,20.548734193072463,20.74426224096187,6.722371843276012,21.0,1,0.25573775903813,20.74426224096187,20.5,21.5
2412.0,20.550968920602504,20.746498216948304,6.721484054007887,21.0,1,0.25350178305169635,20.746498216948304,20.5,21.5
2413.0,20.553203023629184,20.748733568706623,6.72059495375477,21.0,1,0.2512664312933772,20.748733568706623,20.5,21.5
2414.0,20.55543650201521,20.750968296099202,6.719704543193747,21.0,1,0.24903170390079765,20.750968296099202,20.5,21.5
2415.0,20.557669355623442,20.753202398988584,6.718812823002906,21.0,1,0.24679760101141568,20.753202398988584,20.5,21.5
2416.0,20.55990158431692,20.755435877237478,6.717919793861329,21.0,1,0.24456412276252237,20.755435877237478,20.5,21.5
2417.0,20.56213318795883,20.75766873070874,6.7170254564490985,21.0,1,0.2423312692912596,20.75766873070874,20.5,21.5
2418.0,20.564364166412528,20.75990095926541,6.7161298114472885,21.0,1,0.24009904073459154,20.75990095926541,20.5,21.5
2419.0,20.566594519541535,20.76213256277067,6.715232859537975,21.0,1,0.23786743722932968,20.76213256277067,20.5,21.5
2420.0,20.568824247209534,20.764363541087892,6.714334601404225,21.0,1,0.23563645891210783,20.764363541087892,20.5,21.5
2421.0,20.571053349280373,20.766593894080582,6.7134350377300995,21.0,1,0.23340610591941768,20.766593894080582,20.5,21.5
2422.0,20.573281825618064,20.768823621612434,6.712534169200657,21.0,1,0.23117637838756622,20.768823621612434,20.5,21.5
2423.0,20.57550967608678,20.771052723547285,6.711631996501946,21.0,1,0.22894727645271473,20.771052723547285,20.5,21.5
2424.0,20.577736900550864,20.773281199749153,6.710728520321013,21.0,1,0.2267188002508469,20.773281199749153,20.5,21.5
2425.0,20.579963498874818,20.77550905008221,6.709823741345893,21.0,1,0.22449094991779006,20.77550905008221,20.5,21.5
2426.0,20.58218947092331,20.777736274410795,6.708917660265614,21.0,1,0.2222637255892046,20.777736274410795,20.5,21.5
2427.0,20.58441481656118,20.77996287259942,6.708010277770199,21.0,1,0.22003712740058035,20.77996287259942,20.5,21.5
2428.0,20.586639535653422,20.782188844512746,6.707101594550655,21.0,1,0.21781115548725438,20.782188844512746,20.5,21.5
2429.0,20.5888636280652,20.784414190015614,6.706191611298986,21.0,1,0.21558580998438615,20.784414190015614,20.5,21.5
2430.0,20.591087093661848,20.786638908973018,6.705280328708184,21.0,1,0.2133610910269823,20.786638908973018,20.5,21.5
2431.0,20.593309932308856,20.788863001250128,6.704367747472231,21.0,1,0.2111369987498719,20.788863001250128,20.5,21.5
2432.0,20.59553214387189,20.79108646671227,6.703453868286095,21.0,1,0.2089135332877312,20.79108646671227,20.5,21.5
2433.0,20.597753728216773,20.79330930522494,6.702538691845737,21.0,1,0.20669069477505886,20.79330930522494,20.5,21.5
2434.0,20.5999746852095,20.795531516653803,6.701622218848103,21.0,1,0.20446848334619716,20.795531516653803,20.5,21.5
2435.0,20.602195014716226,20.79775310086468,6.700704449991126,21.0,1,0.20224689913532146,20.79775310086468,20.5,21.5
2436.0,20.60441471660328,20.799974057723563,6.699785385973728,21.0,1,0.20002594227643655,20.799974057723563,20.5,21.5
2437.0,20.606633790737153,20.802194387096613,6.698865027495816,21.0,1,0.19780561290338738,20.802194387096613,20.5,21.5
2438.0,20.608852236984504,20.80441408885016,6.6979433752582835,21.0,1,0.19558591114984125,20.80441408885016,20.5,21.5
2439.0,20.61107005521216,20.806633162850694,6.697020429963008,21.0,1,0.19336683714930558,20.806633162850694,20.5,21.5
2440.0,20.61328724528711,20.80885160896487,6.696096192312853,21.0,1,0.19114839103513148,20.80885160896487,20.5,21.5
2441.0,20.615503807076518,20.811069427059515,6.695170663011664,21.0,1,0.18893057294048532,20.811069427059515,20.5,21.5
2442.0,20.617719740447704,20.813286617001626,6.6942438427642745,21.0,1,0.1867133829983736,20.813286617001626,20.5,21.5
2443.0,20.619935045268168,20.815503178658357,6.6933157322764965,21.0,1,0.1844968213416429,20.815503178658357,20.5,21.5
2444.0,20.62214972140557,20.81771911189704,6.692386332255128,21.0,1,0.18228088810295873,20.81771911189704,20.5,21.5
2445.0,20.62436376872774,20.819934416585163,6.691455643407947,21.0,1,0.18006558341483725,20.819934416585163,20.5,21.5
2446.0,20.626577187102676,20.822149092590394,6.690523666443712,21.0,1,0.1778509074096064,20.822149092590394,20.5,21.5
2447.0,20.628789976398544,20.824363139780562,6.689590402072167,21.0,1,0.1756368602194378,20.824363139780562,20.5,21.5
2448.0,20.63100213648368,20.826576558023664,6.688655851004031,21.0,1,0.17342344197633608,20.826576558023664,20.5,21.5
2449.0,20.633213667226585,20.82878934718787,6.687720013951005,21.0,1,0.17121065281213177,20.82878934718787,20.5,21.5
2450.0,20.635424568495928,20.831001507141504,6.686782891625771,21.0,1,0.16899849285849555,20.831001507141504,20.5,21.5
2451.0,20.637634840160555,20.833213037753083,6.685844484741988,21.0,1,0.16678696224691691,20.833213037753083,20.5,21.5
2452.0,20.639844482089472,20.83542393889127,6.684904794014295,21.0,1,0.16457606110872902,20.83542393889127,20.5,21.5
2453.0,20.642053494151856,20.837634210424905,6.683963820158305,21.0,1,0.1623657895750945,20.837634210424905,20.5,21.5
2454.0,20.644261876217058,20.839843852223,6.6830215638906125,21.0,1,0.16015614777699838,20.839843852223,20.5,21.5
2455.0,20.64646962815459,20.842052864154734,6.682078025928785,21.0,1,0.15794713584526576,20.842052864154734,20.5,21.5
2456.0,20.648676749834145,20.844261246089452,6.681133206991369,21.0,1,0.1557387539105477,20.844261246089452,20.5,21.5
2457.0,20.650883241125577,20.84646899789667,6.6801871077978845,21.0,1,0.15353100210332826,20.84646899789667,20.5,21.5
2458.0,20.65308910189891,20.848676119446083,6.679239729068827,21.0,1,0.15132388055391743,20.848676119446083,20.5,21.5
2459.0,20.655294332024344,20.85088261060754,6.678291071525666,21.0,1,0.14911738939246177,20.85088261060754,20.5,21.5
2460.0,20.657498931372245,20.85308847125107,6.677341135890849,21.0,1,0.1469115287489302,20.85308847125107,20.5,21.5
2461.0,20.659702899813148,20.85529370124687,6.676389922887788,21.0,1,0.14470629875312824,20.85529370124687,20.5,21.5
2462.0,20.661906237217764,20.85749830046531,6.6754374332408775,21.0,1,0.14250169953469083,20.85749830046531,20.5,21.5
2463.0,20.66410894345697,20.85970226877692,6.674483667675478,21.0,1,0.14029773122307887,20.85970226877692,20.5,21.5
2464.0,20.666311018401814,20.861905606052414,6.673528626917923,21.0,1,0.13809439394758627,20.861905606052414,20.5,21.5
2465.0,20.668512461923516,20.864108312162667,6.672572311695519,21.0,1,0.13589168783733285,20.864108312162667,20.5,21.5
2466.0,20.67071327389347,20.866310386978732,6.671614722736541,21.0,1,0.13368961302126792,20.866310386978732,20.5,21.5
2467.0,20.672913454183238,20.868511830371826,6.670655860770234,21.0,1,0.13148816962817378,20.868511830371826,20.5,21.5
2468.0,20.675113002664556,20.87071264221334,6.669695726526814,21.0,1,0.12928735778665867,20.87071264221334,20.5,21.5
2469.0,20.67731191920933,20.872912822374847,6.668734320737463,21.0,1,0.1270871776251532,20.872912822374847,20.5,21.5
2470.0,20.679510203689635,20.87511237072807,6.667771644134336,21.0,1,0.12488762927193164,20.87511237072807,20.5,21.5
2471.0,20.681707855977724,20.87731128714492,6.666807697450553,21.0,1,0.12268871285507998,20.87731128714492,20.5,21.5
2472.0,20.68390487594602,20.879509571497476,6.665842481420199,21.0,1,0.12049042850252434,20.879509571497476,20.5,21.5
2473.0,20.686101263467116,20.881707223657987,6.6648759967783295,21.0,1,0.11829277634201318,20.881707223657987,20.5,21.5
2474.0,20.688297018413778,20.883904243498876,6.663908244260965,21.0,1,0.11609575650112447,20.883904243498876,20.5,21.5
2475.0,20.690492140658947,20.886100630892738,6.66293922460509,21.0,1,0.11389936910726206,20.886100630892738,20.5,21.5
2476.0,20.692686630075737,20.888296385712344,6.6619689385486565,21.0,1,0.11170361428765574,20.888296385712344,20.5,21.5
2477.0,20.694880486537432,20.890491507830625,6.660997386830578,21.0,1,0.10950849216937542,20.890491507830625,20.5,21.5
2478.0,20.69707370991749,20.8926859971207,6.6600245701907355,21.0,1,0.10731400287929915,20.8926859971207,20.5,21.5
2479.0,20.699266300089544,20.894879853455855,6.659050489369968,21.0,1,0.10512014654414514,20.894879853455855,20.5,21.5
2480.0,20.7014582569274,20.897073076709546,6.658075145110083,21.0,1,0.10292692329045394,20.897073076709546,20.5,21.5
2481.0,20.703649580305036,20.899265666755404,6.657098538153847,21.0,1,0.10073433324459558,20.899265666755404,20.5,21.5
2482.0,20.705840270096605,20.90145762346724,6.656120669244989,21.0,1,0.09854237653275888,20.90145762346724,20.5,21.5
2483.0,20.708030326176434,20.903648946719027,6.655141539128198,21.0,1,0.09635105328097282,20.903648946719027,20.5,21.5
2484.0,20.710219748419025,20.905839636384922,6.654161148549123,21.0,1,0.09416036361507807,20.905839636384922,20.5,21.5
2485.0,20.71240853669905,20.90802969233925,6.653179498254377,21.0,1,0.09197030766074832,20.90802969233925,20.5,21.5
2486.0,20.714596690891362,20.910219114456517,6.6521965889915275,21.0,1,0.08978088554348318,20.910219114456517,20.5,21.5
2487.0,20.716784210870983,20.912407902611392,6.651212421509103,21.0,1,0.08759209738860818,20.912407902611392,20.5,21.5
2488.0,20.718971096513112,20.914596056678725,6.65022699655659,21.0,1,0.08540394332127477,20.914596056678725,20.5,21.5
2489.0,20.721157347693122,20.916783576533547,6.649240314884433,21.0,1,0.0832164234664532,20.916783576533547,20.5,21.5
2490.0,20.72334296428656,20.91897046205105,6.648252377244032,21.0,1,0.08102953794895029,20.91897046205105,20.5,21.5
2491.0,20.72552794616915,20.92115671310661,6.647263184387744,21.0,1,0.0788432868933917,20.92115671310661,20.5,21.5
2492.0,20.727712293216797,20.92334232957577,6.646272737068884,21.0,1,0.076657670424229,20.92334232957577,20.5,21.5
2493.0,20.729896005305566,20.925527311334264,6.64528103604172,21.0,1,0.07447268866573609,20.925527311334264,20.5,21.5
2494.0,20.732079082311714,20.927711658257984,6.644288082061475,21.0,1,0.07228834174201637,20.927711658257984,20.5,21.5
2495.0,20.734261524111663,20.929895370223,6.643293875884328,21.0,1,0.07010462977699916,20.929895370223,20.5,21.5
2496.0,20.736443330582016,20.932078447105575,6.6422984182674085,21.0,1,0.06792155289442547,20.932078447105575,20.5,21.5
2497.0,20.738624501599553,20.934260888782124,6.641301709968801,21.0,1,0.06573911121787646,20.934260888782124,20.5,21.5
2498.0,20.740805037041227,20.936442695129255,6.640303751747544,21.0,1,0.06355730487074496,20.936442695129255,20.5,21.5
2499.0,20.74298493678417,20.938623866023747,6.639304544363625,21.0,1,0.0613761339762533,20.938623866023747,20.5,21.5
2500.0,20.745164200705684,20.940804401342554,6.638304088577984,21.0,1,0.05919559865744617,20.940804401342554,20.5,21.5
2501.0,20.74734282868326,20.942984300962802,6.637302385152511,21.0,1,0.05701569903719772,20.942984300962802,20.5,21.5
2502.0,20.74952082059455,20.945163564761806,6.636299434850047,21.0,1,0.054836435238193815,20.945163564761806,20.5,21.5
2503.0,20.7516981763174,20.947342192617036,6.635295238434383,21.0,1,0.052657807382963995,20.947342192617036,20.5,21.5
2504.0,20.753874895729826,20.94952018440617,6.634289796670258,21.0,1,0.050479815593831745,20.94952018440617,20.5,21.5
2505.0,20.756050978710014,20.951697540007036,6.633283110323358,21.0,1,0.04830245999296423,20.951697540007036,20.5,21.5
2506.0,20.758226425136336,20.95387425929765,6.63227518016032,21.0,1,0.04612574070235098,20.95387425929765,20.5,21.5
2507.0,20.76040123488734,20.95605034215621,6.631266006948728,21.0,1,0.04394965784378968,20.95605034215621,20.5,21.5
2508.0,20.76257540784175,20.95822578846108,6.630255591457108,21.0,1,0.04177421153892169,20.95822578846108,20.5,21.5
2509.0,20.764748943878473,20.960400598090807,6.629243934454938,21.0,1,0.03959940190919298,20.960400598090807,20.5,21.5
2510.0,20.766921842876588,20.962574770924125,6.628231036712639,21.0,1,0.03742522907587542,20.962574770924125,20.5,21.5
2511.0,20.769094104715354,20.96474830683993,6.627216899001574,21.0,1,0.035251693160070374,20.96474830683993,20.5,21.5
2512.0,20.771265729274212,20.966921205717302,6.626201522094055,21.0,1,0.033078794282698,20.966921205717302,20.5,21.5
2513.0,20.773436716432776,20.969093467435506,6.6251849067633355,21.0,1,0.030906532564493716,20.969093467435506,20.5,21.5
2514.0,20.775607066070844,20.971265091873978,6.624167053783612,21.0,1,0.028734908126022418,20.971265091873978,20.5,21.5
2515.0,20.777776778068386,20.973436078912336,6.623147963930025,21.0,1,0.026563921087664255,20.973436078912336,20.5,21.5
2516.0,20.77994585230556,20.97560642843038,6.622127637978653,21.0,1,0.02439357156962174,20.97560642843038,20.5,21.5
2517.0,20.782114288662694,20.977776140308073,6.621106076706521,21.0,1,0.02222385969192686,20.977776140308073,20.5,21.5
2518.0,20.7842820870203,20.97994521442558,6.620083280891592,21.0,1,0.020054785574419753,20.97994521442558,20.5,21.5
2519.0,20.786449247259075,20.98211365066323,6.619059251312769,21.0,1,0.017886349336770024,20.98211365066323,20.5,21.5
2520.0,20.788615769259884,20.984281448901527,6.618033988749895,21.0,1,0.0157185510984732,20.984281448901527,20.5,21.5
2521.0,20.79078165290378,20.98644860902117,6.617007493983753,21.0,1,0.013551390978829403,20.98644860902117,20.5,21.5
2522.0,20.792946898071996,20.98861513090303,6.615979767796061,21.0,1,0.011384869096968231,20.98861513090303,20.5,21.5
2523.0,20.79511150464594,20.99078101442816,6.61495081096948,21.0,1,0.009218985571841642,20.99078101442816,20.5,21.5
2524.0,20.797275472507206,20.992946259477783,6.613920624287604,21.0,1,0.007053740522216856,20.992946259477783,20.5,21.5
2525.0,20.799438801537562,20.99511086593332,6.612889208534965,21.0,1,0.004889134066679901,20.99511086593332,20.5,21.5
2526.0,20.80160149161896,20.997274833676357,6.611856564497032,21.0,1,0.002725166323642725,20.997274833676357,20.5,21.5
2527.0,20.803763542633536,20.999438162588667,6.610822692960206,21.0,1,0.0005618374113325331,20.999438162588667,20.5,21.5
2528.0,20.805924954463602,21.0016008525522,6.609787594711828,21.0,1,-0.0016008525522011041,21.0016008525522,20.5,21.5
2529.0,20.808085726991653,21.003762903449093,6.60875127054017,21.0,1,-0.0037629034490933577,21.003762903449093,20.5,21.5
2530.0,20.810245860100363,21.00592431516165,6.607713721234434,21.0,1,-0.005924315161649929,21.00592431516165,20.5,21.5
2531.0,20.812405353672588,21.008085087572375,6.606674947584764,21.0,1,-0.008085087572375471,21.008085087572375,20.5,21.5
2532.0,20.81456420759137,21.01024522056394,6.605634950382229,21.0,1,-0.010245220563941615,21.01024522056394,20.5,21.5
2533.0,20.81672242173993,21.01240471401921,6.6045937304188325,21.0,1,-0.012404714019208285,21.01240471401921,20.5,21.5
2534.0,20.818879996001666,21.01456356782121,6.603551288487509,21.0,1,-0.014563567821209489,21.01456356782121,20.5,21.5
2535.0,20.821036930260163,21.01672178185317,6.602507625382121,21.0,1,-0.01672178185317108,21.01672178185317,20.5,21.5
2536.0,20.823193224399187,21.01887935599849,6.601462741897468,21.0,1,-0.018879355998489444,21.01887935599849,20.5,21.5
2537.0,20.825348878302687,21.02103629014075,6.6004166388292695,21.0,1,-0.02103629014074926,21.02103629014075,20.5,21.5
2538.0,20.827503891854793,21.023192584163723,6.599369316974181,21.0,1,-0.023192584163723495,21.023192584163723,20.5,21.5
2539.0,20.829658264939816,21.025348237951352,6.598320777129784,21.0,1,-0.025348237951352104,21.025348237951352,20.5,21.5
2540.0,20.831811997442255,21.027503251387767,6.5972710200945865,21.0,1,-0.02750325138776688,21.027503251387767,20.5,21.5
2541.0,20.833965089246785,21.029657624357288,6.596220046668023,21.0,1,-0.029657624357287915,21.029657624357288,20.5,21.5
2542.0,20.83611754023827,21.031811356744402,6.595167857650457,21.0,1,-0.031811356744402275,21.031811356744402,20.5,21.5
2543.0,20.83826935030175,21.033964448433792,6.594114453843176,21.0,1,-0.03396444843379243,21.033964448433792,20.5,21.5
2544.0,20.84042051932246,21.036116899310322,6.5930598360483925,21.0,1,-0.036116899310322026,21.036116899310322,20.5,21.5
2545.0,20.842571047185807,21.038268709259036,6.592004005069244,21.0,1,-0.038268709259035916,21.038268709259036,20.5,21.5
2546.0,20.844720933777385,21.040419878165153,6.5909469617097916,21.0,1,-0.04041987816515302,21.040419878165153,20.5,21.5
2547.0,20.84687017898297,21.042570405914095,6.589888706775021,21.0,1,-0.04257040591409478,21.042570405914095,20.5,21.5
2548.0,20.84901878268853,21.04472029239145,6.588829241070837,21.0,1,-0.04472029239144959,21.04472029239145,20.5,21.5
2549.0,20.851166744780205,21.046869537482998,6.587768565404069,21.0,1,-0.046869537482997714,21.046869537482998,20.5,21.5
2550.0,20.85331406514433,21.0490181410747,6.58670668058247,21.0,1,-0.049018141074700594,21.0490181410747,20.5,21.5
2551.0,20.855460743667415,21.051166103052704,6.58564358741471,21.0,1,-0.051166103052704415,21.051166103052704,20.5,21.5
2552.0,20.857606780236164,21.053313423303344,6.584579286710381,21.0,1,-0.053313423303343654,21.053313423303344,20.5,21.5
2553.0,20.85975217473746,21.05546010171313,6.583513779279995,21.0,1,-0.05546010171313043,21.05546010171313,20.5,21.5
2554.0,20.861896927058368,21.05760613816876,6.58244706593498,21.0,1,-0.05760613816876159,21.05760613816876,20.5,21.5
2555.0,20.864041037086142,21.059751532557122,6.581379147487687,21.0,1,-0.05975153255712229,21.059751532557122,20.5,21.5
2556.0,20.866184504708222,21.061896284765286,6.580310024751381,21.0,1,-0.06189628476528597,21.061896284765286,20.5,21.5
2557.0,20.86832732981223,21.0640403946805,6.5792396985402455,21.0,1,-0.06404039468050016,21.0640403946805,20.5,21.5
2558.0,20.87046951228598,21.066183862190208,6.5781681696693814,21.0,1,-0.06618386219020778,21.066183862190208,20.5,21.5
2559.0,20.872611052017454,21.068326687182022,6.577095438954804,21.0,1,-0.06832668718202228,21.068326687182022,20.5,21.5
2560.0,20.874751948894843,21.070468869543763,6.576021507213444,21.0,1,-0.07046886954376319,21.070468869543763,20.5,21.5
2561.0,20.876892202806506,21.07261040916342,6.574946375263147,21.0,1,-0.07261040916342054,21.07261040916342,20.5,21.5
2562.0,20.879031813640996,21.074751305929173,6.573870043922675,21.0,1,-0.07475130592917267,21.074751305929173,20.5,21.5
2563.0,20.881170781287054,21.076891559729386,6.572792514011699,21.0,1,-0.07689155972938622,21.076891559729386,20.5,21.5
2564.0,20.8833091056336,21.079031170452616,6.571713786350804,21.0,1,-0.0790311704526161,21.079031170452616,20.5,21.5
2565.0,20.885446786569744,21.0811701379876,6.570633861761491,21.0,1,-0.08117013798759842,21.0811701379876,20.5,21.5
2566.0,20.887583823984784,21.083308462223254,6.569552741066166,21.0,1,-0.08330846222325405,21.083308462223254,20.5,21.5
2567.0,20.8897202177682,21.085446143048696,6.568470425088153,21.0,1,-0.08544614304869569,21.085446143048696,20.5,21.5
2568.0,20.891855967809665,21.087583180353217,6.56738691465168,21.0,1,-0.08758318035321722,21.087583180353217,20.5,21.5
2569.0,20.893991073999032,21.089719574026304,6.566302210581888,21.0,1,-0.08971957402630437,21.089719574026304,20.5,21.5
2570.0,20.89612553622635,21.091855323957624,6.565216313704828,21.0,1,-0.09185532395762408,21.091855323957624,20.5,21.5
2571.0,20.898259354381846,21.09399043003704,6.564129224847456,21.0,1,-0.09399043003703866,21.09399043003704,20.5,21.5
2572.0,20.90039252835594,21.096124892154585,6.5630409448376374,21.0,1,-0.09612489215458453,21.096124892154585,20.5,21.5
2573.0,20.902525058039238,21.0982587102005,6.561951474504146,21.0,1,-0.09825871020050059,21.0982587102005,20.5,21.5
2574.0,20.904656943322532,21.100391884065196,6.560860814676659,21.0,1,-0.10039188406519628,21.100391884065196,20.5,21.5
2575.0,20.906788184096804,21.102524413639287,6.559768966185763,21.0,1,-0.1025244136392871,21.102524413639287,20.5,21.5
2576.0,20.908918780253224,21.104656298813563,6.5586759298629485,21.0,1,-0.10465629881356264,21.104656298813563,20.5,21.5
2577.0,20.911048731683145,21.106787539479004,6.557581706540608,21.0,1,-0.10678753947900432,21.106787539479004,20.5,21.5
2578.0,20.913178038278115,21.108918135526782,6.556486297052042,21.0,1,-0.10891813552678187,21.108918135526782,20.5,21.5
2579.0,20.91530669992987,21.11104808684825,6.555389702231452,21.0,1,-0.11104808684824974,21.11104808684825,20.5,21.5
2580.0,20.91743471653033,21.113177393334958,6.554291922913942,21.0,1,-0.1131773933349578,21.113177393334958,20.5,21.5
2581.0,20.919562087971606,21.115306054878634,6.55319295993552,21.0,1,-0.11530605487863355,21.115306054878634,20.5,21.5
2582.0,20.921688814146,21.117434071371203,6.552092814133092,21.0,1,-0.11743407137120343,21.117434071371203,20.5,21.5
2583.0,20.923814894945995,21.119561442704782,6.5509914863444685,21.0,1,-0.1195614427047822,21.119561442704782,20.5,21.5
2584.0,20.925940330264275,21.121688168771662,6.54988897740836,21.0,1,-0.12168816877166222,21.121688168771662,20.5,21.5
2585.0,20.928065119993704,21.12381424946434,6.548785288164371,21.0,1,-0.12381424946433839,21.12381424946434,20.5,21.5
2586.0,20.930189264027337,21.125939684675483,6.5476804194530125,21.0,1,-0.12593968467548322,21.125939684675483,20.5,21.5
2587.0,20.932312762258423,21.128064474297968,6.546574372115688,21.0,1,-0.1280644742979682,21.128064474297968,20.5,21.5
2588.0,20.934435614580394,21.13018861822485,6.545467146994702,21.0,1,-0.1301886182248495,21.13018861822485,20.5,21.5
2589.0,20.936557820886875,21.13231211634937,6.544358744933254,21.0,1,-0.13231211634937168,21.13231211634937,20.5,21.5
2590.0,20.938679381071683,21.134434968564968,6.543249166775441,21.0,1,-0.1344349685649675,21.134434968564968,20.5,21.5
2591.0,20.940800295028822,21.136557174765265,6.542138413366253,21.0,1,-0.1365571747652652,21.136557174765265,20.5,21.5
2592.0,20.94292056265249,21.138678734844078,6.541026485551578,21.0,1,-0.13867873484407767,21.138678734844078,20.5,21.5
2593.0,20.94504018383707,21.140799648695413,6.539913384178199,21.0,1,-0.14079964869541328,21.140799648695413,20.5,21.5
2594.0,20.947159158477138,21.142919916213465,6.53879911009379,21.0,1,-0.14291991621346511,21.142919916213465,20.5,21.5
2595.0,20.949277486467462,21.14503953729262,6.537683664146919,21.0,1,-0.14503953729262165,21.14503953729262,20.5,21.5
2596.0,20.951395167702998,21.147158511827456,6.536567047187047,21.0,1,-0.1471585118274561,21.147158511827456,20.5,21.5
2597.0,20.953512202078894,21.149276839712737,6.535449260064525,21.0,1,-0.14927683971273709,21.149276839712737,20.5,21.5
2598.0,20.95562858949049,21.15139452084342,6.5343303036305995,21.0,1,-0.15139452084342153,21.15139452084342,20.5,21.5
2599.0,20.957744329833318,21.153511555114658,6.533210178737401,21.0,1,-0.1535115551146582,21.153511555114658,20.5,21.5
2600.0,20.9598594230031,21.155627942421784,6.532088886237956,21.0,1,-0.15562794242178413,21.155627942421784,20.5,21.5
2601.0,20.961973868895747,21.157743682660332,6.5309664269861765,21.0,1,-0.15774368266033179,21.157743682660332,20.5,21.5
2602.0,20.964087667407366,21.159858775726025,6.529842801836864,21.0,1,-0.15985877572602547,21.159858775726025,20.5,21.5
2603.0,20.966200818434253,21.161973221514778,6.528718011645708,21.0,1,-0.16197322151477778,21.161973221514778,20.5,21.5
2604.0,20.968313321872895,21.164087019922693,6.527592057269285,21.0,1,-0.16408701992269314,21.164087019922693,20.5,21.5
2605.0,20.970425177619973,21.166200170846068,6.526464939565058,21.0,1,-0.16620017084606786,21.166200170846068,20.5,21.5
2606.0,20.97253638557236,21.16831267418139,6.525336659391377,21.0,1,-0.16831267418139007,21.16831267418139,20.5,21.5
2607.0,20.974646945627125,21.170424529825347,6.524207217607476,21.0,1,-0.17042452982534684,21.170424529825347,20.5,21.5
2608.0,20.976756857681522,21.1725357376748,6.5230766150734745,21.0,1,-0.17253573767479935,21.1725357376748,20.5,21.5
2609.0,20.978866121633,21.174646297626822,6.521944852650374,21.0,1,-0.17464629762682193,21.174646297626822,20.5,21.5
2610.0,20.980974737379203,21.176756209578667,6.520811931200062,21.0,1,-0.17675620957866656,21.176756209578667,20.5,21.5
2611.0,20.983082704817967,21.178865473427788,6.519677851585308,21.0,1,-0.1788654734277877,21.178865473427788,20.5,21.5
2612.0,20.98519002384732,21.180974089071828,6.518542614669761,21.0,1,-0.1809740890718281,21.180974089071828,20.5,21.5
2613.0,20.987296694365483,21.18308205640862,6.517406221317957,21.0,1,-0.18308205640861885,21.18308205640862,20.5,21.5
2614.0,20.989402716270874,21.185189375336194,6.516268672395305,21.0,1,-0.1851893753361935,21.185189375336194,20.5,21.5
2615.0,20.991508089462098,21.187296045752774,6.515129968768099,21.0,1,-0.18729604575277392,21.187296045752774,20.5,21.5
2616.0,20.99361281383796,21.189402067556774,6.513990111303513,21.0,1,-0.1894020675567738,21.189402067556774,20.5,21.5
2617.0,20.99571688929745,21.191507440646795,6.512849100869596,21.0,1,-0.19150744064679515,21.191507440646795,20.5,21.5
2618.0,20.997820315739766,21.193612164921653,6.51170693833528,21.0,1,-0.19361216492165312,21.193612164921653,20.5,21.5
2619.0,20.999923093064286,21.195716240280333,6.510563624570367,21.0,1,-0.1957162402803334,21.195716240280333,20.5,21.5
2620.0,21.002025221170587,21.19781966662203,6.509419160445544,21.0,1,-0.19781966662203132,21.19781966662203,20.5,21.5
2621.0,21.00412669995844,21.199922443846127,6.508273546832369,21.0,1,-0.1999224438461269,21.199922443846127,20.5,21.5
2622.0,21.006227529327816,21.2020245718522,6.507126784603276,21.0,1,-0.20202457185219913,21.2020245718522,20.5,21.5
2623.0,21.00832770917887,21.204126050540022,6.505978874631575,21.0,1,-0.20412605054002242,21.204126050540022,20.5,21.5
2624.0,21.01042723941196,21.206226879809556,6.50482981779145,21.0,1,-0.2062268798095559,21.206226879809556,20.5,21.5
2625.0,21.012526119927635,21.208327059560965,6.503679614957955,21.0,1,-0.20832705956096476,21.208327059560965,20.5,21.5
2626.0,21.01462435062664,21.210426589694606,6.502528267007023,21.0,1,-0.21042658969460604,21.210426589694606,20.5,21.5
2627.0,21.016721931409915,21.212525470111025,6.501375774815453,21.0,1,-0.21252547011102507,21.212525470111025,20.5,21.5
2628.0,21.018818862178595,21.21462370071097,6.500222139260918,21.0,1,-0.2146237007109697,21.21462370071097,20.5,21.5
2629.0,21.02091514283401,21.216721281395383,6.499067361221965,21.0,1,-0.21672128139538316,21.216721281395383,20.5,21.5
2630.0,21.023010773277687,21.218818212065393,6.497911441578005,21.0,1,-0.21881821206539342,21.218818212065393,20.5,21.5
2631.0,21.025105753411346,21.220914492622335,6.49675438120932,21.0,1,-0.22091449262233454,21.220914492622335,20.5,21.5
2632.0,21.027200083136904,21.22301012296773,6.4955961809970635,21.0,1,-0.22301012296772882,21.22301012296773,20.5,21.5
2633.0,21.029293762356478,21.225105103003308,6.494436841823256,21.0,1,-0.22510510300330822,21.225105103003308,20.5,21.5
2634.0,21.03138679097237,21.227199432630975,6.493276364570782,21.0,1,-0.2271994326309752,21.227199432630975,20.5,21.5
2635.0,21.03347916888709,21.229293111752856,6.492114750123399,21.0,1,-0.22929311175285605,21.229293111752856,20.5,21.5
2636.0,21.03557089600334,21.231386140271255,6.490951999365724,21.0,1,-0.2313861402712547,21.231386140271255,20.5,21.5
2637.0,21.03766197222401,21.233478518088678,6.489788113183245,21.0,1,-0.2334785180886776,21.233478518088678,20.5,21.5
2638.0,21.039752397452204,21.235570245107823,6.4886230924623085,21.0,1,-0.23557024510782298,21.235570245107823,20.5,21.5
2639.0,21.041842171591206,21.23766132123159,6.48745693809013,21.0,1,-0.23766132123159167,21.23766132123159,20.5,21.5
2640.0,21.043931294544507,21.239751746363076,6.486289650954789,21.0,1,-0.23975174636307628,21.239751746363076,20.5,21.5
2641.0,21.04601976621579,21.241841520405565,6.4851212319452225,21.0,1,-0.24184152040556484,21.241841520405565,20.5,21.5
2642.0,21.048107586508934,21.243930643262548,6.483951681951233,21.0,1,-0.24393064326254787,21.243930643262548,20.5,21.5
2643.0,21.05019475532802,21.24601911483771,6.482781001863485,21.0,1,-0.24601911483771133,21.24601911483771,20.5,21.5
2644.0,21.05228127257733,21.248106935034933,6.4816091925735,21.0,1,-0.24810693503493297,21.248106935034933,20.5,21.5
2645.0,21.05436713816133,21.250194103758297,6.480436254973664,21.0,1,-0.25019410375829665,21.250194103758297,20.5,21.5
2646.0,21.056452351984692,21.25228062091208,6.47926218995722,21.0,1,-0.2522806209120816,21.25228062091208,20.5,21.5
2647.0,21.058536913952288,21.254366486400748,6.478086998418268,21.0,1,-0.2543664864007482,21.254366486400748,20.5,21.5
2648.0,21.06062082396918,21.25645170012898,6.476910681251768,21.0,1,-0.2564517001289808,21.25645170012898,20.5,21.5
2649.0,21.062704081940637,21.258536262001645,6.475733239353537,21.0,1,-0.2585362620016447,21.258536262001645,20.5,21.5
2650.0,21.06478668777212,21.2606201719238,6.474554673620248,21.0,1,-0.2606201719238008,21.2606201719238,20.5,21.5
2651.0,21.06686864136929,21.26270342980072,6.473374984949431,21.0,1,-0.2627034298007196,21.26270342980072,20.5,21.5
2652.0,21.068949942638007,21.264786035537863,6.472194174239469,21.0,1,-0.2647860355378633,21.264786035537863,20.5,21.5
2653.0,21.071030591484327,21.266867989040893,6.471012242389601,21.0,1,-0.26686798904089315,21.266867989040893,20.5,21.5
2654.0,21.073110587814508,21.268949290215666,6.4698291902999205,21.0,1,-0.2689492902156658,21.268949290215666,20.5,21.5
2655.0,21.075189931535004,21.271029938968244,6.468645018871371,21.0,1,-0.271029938968244,21.271029938968244,20.5,21.5
2656.0,21.07726862255247,21.27310993520488,6.4674597290057525,21.0,1,-0.2731099352048787,21.27310993520488,20.5,21.5
2657.0,21.079346660773762,21.27518927883203,6.4662733216057156,21.0,1,-0.2751892788320305,21.27518927883203,20.5,21.5
2658.0,21.08142404610593,21.27726796975635,6.4650857975747575,21.0,1,-0.27726796975634826,21.27726796975635,20.5,21.5
2659.0,21.083500778456223,21.27934600788469,6.463897157817232,21.0,1,-0.27934600788469055,21.27934600788469,20.5,21.5
2660.0,21.085576857732097,21.28142339312411,6.462707403238341,21.0,1,-0.28142339312411124,21.28142339312411,20.5,21.5
2661.0,21.087652283841198,21.283500125381856,6.461516534744132,21.0,1,-0.2835001253818561,21.283500125381856,20.5,21.5
2662.0,21.089727056691377,21.28557620456538,6.460324553241505,21.0,1,-0.28557620456538046,21.28557620456538,20.5,21.5
2663.0,21.091801176190685,21.287651630582335,6.459131459638204,21.0,1,-0.2876516305823351,21.287651630582335,20.5,21.5
2664.0,21.093874642247375,21.289726403340563,6.4579372548428235,21.0,1,-0.28972640334056265,21.289726403340563,20.5,21.5
2665.0,21.095947454769895,21.291800522748126,6.4567419397648,21.0,1,-0.29180052274812596,21.291800522748126,20.5,21.5
2666.0,21.098019613666896,21.293873988713266,6.455545515314421,21.0,1,-0.29387398871326553,21.293873988713266,20.5,21.5
2667.0,21.100091118847224,21.29594680114443,6.454347982402814,21.0,1,-0.2959468011444315,21.29594680114443,20.5,21.5
2668.0,21.102161970219935,21.29801895995028,6.453149341941952,21.0,1,-0.29801895995028005,21.29801895995028,20.5,21.5
2669.0,21.10423216769428,21.300090465039663,6.451949594844653,21.0,1,-0.30009046503966275,21.300090465039663,20.5,21.5
2670.0,21.10630171117971,21.302161316321627,6.450748742024576,21.0,1,-0.30216131632162657,21.302161316321627,20.5,21.5
2671.0,21.10837060058588,21.304231513705425,6.4495467843962215,21.0,1,-0.30423151370542456,21.304231513705425,20.5,21.5
2672.0,21.11043883582264,21.306301057100505,6.4483437228749345,21.0,1,-0.30630105710050515,21.306301057100505,20.5,21.5
2673.0,21.112506416800052,21.30836994641653,6.447139558376899,21.0,1,-0.3083699464165299,21.30836994641653,20.5,21.5
2674.0,21.11457334342837,21.31043818156335,6.445934291819137,21.0,1,-0.3104381815633488,21.31043818156335,20.5,21.5
2675.0,21.11663961561805,21.312505762451014,6.444727924119511,21.0,1,-0.31250576245101414,21.312505762451014,20.5,21.5
2676.0,21.118705233279748,21.314572688989788,6.443520456196724,21.0,1,-0.31457268898978796,21.314572688989788,20.5,21.5
2677.0,21.12077019632433,21.316638961090128,6.442311888970316,21.0,1,-0.3166389610901277,21.316638961090128,20.5,21.5
2678.0,21.12283450466286,21.31870457866269,6.4411022233606605,21.0,1,-0.31870457866268964,21.31870457866269,20.5,21.5
2679.0,21.124898158206598,21.320769541618336,6.439891460288974,21.0,1,-0.32076954161833626,21.320769541618336,20.5,21.5
2680.0,21.126961156867015,21.32283384986813,6.438679600677303,21.0,1,-0.3228338498681289,21.32283384986813,20.5,21.5
2681.0,21.12902350055578,21.324897503323335,6.437466645448531,21.0,1,-0.324897503323335,21.324897503323335,20.5,21.5
2682.0,21.131085189184756,21.32696050189542,6.436252595526378,21.0,1,-0.3269605018954209,21.32696050189542,20.5,21.5
2683.0,21.133146222666024,21.329022845496052,6.435037451835394,21.0,1,-0.329022845496052,21.329022845496052,20.5,21.5
2684.0,21.135206600911857,21.331084534037107,6.4338212153009655,21.0,1,-0.3310845340371067,21.331084534037107,20.5,21.5
2685.0,21.137266323834734,21.33314556743065,6.432603886849309,21.0,1,-0.33314556743064827,21.33314556743065,20.5,21.5
2686.0,21.139325391347338,21.33520594558896,6.4313854674074715,21.0,1,-0.3352059455889602,21.33520594558896,20.5,21.5
2687.0,21.14138380336255,21.337265668424514,6.430165957903335,21.0,1,-0.33726566842451433,21.337265668424514,20.5,21.5
2688.0,21.14344155979346,21.339324735850006,6.428945359265606,21.0,1,-0.3393247358500062,21.339324735850006,20.5,21.5
2689.0,21.145498660553354,21.341383147778302,6.427723672423827,21.0,1,-0.34138314777830203,21.341383147778302,20.5,21.5
2690.0,21.14755510555573,21.343440904122495,6.426500898308364,21.0,1,-0.3434409041224953,21.343440904122495,20.5,21.5
2691.0,21.14961089471428,21.34549800479589,6.425277037850411,21.0,1,-0.3454980047958891,21.34549800479589,20.5,21.5
2692.0,21.151666027942905,21.34755444971196,6.424052091981993,21.0,1,-0.3475544497119607,21.34755444971196,20.5,21.5
2693.0,21.153720505155714,21.349610238784415,6.422826061635959,21.0,1,-0.34961023878441466,21.349610238784415,20.5,21.5
2694.0,21.15577432626701,21.351665371927147,6.421598947745984,21.0,1,-0.3516653719271474,21.351665371927147,20.5,21.5
2695.0,21.157827491191306,21.35371984905426,6.420370751246571,21.0,1,-0.35371984905426146,21.35371984905426,20.5,21.5
2696.0,21.159879999843316,21.35577367008007,6.419141473073042,21.0,1,-0.3557736700800689,21.35577367008007,20.5,21.5
2697.0,21.16193185213796,21.35782683491908,6.417911114161547,21.0,1,-0.35782683491908074,21.35782683491908,20.5,21.5
2698.0,21.163983047990367,21.35987934348601,6.416679675449058,21.0,1,-0.3598793434860106,21.35987934348601,20.5,21.5
2699.0,21.16603358731586,21.36193119569578,6.415447157873368,21.0,1,-0.3619311956957816,21.36193119569578,20.5,21.5
2700.0,21.16808347002997,21.363982391463516,6.414213562373095,21.0,1,-0.36398239146351585,21.363982391463516,20.5,21.5
2701.0,21.170132696048437,21.36603293070454,6.412978889887674,21.0,1,-0.36603293070454157,21.36603293070454,20.5,21.5
2702.0,21.172181265287204,21.36808281333439,6.411743141357363,21.0,1,-0.3680828133343894,21.36808281333439,20.5,21.5
2703.0,21.17422917766242,21.3701320392688,6.410506317723236,21.0,1,-0.3701320392687997,21.3701320392688,20.5,21.5
2704.0,21.17627643309043,21.37218060842371,6.409268419927189,21.0,1,-0.3721806084237116,21.37218060842371,20.5,21.5
2705.0,21.178323031487796,21.374228520715274,6.408029448911936,21.0,1,-0.374228520715274,21.374228520715274,20.5,21.5
2706.0,21.18036897277128,21.37627577605984,6.406789405621009,21.0,1,-0.3762757760598383,21.37627577605984,20.5,21.5
2707.0,21.18241425685785,21.378322374373973,6.40554829099875,21.0,1,-0.37832237437397254,21.378322374373973,20.5,21.5
2708.0,21.18445888366468,21.380368315574422,6.404306105990325,21.0,1,-0.3803683155744224,21.380368315574422,20.5,21.5
2709.0,21.186502853109143,21.382413599578165,6.403062851541712,21.0,1,-0.38241359957816456,21.382413599578165,20.5,21.5
2710.0,21.18854616510883,21.384458226302375,6.401818528599701,21.0,1,-0.3844582263023746,21.384458226302375,20.5,21.5
2711.0,21.190588819581528,21.386502195664427,6.400573138111902,21.0,1,-0.386502195664427,21.386502195664427,20.5,21.5
2712.0,21.192630816445234,21.388545507581902,6.399326681026731,21.0,1,-0.3885455075819024,21.388545507581902,20.5,21.5
2713.0,21.19467215561815,21.390588161972595,6.39807915829342,21.0,1,-0.3905881619725946,21.390588161972595,20.5,21.5
2714.0,21.196712837018683,21.392630158754507,6.3968305708620115,21.0,1,-0.3926301587545069,21.392630158754507,20.5,21.5
2715.0,21.198752860565452,21.39467149784583,6.39558091968336,21.0,1,-0.394671497845831,21.39467149784583,20.5,21.5
2716.0,21.200792226177278,21.396712179164986,6.394330205709129,21.0,1,-0.3967121791649859,21.396712179164986,20.5,21.5
2717.0,21.202830933773186,21.398752202630572,6.3930784298917915,21.0,1,-0.3987522026305719,21.398752202630572,20.5,21.5
2718.0,21.20486898327241,21.40079156816142,6.391825593184629,21.0,1,-0.40079156816142003,21.40079156816142,20.5,21.5
2719.0,21.206906374594393,21.40283027567656,6.390571696541731,21.0,1,-0.4028302756765605,21.40283027567656,20.5,21.5
2720.0,21.208943107658783,21.404868325095226,6.3893167409179945,21.0,1,-0.40486832509522586,21.404868325095226,20.5,21.5
2721.0,21.210979182385433,21.40690571633686,6.3880607272691226,21.0,1,-0.40690571633685835,21.40690571633686,20.5,21.5
2722.0,21.21301459869441,21.4089424493211,6.386803656551626,21.0,1,-0.40894244932109913,21.4089424493211,20.5,21.5
2723.0,21.215049356505983,21.410978523967813,6.385545529722817,21.0,1,-0.4109785239678132,21.410978523967813,20.5,21.5
2724.0,21.217083455740624,21.413013940197054,6.384286347740813,21.0,1,-0.41301394019705384,21.413013940197054,20.5,21.5
2725.0,21.219116896319026,21.4150486979291,6.383026111564539,21.0,1,-0.4150486979291017,21.4150486979291,20.5,21.5
2726.0,21.221149678162075,21.41708279708443,6.381764822153717,21.0,1,-0.4170827970844293,21.41708279708443,20.5,21.5
2727.0,21.223181801190872,21.419116237583722,6.3805024804688735,21.0,1,-0.4191162375837223,21.419116237583722,20.5,21.5
2728.0,21.225213265326726,21.421149019347872,6.3792390874713405,21.0,1,-0.4211490193478724,21.421149019347872,20.5,21.5
2729.0,21.227244070491157,21.423181142297977,6.377974644123242,21.0,1,-0.42318114229797743,21.423181142297977,20.5,21.5
2730.0,21.229274216605884,21.42521260635535,6.376709151387508,21.0,1,-0.4252126063553483,21.42521260635535,20.5,21.5
2731.0,21.23130370359284,21.427243411441502,6.375442610227868,21.0,1,-0.427243411441502,21.427243411441502,20.5,21.5
2732.0,21.233332531374167,21.42927355747816,6.3741750216088455,21.0,1,-0.42927355747816165,21.42927355747816,20.5,21.5
2733.0,21.235360699872214,21.431303044387256,6.372906386495767,21.0,1,-0.4313030443872563,21.431303044387256,20.5,21.5
2734.0,21.237388209009538,21.43333187209093,6.371636705854753,21.0,1,-0.43333187209092827,21.43333187209093,20.5,21.5
2735.0,21.239415058708907,21.435360040511533,6.370365980652719,21.0,1,-0.435360040511533,21.435360040511533,20.5,21.5
2736.0,21.241441248893295,21.43738754957162,6.3690942118573775,21.0,1,-0.4373875495716213,21.43738754957162,20.5,21.5
2737.0,21.24346677948589,21.43941439919397,6.367821400437236,21.0,1,-0.4394143991939714,21.43941439919397,20.5,21.5
2738.0,21.24549165041008,21.441440589301543,6.3665475473615984,21.0,1,-0.44144058930154273,21.441440589301543,20.5,21.5
2739.0,21.24751586158947,21.44346611981753,6.365272653600557,21.0,1,-0.44346611981752915,21.44346611981753,20.5,21.5
2740.0,21.249539412947872,21.445490990665327,6.363996720124997,21.0,1,-0.44549099066532705,21.445490990665327,20.5,21.5
2741.0,21.25156230440931,21.44751520176853,6.362719747906601,21.0,1,-0.44751520176853177,21.44751520176853,20.5,21.5
2742.0,21.253584535898007,21.449538753050952,6.361441737917836,21.0,1,-0.4495387530509518,21.449538753050952,20.5,21.5
2743.0,21.255606107338412,21.451561644436616,6.360162691131963,21.0,1,-0.45156164443661595,21.451561644436616,20.5,21.5
2744.0,21.25762701865517,21.453583875849755,6.358882608523032,21.0,1,-0.45358387584975546,21.453583875849755,20.5,21.5
2745.0,21.259647269773144,21.45560544721481,6.357601491065884,21.0,1,-0.4556054472148112,21.45560544721481,20.5,21.5
2746.0,21.261666860617403,21.45762635845643,6.3563193397361415,21.0,1,-0.4576263584564302,21.45762635845643,20.5,21.5
2747.0,21.263685791113225,21.45964660949948,6.35503615551022,21.0,1,-0.45964660949947955,21.45964660949948,20.5,21.5
2748.0,21.265704061186106,21.46166620026902,6.3537519393653215,21.0,1,-0.4616662002690184,21.46166620026902,20.5,21.5
2749.0,21.26772167076174,21.46368513069033,6.352466692279431,21.0,1,-0.46368513069032957,21.46368513069033,20.5,21.5
2750.0,21.269738619766045,21.46570340068891,6.351180415231321,21.0,1,-0.46570340068890914,21.46570340068891,20.5,21.5
2751.0,21.27175490812514,21.46772101019046,6.349893109200546,21.0,1,-0.4677210101904592,21.46772101019046,20.5,21.5
2752.0,21.273770535765355,21.469737959120884,6.348604775167447,21.0,1,-0.46973795912088434,21.469737959120884,20.5,21.5
2753.0,21.275785502613235,21.471754247406313,6.347315414113146,21.0,1,-0.471754247406313,21.471754247406313,20.5,21.5
2754.0,21.277799808595535,21.473769874973073,6.346025027019547,21.0,1,-0.47376987497307255,21.473769874973073,20.5,21.5
2755.0,21.27981345363922,21.475784841747707,6.344733614869336,21.0,1,-0.4757848417477071,21.475784841747707,20.5,21.5
2756.0,21.281826437671466,21.477799147656974,6.343441178645981,21.0,1,-0.47779914765697384,21.477799147656974,20.5,21.5
2757.0,21.28383876061966,21.479812792627833,6.342147719333726,21.0,1,-0.4798127926278326,21.479812792627833,20.5,21.5
2758.0,21.285850422411404,21.48182577658747,6.340853237917599,21.0,1,-0.4818257765874705,21.48182577658747,20.5,21.5
2759.0,21.287861422974505,21.483838099463263,6.339557735383401,21.0,1,-0.48383809946326295,21.483838099463263,20.5,21.5
2760.0,21.289871762236988,21.485849761182816,6.3382612127177165,21.0,1,-0.4858497611828163,21.485849761182816,20.5,21.5
2761.0,21.291881440127085,21.487860761673943,6.3369636709079025,21.0,1,-0.487860761673943,21.487860761673943,20.5,21.5
2762.0,21.29389045657324,21.489871100864658,6.335665110942093,21.0,1,-0.4898711008646579,21.489871100864658,20.5,21.5
2763.0,21.295898811504113,21.491880778683203,6.3343655338091995,21.0,1,-0.49188077868320335,21.491880778683203,20.5,21.5
2764.0,21.297906504848573,21.493889795058017,6.333064940498905,21.0,1,-0.493889795058017,21.493889795058017,20.5,21.5
2765.0,21.2999135365357,21.495898149917757,6.331763332001668,21.0,1,-0.4958981499177568,21.495898149917757,20.5,21.5
2766.0,21.301919906494795,21.4979058431913,6.330460709308721,21.0,1,-0.49790584319130105,21.4979058431913,20.5,21.5
2767.0,21.30392561465536,21.499912874807727,6.329157073412068,21.0,1,-0.49991287480772684,21.499912874807727,20.5,21.5
2768.0,21.30593066094711,21.50191924469633,6.327852425304483,21.0,0,-0.5019192446963316,21.50191924469633,20.5,21.5
2769.0,21.30293504529998,21.50292495278661,6.326546765979514,21.0,0,-0.5029249527866106,21.50292495278661,20.5,21.5
2770.0,21.299939767644116,21.502930199008297,6.325240096431475,21.0,0,-0.502930199008297,21.502930199008297,20.5,21.5
2771.0,21.296944827709872,21.501935183251312,6.323932417655453,21.0,0,-0.5019351832513124,21.501935183251312,20.5,21.5
2772.0,21.29395022522786,21.499940105365816,6.3226237306473045,21.0,0,-0.4999401053658161,21.499940105365816,20.5,21.5
2773.0,21.290955959928944,21.49694516516218,6.321314036403647,21.0,0,-0.496945165162181,21.49694516516218,20.5,21.5
2774.0,21.28796203154424,21.493950562411033,6.320003335921873,21.0,0,-0.4939505624110332,21.493950562411033,20.5,21.5
2775.0,21.284968439805116,21.490956296843233,6.318691630200138,21.0,0,-0.4909562968432333,21.490956296843233,20.5,21.5
2776.0,21.281975184443194,21.4879623681899,6.317378920237361,21.0,0,-0.48796236818990124,21.4879623681899,20.5,21.5
2777.0,21.278982265190354,21.484968776182395,6.316065207033229,21.0,0,-0.4849687761823951,21.484968776182395,20.5,21.5
2778.0,21.27598968177872,21.481975520552353,6.3147504915881925,21.0,0,-0.4819755205523535,21.481975520552353,20.5,21.5
2779.0,21.272997433940684,21.47898260103164,6.313434774903462,21.0,0,-0.4789826010316389,21.47898260103164,20.5,21.5
2780.0,21.270005521408876,21.47599001735239,6.3121180579810146,21.0,0,-0.475990017352391,21.47599001735239,20.5,21.5
2781.0,21.26701394391619,21.47299776924699,6.310800341823588,21.0,0,-0.4729977692469909,21.47299776924699,20.5,21.5
2782.0,21.26402270119577,21.470005856448076,6.30948162743468,21.0,0,-0.4700058564480756,21.470005856448076,20.5,21.5
2783.0,21.26103179298102,21.467014278688538,6.308161915818548,21.0,0,-0.46701427868853784,21.467014278688538,20.5,21.5
2784.0,21.258041219005587,21.46402303570152,6.306841207980211,21.0,0,-0.46402303570151915,21.46402303570152,20.5,21.5
2785.0,21.255050979003382,21.461032127220417,6.305519504925446,21.0,0,-0.46103212722041675,21.461032127220417,20.5,21.5
2786.0,21.252061072708567,21.45804155297889,6.304196807660784,21.0,0,-0.4580415529788908,21.45804155297889,20.5,21.5
2787.0,21.249071499855557,21.45505131271085,6.302873117193521,21.0,0,-0.4550513127108502,21.45505131271085,20.5,21.5
2788.0,21.246082260179023,21.452061406150452,6.301548434531702,21.0,0,-0.4520614061504524,21.452061406150452,20.5,21.5
2789.0,21.243093353413894,21.44907183303211,6.300222760684132,21.0,0,-0.44907183303211085,21.44907183303211,20.5,21.5
2790.0,21.240104779295347,21.446082593090505,6.298896096660368,21.0,0,-0.44608259309050524,21.446082593090505,20.5,21.5
2791.0,21.23711653755882,21.443093686060553,6.297568443470722,21.0,0,-0.44309368606055344,21.443093686060553,20.5,21.5
2792.0,21.234128627940002,21.44010511167744,6.296239802126262,21.0,0,-0.4401051116774397,21.44010511167744,20.5,21.5
2793.0,21.23114105017484,21.4371168696766,6.294910173638804,21.0,0,-0.4371168696766006,21.4371168696766,20.5,21.5
2794.0,21.228153803999533,21.434128959793725,6.29357955902092,21.0,0,-0.4341289597937248,21.434128959793725,20.5,21.5
2795.0,21.225166889150536,21.431141381764764,6.292247959285929,21.0,0,-0.431141381764764,21.431141381764764,20.5,21.5
2796.0,21.222180305364564,21.428154135325908,6.290915375447901,21.0,0,-0.42815413532590796,21.428154135325908,20.5,21.5
2797.0,21.21919405237858,21.425167220213627,6.28958180852166,21.0,0,-0.42516722021362696,21.425167220213627,20.5,21.5
2798.0,21.216208129929807,21.42218063616462,6.288247259522773,21.0,0,-0.42218063616461876,21.42218063616462,20.5,21.5
2799.0,21.213222537755726,21.419194382915855,6.286911729467557,21.0,0,-0.41919438291585465,21.419194382915855,20.5,21.5
2800.0,21.210237275594068,21.41620846020456,6.285575219373079,21.0,0,-0.4162084602045617,21.41620846020456,20.5,21.5
2801.0,21.207252343182823,21.413222867768216,6.284237730257146,21.0,0,-0.4132228677682157,21.413222867768216,20.5,21.5
2802.0,21.20426774026024,21.41023760534455,6.282899263138316,21.0,0,-0.41023760534454823,21.41023760534455,20.5,21.5
2803.0,21.201283466564814,21.407252672671554,6.2815598190358894,21.0,0,-0.40725267267155374,21.407252672671554,20.5,21.5
2804.0,21.198299521835306,21.404268069487465,6.280219398969911,21.0,0,-0.40426806948746474,21.404268069487465,20.5,21.5
2805.0,21.195315905810734,21.401283795530794,6.27887800396117,21.0,0,-0.4012837955307944,21.401283795530794,20.5,21.5
2806.0,21.192332618230363,21.398299850540305,6.277535635031196,21.0,0,-0.3982998505403046,21.398299850540305,20.5,21.5
2807.0,21.189349658833724,21.395316234255,6.276192293202261,21.0,0,-0.39531623425499873,21.395316234255,20.5,21.5
2808.0,21.186367027360596,21.392332946414154,6.2748479794973795,21.0,0,-0.39233294641415384,21.392332946414154,20.5,21.5
2809.0,21.183384723551022,21.3893499867573,6.273502694940304,21.0,0,-0.38934998675729915,21.3893499867573,20.5,21.5
2810.0,21.1804027471453,21.386367355024213,6.272156440555528,21.0,0,-0.3863673550242126,21.386367355024213,20.5,21.5
2811.0,21.177421097883983,21.383385050954935,6.270809217368282,21.0,0,-0.383385050954935,21.383385050954935,20.5,21.5
2812.0,21.174439775507878,21.380403074289767,6.269461026404536,21.0,0,-0.3804030742897666,21.380403074289767,20.5,21.5
2813.0,21.17145877975806,21.377421424769256,6.268111868690994,21.0,0,-0.3774214247692562,21.377421424769256,20.5,21.5
2814.0,21.168478110375844,21.37444010213422,6.266761745255101,21.0,0,-0.3744401021342192,21.37444010213422,20.5,21.5
2815.0,21.16549776710282,21.371459106125723,6.265410657125033,21.0,0,-0.3714591061257231,21.371459106125723,20.5,21.5
2816.0,21.162517749680823,21.36847843648509,6.264058605329702,21.0,0,-0.36847843648509127,21.36847843648509,20.5,21.5
2817.0,21.159538057851954,21.365498092953906,6.262705590898756,21.0,0,-0.36549809295390645,21.365498092953906,20.5,21.5
2818.0,21.156558691358562,21.36251807527401,6.261351614862573,21.0,0,-0.3625180752740107,21.36251807527401,20.5,21.5
2819.0,21.153579649943264,21.359538383187495,6.259996678252264,21.0,0,-0.35953838318749476,21.359538383187495,20.5,21.5
2820.0,21.150600933348926,21.356559016436716,6.258640782099675,21.0,0,-0.35655901643671584,21.356559016436716,20.5,21.5
2821.0,21.147622541318675,21.35357997476429,6.257283927437378,21.0,0,-0.3535799747642905,21.35357997476429,20.5,21.5
2822.0,21.1446444735959,21.35060125791308,6.255926115298676,21.0,0,-0.3506012579130804,21.35060125791308,20.5,21.5
2823.0,21.14166672992424,21.347622865626217,6.254567346717604,21.0,0,-0.34762286562621725,21.347622865626217,20.5,21.5
2824.0,21.1386893100476,21.344644797647085,6.2532076227289215,21.0,0,-0.344644797647085,21.344644797647085,20.5,21.5
2825.0,21.135712213710136,21.341667053719327,6.251846944368118,21.0,0,-0.34166705371932693,21.341667053719327,20.5,21.5
2826.0,21.132735440656266,21.338689633586846,6.25048531267141,21.0,0,-0.3386896335868457,21.338689633586846,20.5,21.5
2827.0,21.12975899063067,21.3357125369938,6.249122728675739,21.0,0,-0.33571253699379966,21.3357125369938,20.5,21.5
2828.0,21.126782863378278,21.332735763684603,6.247759193418773,21.0,0,-0.3327357636846031,21.332735763684603,20.5,21.5
2829.0,21.123807058644285,21.329759313403944,6.246394707938901,21.0,0,-0.3297593134039438,21.329759313403944,20.5,21.5
2830.0,21.120831576174144,21.326783185896744,6.2450292732752395,21.0,0,-0.32678318589674404,21.326783185896744,20.5,21.5
2831.0,21.117856415713565,21.323807380908203,6.2436628904676255,21.0,0,-0.32380738090820316,21.323807380908203,20.5,21.5
2832.0,21.114881577008514,21.320831898183776,6.24229556055662,21.0,0,-0.32083189818377633,21.320831898183776,20.5,21.5
2833.0,21.111907059805223,21.317856737469164,6.240927284583505,21.0,0,-0.3178567374691639,21.317856737469164,20.5,21.5
2834.0,21.10893286385018,21.31488189851034,6.23955806359028,21.0,0,-0.31488189851033965,21.31488189851034,20.5,21.5
2835.0,21.105958988890126,21.311907381053537,6.238187898619668,21.0,0,-0.3119073810535369,21.311907381053537,20.5,21.5
2836.0,21.10298543467207,21.308933184845237,6.236816790715109,21.0,0,-0.30893318484523746,21.308933184845237,20.5,21.5
2837.0,21.10001220094328,21.305959309632186,6.23544474092076,21.0,0,-0.3059593096321862,21.305959309632186,20.5,21.5
2838.0,21.097039287451274,21.302985755161394,6.2340717502814975,21.0,0,-0.30298575516139437,21.302985755161394,20.5,21.5
2839.0,21.09406669394384,21.30001252118013,6.2326978198429135,21.0,0,-0.300012521180129,21.30001252118013,20.5,21.5
2840.0,21.09109442016902,21.297039607435906,6.231322950651316,21.0,0,-0.29703960743590585,21.297039607435906,20.5,21.5
2841.0,21.088122465875117,21.294067013676518,6.229947143753729,21.0,0,-0.2940670136765178,21.294067013676518,20.5,21.5
2842.0,21.085150830810694,21.29109473965,6.228570400197886,21.0,0,-0.2910947396499992,21.29109473965,20.5,21.5
2843.0,21.082179514724572,21.288122785104658,6.227192721032241,21.0,0,-0.28812278510465816,21.288122785104658,20.5,21.5
2844.0,21.079208517365835,21.285151149789055,6.225814107305954,21.0,0,-0.28515114978905487,21.285151149789055,20.5,21.5
2845.0,21.076237838483824,21.282179833452016,6.224434560068899,21.0,0,-0.282179833452016,21.282179833452016,20.5,21.5
2846.0,21.07326747782814,21.27920883584262,6.2230540803716625,21.0,0,-0.2792088358426206,21.27920883584262,20.5,21.5
2847.0,21.07029743514865,21.276238156710214,6.22167266926554,21.0,0,-0.2762381567102139,21.276238156710214,20.5,21.5
2848.0,21.067327710195475,21.273267795804394,6.220290327802536,21.0,0,-0.27326779580439364,21.273267795804394,20.5,21.5
2849.0,21.064358302718997,21.270297752875027,6.218907057035362,21.0,0,-0.27029775287502744,21.270297752875027,20.5,21.5
2850.0,21.06138921246986,21.267328027672235,6.217522858017442,21.0,0,-0.2673280276722352,21.267328027672235,20.5,21.5
2851.0,21.05842043919897,21.2643586199464,6.216137731802901,21.0,0,-0.26435861994639964,21.2643586199464,20.5,21.5
2852.0,21.05545198265749,21.26138952944817,6.214751679446573,21.0,0,-0.26138952944817007,21.26138952944817,20.5,21.5
2853.0,21.05248384259685,21.258420755928444,6.213364702003999,21.0,0,-0.2584207559284444,21.258420755928444,20.5,21.5
2854.0,21.04951601876873,21.25545229913839,6.211976800531422,21.0,0,-0.2554522991383905,21.25545229913839,20.5,21.5
2855.0,21.046548510925085,21.252484158829436,6.210587976085789,21.0,0,-0.25248415882943576,21.252484158829436,20.5,21.5
2856.0,21.043581318818116,21.249516334753263,6.20919822972475,21.0,0,-0.24951633475326318,21.249516334753263,20.5,21.5
2857.0,21.040614442200297,21.246548826661826,6.207807562506657,21.0,0,-0.24654882666182587,21.246548826661826,20.5,21.5
2858.0,21.03764788082436,21.243581634307326,6.2064159754905655,21.0,0,-0.2435816343073256,21.243581634307326,20.5,21.5
2859.0,21.03468163444329,21.240614757442238,6.2050234697362265,21.0,0,-0.2406147574422377,21.240614757442238,20.5,21.5
2860.0,21.03171570281035,21.237648195819293,6.203630046304096,21.0,0,-0.2376481958192933,21.237648195819293,20.5,21.5
2861.0,21.028750085679047,21.23468194919148,6.202235706255328,21.0,0,-0.23468194919147933,21.23468194919148,20.5,21.5
2862.0,21.02578478280316,21.231716017312053,6.200840450651768,21.0,0,-0.2317160173120527,21.231716017312053,20.5,21.5
2863.0,21.02281979393673,21.228750399934526,6.199444280555968,21.0,0,-0.22875039993452617,21.228750399934526,20.5,21.5
2864.0,21.019855118834055,21.22578509681268,6.198047197031172,21.0,0,-0.2257850968126789,21.22578509681268,20.5,21.5
2865.0,21.016890757249694,21.22282010770055,6.196649201141318,21.0,0,-0.22282010770054939,21.22282010770055,20.5,21.5
2866.0,21.013926708938474,21.219855432352432,6.195250293951043,21.0,0,-0.219855432352432,21.219855432352432,20.5,21.5
2867.0,21.010962973655477,21.216891070522898,6.193850476525673,21.0,0,-0.21689107052289813,21.216891070522898,20.5,21.5
2868.0,21.00799955115605,21.21392702196676,6.192449749931232,21.0,0,-0.21392702196676083,21.21392702196676,20.5,21.5
2869.0,21.005036441195806,21.210963286439107,6.191048115234433,21.0,0,-0.21096328643910667,21.210963286439107,20.5,21.5
2870.0,21.002073643530615,21.20799986369529,6.189645573502682,21.0,0,-0.20799986369528867,21.20799986369529,20.5,21.5
2871.0,20.99911115791661,21.205036753490916,6.188242125804077,21.0,0,-0.20503675349091566,21.205036753490916,20.5,21.5
2872.0,20.996148984110185,21.20207395558186,6.186837773207403,21.0,0,-0.20207395558185937,21.20207395558186,20.5,21.5
2873.0,20.993187121868004,21.19911146972425,6.185432516782136,21.0,0,-0.19911146972425087,21.19911146972425,20.5,21.5
2874.0,20.990225570946986,21.196149295674484,6.184026357598439,21.0,0,-0.19614929567448414,21.196149295674484,20.5,21.5
2875.0,20.987264331104317,21.193187433189227,6.1826192967271645,21.0,0,-0.1931874331892267,21.193187433189227,20.5,21.5
2876.0,20.984303402097442,21.190225882025395,6.18121133523985,21.0,0,-0.1902258820253948,21.190225882025395,20.5,21.5
2877.0,20.98134278368407,21.18726464194017,6.179802474208722,21.0,0,-0.18726464194017112,21.18726464194017,20.5,21.5
2878.0,20.978382475622176,21.184303712691005,6.178392714706685,21.0,0,-0.18430371269100476,21.184303712691005,20.5,21.5
2879.0,20.975422477669994,21.181343094035604,6.176982057807334,21.0,0,-0.18134309403560422,21.181343094035604,20.5,21.5
2880.0,20.97246278958602,21.178382785731948,6.175570504584947,21.0,0,-0.178382785731948,21.178382785731948,20.5,21.5
2881.0,20.969503411129022,21.175422787538263,6.174158056114481,21.0,0,-0.17542278753826324,21.175422787538263,20.5,21.5
2882.0,20.966544342058018,21.172463099213054,6.1727447134715785,21.0,0,-0.17246309921305425,21.172463099213054,20.5,21.5
2883.0,20.9635855821323,21.169503720515078,6.171330477732562,21.0,0,-0.16950372051507756,21.169503720515078,20.5,21.5
2884.0,20.96062713111142,21.16654465120336,6.169915349974431,21.0,0,-0.1665446512033597,21.16654465120336,20.5,21.5
2885.0,20.95766898875519,21.163585891037194,6.168499331274869,21.0,0,-0.16358589103719368,21.163585891037194,20.5,21.5
2886.0,20.954711154823695,21.16062743977613,6.167082422712235,21.0,0,-0.16062743977612826,21.16062743977613,20.5,21.5
2887.0,20.951753629077274,21.157669297179982,6.165664625365567,21.0,0,-0.15766929717998224,21.157669297179982,20.5,21.5
2888.0,20.948796411276533,21.15471146300883,6.164245940314579,21.0,0,-0.1547114630088302,21.15471146300883,20.5,21.5
2889.0,20.94583950118234,21.15175393702301,6.162826368639662,21.0,0,-0.15175393702300966,21.15175393702301,20.5,21.5
2890.0,20.942882898555833,21.14879671898314,6.1614059114218795,21.0,0,-0.14879671898313873,21.14879671898314,20.5,21.5
2891.0,20.939926603158405,21.145839808650077,6.159984569742974,21.0,0,-0.14583980865007717,21.145839808650077,20.5,21.5
2892.0,20.936970614751722,21.142883205784965,6.1585623446853575,21.0,0,-0.14288320578496538,21.142883205784965,20.5,21.5
2893.0,20.93401493309771,21.139926910149203,6.157139237332117,21.0,0,-0.1399269101492031,21.139926910149203,20.5,21.5
2894.0,20.93105955795856,21.136970921504446,6.155715248767011,21.0,0,-0.1369709215044459,21.136970921504446,20.5,21.5
2895.0,20.92810448909672,21.134015239612626,6.1542903800744675,21.0,0,-0.1340152396126264,21.134015239612626,20.5,21.5
2896.0,20.925149726274917,21.13105986423593,6.152864632339586,21.0,0,-0.13105986423592952,21.13105986423593,20.5,21.5
2897.0,20.92219526925613,21.12810479513681,6.151438006648138,21.0,0,-0.12810479513681017,21.12810479513681,20.5,21.5
2898.0,20.919241117803608,21.12515003207799,6.1500105040865565,21.0,0,-0.1251500320779897,21.12515003207799,20.5,21.5
2899.0,20.916287271680865,21.12219557482245,6.148582125741951,21.0,0,-0.1221955748224488,21.12219557482245,20.5,21.5
2900.0,20.913333730651676,21.119241423133438,6.147152872702093,21.0,0,-0.11924142313343822,21.119241423133438,20.5,21.5
2901.0,20.910380494480087,21.116287576774475,6.1457227460554185,21.0,0,-0.1162875767744751,21.116287576774475,20.5,21.5
2902.0,20.9074275629304,21.11333403550933,6.1442917468910325,21.0,0,-0.11333403550932886,21.11333403550933,20.5,21.5
2903.0,20.904474935767194,21.110380799102042,6.1428598762987034,21.0,0,-0.11038079910204246,21.110380799102042,20.5,21.5
2904.0,20.9015226127553,21.107427867316932,6.141427135368863,21.0,0,-0.10742786731693243,21.107427867316932,20.5,21.5
2905.0,20.898570593659823,21.10447523991856,6.139993525192606,21.0,0,-0.10447523991856045,21.10447523991856,20.5,21.5
2906.0,20.89561887824613,21.10152291667177,6.138559046861689,21.0,0,-0.10152291667176883,21.10152291667177,20.5,21.5
2907.0,20.892667466279853,21.09857089734166,6.1371237014685285,21.0,0,-0.09857089734165925,21.09857089734166,20.5,21.5
2908.0,20.88971635752689,21.0956191816936,6.135687490106202,21.0,0,-0.09561918169359984,21.0956191816936,20.5,21.5
2909.0,20.886765551753406,21.092667769493218,6.1342504138684495,21.0,0,-0.09266776949321809,21.092667769493218,20.5,21.5
2910.0,20.88381504872583,21.08971666050642,6.1328124738496665,21.0,0,-0.08971666050641858,21.08971666050642,20.5,21.5
2911.0,20.880864848210855,21.08676585449936,6.131373671144904,21.0,0,-0.0867658544993617,21.08676585449936,20.5,21.5
2912.0,20.87791494997544,21.083815351238478,6.129934006849876,21.0,0,-0.08381535123847783,21.083815351238478,20.5,21.5
2913.0,20.874965353786816,21.08086515049046,6.128493482060948,21.0,0,-0.08086515049046028,21.08086515049046,20.5,21.5
2914.0,20.87201605941247,21.077915252022276,6.1270520978751435,21.0,0,-0.0779152520222759,21.077915252022276,20.5,21.5
2915.0,20.86906706662016,21.074965655601144,6.125609855390136,21.0,0,-0.07496565560114377,21.074965655601144,20.5,21.5
2916.0,20.866118375177916,21.072016360994557,6.124166755704262,21.0,0,-0.07201636099455655,21.072016360994557,20.5,21.5
2917.0,20.86316998485402,21.06906736797027,6.122722799916499,21.0,0,-0.0690673679702698,21.06906736797027,20.5,21.5
2918.0,20.860221895417034,21.066118676296316,6.121277989126483,21.0,0,-0.06611867629631618,21.066118676296316,20.5,21.5
2919.0,20.857274106635774,21.063170285740977,6.119832324434503,21.0,0,-0.06317028574097705,21.063170285740977,20.5,21.5
2920.0,20.854326618279334,21.06022219607281,6.118385806941494,21.0,0,-0.060222196072810874,21.06022219607281,20.5,21.5
2921.0,20.851379430117067,21.05727440706064,6.116938437749042,21.0,0,-0.05727440706063902,21.05727440706064,20.5,21.5
2922.0,20.848432541918594,21.054326918473556,6.115490217959381,21.0,0,-0.05432691847355642,21.054326918473556,20.5,21.5
2923.0,20.845485953453803,21.05137973008091,6.114041148675394,21.0,0,-0.051379730080910235,21.05137973008091,20.5,21.5
2924.0,20.842539664492847,21.048432841652325,6.112591231000609,21.0,0,-0.048432841652324754,21.048432841652325,20.5,21.5
2925.0,20.83959367480615,21.045486252957687,6.111140466039204,21.0,0,-0.04548625295768716,21.045486252957687,20.5,21.5
2926.0,20.836647984164397,21.042539963767155,6.109688854895999,21.0,0,-0.04253996376715463,21.042539963767155,20.5,21.5
2927.0,20.833702592338543,21.039593973851147,6.108236398676458,21.0,0,-0.03959397385114727,21.039593973851147,20.5,21.5
2928.0,20.83075749909981,21.036648282980345,6.106783098486688,21.0,0,-0.036648282980344504,21.036648282980345,20.5,21.5
2929.0,20.82781270421969,21.033702890925714,6.105328955433444,21.0,0,-0.03370289092571355,21.033702890925714,20.5,21.5
2930.0,20.82486820746993,21.030757797458467,6.103873970624116,21.0,0,-0.03075779745846674,21.030757797458467,20.5,21.5
2931.0,20.82192400862256,21.027813002350097,6.10241814516674,21.0,0,-0.027813002350097094,21.027813002350097,20.5,21.5
2932.0,20.818980107449867,21.02486850537236,6.100961480169992,21.0,0,-0.024868505372360517,21.02486850537236,20.5,21.5
2933.0,20.816036503724412,21.021924306297283,6.099503976743182,21.0,0,-0.021924306297282925,21.021924306297283,20.5,21.5
2934.0,20.813093197219015,21.01898040489715,6.098045635996264,21.0,0,-0.018980404897149583,21.01898040489715,20.5,21.5
2935.0,20.81015018770677,21.016036800944516,6.096586459039828,21.0,0,-0.01603680094451576,21.016036800944516,20.5,21.5
2936.0,20.80720747496104,21.01309349421221,6.0951264469851,21.0,0,-0.013093494212210288,21.01309349421221,20.5,21.5
2937.0,20.804265058755444,21.010150484473325,6.093665600943944,21.0,0,-0.010150484473324894,21.010150484473325,20.5,21.5
2938.0,20.801322938863883,21.00720777150122,6.092203922028858,21.0,0,-0.007207771501221316,21.00720777150122,20.5,21.5
2939.0,20.798381115060515,21.00426535506952,6.0907414113529725,21.0,0,-0.004265355069520638,21.00426535506952,20.5,21.5
2940.0,20.795439587119773,21.00132323495212,6.089278070030055,21.0,0,-0.0013232349521210551,21.00132323495212,20.5,21.5
2941.0,20.792498354816356,20.998381410923184,6.0878138991745,21.0,0,0.0016185890768163347,20.998381410923184,20.5,21.5
2942.0,20.789557417925227,20.995439882757143,6.086348899901341,21.0,0,0.004560117242856876,20.995439882757143,20.5,21.5
2943.0,20.78661677622162,20.99249865022869,6.084883073326238,21.0,0,0.007501349771310117,20.99249865022869,20.5,21.5
2944.0,20.78367642948104,20.989557713112795,6.08341642056548,21.0,0,0.010442286887204943,20.989557713112795,20.5,21.5
2945.0,20.780736377479258,20.986617071184693,6.081948942735988,21.0,0,0.013382928815307338,20.986617071184693,20.5,21.5
2946.0,20.77779661999231,20.983676724219883,6.08048064095531,21.0,0,0.01632327578011683,20.983676724219883,20.5,21.5
2947.0,20.7748571567965,20.98073667199414,6.079011516341621,21.0,0,0.019263328005859393,20.98073667199414,20.5,21.5
2948.0,20.77191798766841,20.977796914283495,6.077541570013725,21.0,0,0.0222030857165052,20.977796914283495,20.5,21.5
2949.0,20.76897911238488,20.974857450864263,6.076070803091051,21.0,0,0.025142549135736658,20.974857450864263,20.5,21.5
2950.0,20.76604053072302,20.971918281513016,6.074599216693648,21.0,0,0.02808171848698393,20.971918281513016,20.5,21.5
2951.0,20.763102242460217,20.968979406006596,6.0731268119421955,21.0,0,0.031020593993403622,20.968979406006596,20.5,21.5
2952.0,20.760164247374114,20.966040824122118,6.071653589957993,21.0,0,0.03395917587788233,20.966040824122118,20.5,21.5
2953.0,20.75722654524263,20.963102535636963,6.070179551862965,21.0,0,0.03689746436303665,20.963102535636963,20.5,21.5
2954.0,20.754289135843955,20.960164540328776,6.068704698779653,21.0,0,0.039835459671223816,20.960164540328776,20.5,21.5
2955.0,20.751352018956542,20.95722683797548,6.067229031831223,21.0,0,0.04277316202452042,20.95722683797548,20.5,21.5
2956.0,20.748415194359115,20.95428942835526,6.06575255214146,21.0,0,0.04571057164474013,20.95428942835526,20.5,21.5
2957.0,20.74547866183067,20.95135231124657,6.0642752608347665,21.0,0,0.048647688753430174,20.95135231124657,20.5,21.5
2958.0,20.74254242115047,20.94841548642814,6.062797159036165,21.0,0,0.05158451357186067,20.94841548642814,20.5,21.5
2959.0,20.73960647209805,20.945478953678958,6.061318247871295,21.0,0,0.05452104632104238,20.945478953678958,20.5,21.5
2960.0,20.736670814453205,20.94254271277829,6.059838528466411,21.0,0,0.05745728722170895,20.94254271277829,20.5,21.5
2961.0,20.733735447996008,20.93960676350567,6.058358001948381,21.0,0,0.06039323649433115,20.93960676350567,20.5,21.5
2962.0,20.7308003725068,20.93667110564089,6.056876669444694,21.0,0,0.06332889435910971,20.93667110564089,20.5,21.5
2963.0,20.727865587766185,20.93373573896403,6.055394532083449,21.0,0,0.06626426103596827,20.93373573896403,20.5,21.5
2964.0,20.72493109355505,20.930800663255432,6.053911590993355,21.0,0,0.06919933674456757,20.930800663255432,20.5,21.5
2965.0,20.721996889654537,20.927865878295698,6.05242784730374,21.0,0,0.07213412170430189,20.927865878295698,20.5,21.5
2966.0,20.719062975846068,20.924931383865708,6.050943302144536,21.0,0,0.07506861613429194,20.924931383865708,20.5,21.5
2967.0,20.716129351911327,20.921997179746615,6.04945795664629,21.0,0,0.0780028202533849,20.921997179746615,20.5,21.5
2968.0,20.713196017632274,20.91906326571983,6.047971811940158,21.0,0,0.08093673428016857,20.91906326571983,20.5,21.5
2969.0,20.710262972791135,20.916129641567046,6.046484869157903,21.0,0,0.08387035843295365,20.916129641567046,20.5,21.5
2970.0,20.70733021717041,20.913196307070223,6.044997129431897,21.0,0,0.0868036929297773,20.913196307070223,20.5,21.5
2971.0,20.70439775055286,20.91026326201158,6.043508593895119,21.0,0,0.08973673798842086,20.91026326201158,20.5,21.5
2972.0,20.701465572721528,20.90733050617362,6.042019263681153,21.0,0,0.09266949382638145,20.90733050617362,20.5,21.5
2973.0,20.69853368345972,20.904398039339107,6.040529139924188,21.0,0,0.09560196066089333,20.904398039339107,20.5,21.5
2974.0,20.695602082551012,20.901465861291083,6.039038223759018,21.0,0,0.09853413870891714,20.901465861291083,20.5,21.5
2975.0,20.692670769779255,20.898533971812853,6.037546516321043,21.0,0,0.10146602818714712,20.898533971812853,20.5,21.5
2976.0,20.689739744928563,20.895602370687993,6.0360540187462615,21.0,0,0.10439762931200747,20.895602370687993,20.5,21.5
2977.0,20.686809007783328,20.89267105770035,6.034560732171273,21.0,0,0.10732894229964884,20.89267105770035,20.5,21.5
2978.0,20.683878558128207,20.889740032634048,6.033066657733284,21.0,0,0.1102599673659519,20.889740032634048,20.5,21.5
2979.0,20.68094839574813,20.886809295273473,6.031571796570095,21.0,0,0.11319070472652726,20.886809295273473,20.5,21.5
2980.0,20.678018520428292,20.883878845403277,6.030076149820108,21.0,0,0.11612115459672268,20.883878845403277,20.5,21.5
2981.0,20.67508893195417,20.8809486828084,6.028579718622324,21.0,0,0.11905131719160167,20.8809486828084,20.5,21.5
2982.0,20.672159630111505,20.878018807274035,6.027082504116341,21.0,0,0.12198119272596486,20.878018807274035,20.5,21.5
2983.0,20.669230614686306,20.875089218585654,6.025584507442351,21.0,0,0.12491078141434642,20.875089218585654,20.5,21.5
2984.0,20.666301885464858,20.872159916529,6.024085729741143,21.0,0,0.12784008347099984,20.872159916529,20.5,21.5
2985.0,20.663373442233713,20.869230900890084,6.022586172154105,21.0,0,0.13076909910991574,20.869230900890084,20.5,21.5
2986.0,20.660445284779698,20.866302171455192,6.021085835823212,21.0,0,0.1336978285448076,20.866302171455192,20.5,21.5
2987.0,20.657517412889906,20.863373728010874,6.019584721891037,21.0,0,0.13662627198912602,20.863373728010874,20.5,21.5
2988.0,20.654589826351707,20.860445570343956,6.018082831500743,21.0,0,0.13955442965604448,20.860445570343956,20.5,21.5
2989.0,20.651662524952737,20.85751769824153,6.016580165796086,21.0,0,0.14248230175847,20.85751769824153,20.5,21.5
2990.0,20.648735508480907,20.85459011149097,6.015076725921408,21.0,0,0.14540988850902892,20.85459011149097,20.5,21.5
2991.0,20.645808776724394,20.851662809879908,6.013572513021648,21.0,0,0.14833719012009183,20.851662809879908,20.5,21.5
2992.0,20.642882329471654,20.84873579319626,6.012067528242327,21.0,0,0.15126420680374153,20.84873579319626,20.5,21.5
2993.0,20.639956166511407,20.8458090612282,6.0105617727295595,21.0,0,0.15419093877180146,20.8458090612282,20.5,21.5
2994.0,20.63703028763265,20.842882613764182,6.009055247630039,21.0,0,0.15711738623581795,20.842882613764182,20.5,21.5
2995.0,20.63410469262465,20.83995645059293,6.007547954091053,21.0,0,0.16004354940707088,20.83995645059293,20.5,21.5
2996.0,20.631179381276944,20.837030571503437,6.00603989326047,21.0,0,0.16296942849656304,20.837030571503437,20.5,21.5
2997.0,20.62825435337934,20.834104976284973,6.004531066286745,21.0,0,0.16589502371502718,20.834104976284973,20.5,21.5
2998.0,20.625329608721923,20.83117966472708,6.003021474318915,21.0,0,0.16882033527291895,20.83117966472708,20.5,21.5
2999.0,20.622405147095044,20.828254636619555,6.0015111185066,21.0,0,0.17174536338044533,20.828254636619555,20.5,21.5
